관할서,연도,crm_wthr_눈,crm_wthr_만월,crm_wthr_맑음,crm_wthr_미상,crm_wthr_비,crm_wthr_암흑,crm_wthr_흐림,crm_clue_고발,crm_clue_고소,crm_clue_기타,crm_clue_변사체,crm_clue_불심검문,crm_clue_여죄,crm_clue_자수,crm_clue_진정,crm_clue_타인신고,crm_clue_탐문정보,crm_clue_피해자신고,crm_clue_현행범,vic_sx_1,vic_sx_2,vic_sx_3,vic_age_0_12세,vic_age_10대,vic_age_2_30대,vic_age_4_50대,vic_age_60세초과,vic_age_미상,crm_tm_미상,crm_tm_새벽,crm_tm_오전,crm_tm_오후,crm_tm_저녁,강도살인_발생수,강도살인_검거수,강도살인_검거율,화재건수,화재_사망,화재_부상,화재_인명피해_계,화재_부동산피해_천원,화재_동산피해_천원,화재_재산피해_천원,화재_재산피해_건당천원,cctv_개수,공원_개수,배치인원_수,보안등_개수,비상벨_개수,유흥업소_개수,일인가구수,자살건수,자살_사망률_10만명당,자살_연령표준화사망률_10만명당,총_인구수,기초수급_19세이하,기초수급_20_34세,기초수급_35_59세,기초수급_60세이상,기초수급_총합,외국인수,score_강살
경기수원남부경찰서,2017,0,0,7,5,1,0,0,0,0,1,0,0,1,0,0,2,1,6,2,4,8,1,0,1,5,3,3,1,0,5,0,2,6,13,14,1.077,118.0,2,24.0,26.0,1084718.0,756962.0,1841679.0,21376.0,4719,148,395,3671,5.0,223,52811.0,23,13.5,12.2,498926,39101,9131,40639,50273,139144,15295,79.2
경기수원서부경찰서,2017,0,0,3,4,1,1,1,0,0,1,0,0,0,0,0,0,1,4,4,8,2,0,0,0,5,1,4,0,0,3,0,4,3,13,15,1.1540000000000001,159.0,1,7.0,8.0,581020.0,618198.0,1199217.0,10096.0,2919,102,258,3961,1.0,79,28612.0,44,16.2,14.9,290873,39101,9131,40639,50273,139144,24040,70.80000000000003
경기수원중부경찰서,2017,0,0,10,2,0,0,0,0,0,0,1,0,0,0,0,1,1,5,4,5,6,1,2,1,3,3,2,1,0,4,0,4,4,17,30,1.765,124.0,0,10.0,10.0,458268.0,811849.0,1270116.0,13711.0,4447,96,333,6736,8.0,157,41116.0,20,13.7,12.2,412829,39101,9131,40639,50273,139144,18967,74.1
경남마산동부경찰서,2017,0,0,4,2,0,1,0,0,0,0,0,0,0,0,0,0,0,4,3,3,3,1,0,0,3,2,1,1,0,2,0,2,3,10,15,1.5,95.0,2,2.0,4.0,184825.0,119858.0,304683.0,3207.0,1218,65,185,5647,11.0,337,20165.0,7,6.9,7.1,202864,54889,11055,56994,66509,189447,4184,75.25
경남마산중부경찰서,2017,0,0,5,3,0,1,0,0,0,0,0,0,0,0,0,2,1,5,1,3,6,0,0,1,0,6,2,0,1,3,2,1,2,9,9,1.0,114.0,0,1.0,1.0,542237.0,605513.0,1147750.0,10068.0,913,55,142,6843,12.0,487,21519.0,13,14.4,11.6,202864,54889,11055,56994,66509,189447,3268,80.75
경남진주경찰서,2017,0,0,6,7,0,0,0,0,0,0,1,0,0,0,0,2,0,8,2,8,5,0,0,0,1,6,6,0,0,2,2,6,3,8,7,0.875,264.0,0,8.0,8.0,805014.0,980462.0,1785476.0,6763.0,2709,127,289,6153,18.0,370,41623.0,22,12.6,8.6,353209,27844,6520,29128,28780,92272,7875,81.5
경남진해경찰서,2017,0,0,0,2,0,0,0,0,0,1,0,0,0,0,0,0,0,1,0,1,1,0,0,0,2,0,0,0,1,0,0,1,0,12,12,1.0,100.0,0,1.0,1.0,112921.0,138531.0,251452.0,2515.0,1142,106,137,3218,39.0,304,19022.0,10,10.9,10.6,186658,54889,11055,56994,66509,189447,5558,79.45
경남창원서부경찰서,2017,0,0,3,6,0,1,0,0,0,0,0,0,0,0,0,3,1,3,3,6,4,0,0,3,1,5,1,0,1,2,1,0,6,11,13,1.182,191.0,1,2.0,3.0,746756.0,2847490.0,3594246.0,18818.0,1050,140,155,6078,9.0,332,20665.0,18,14.6,13.6,185322,54889,11055,56994,66509,189447,4264,79.35
경남창원중부경찰서,2017,0,0,3,3,0,0,0,0,0,1,0,0,0,0,0,1,0,2,2,0,6,0,0,0,1,5,0,0,0,2,1,2,1,7,8,1.143,111.0,3,11.0,14.0,227870.0,287653.0,515523.0,4644.0,1429,136,201,2895,21.0,566,26038.0,15,13.4,13.9,295969,54889,11055,56994,66509,189447,8214,77.85
서울강남경찰서,2017,1,0,12,4,1,1,0,0,3,2,1,1,1,0,0,1,0,4,6,11,8,0,0,0,11,7,1,0,0,4,4,6,5,7,4,0.5710000000000001,502.0,0,11.0,11.0,771016.0,794242.0,1565258.0,3118.0,3095,24,421,5031,585.0,297,44473.0,35,12.2,10.9,325815,17789,8699,25298,33903,85689,6723,80.45
서울강동경찰서,2017,0,0,10,4,0,0,1,0,1,0,0,0,0,0,0,1,0,2,11,11,4,0,0,0,6,9,0,0,1,3,3,4,4,3,4,1.3330000000000002,269.0,0,12.0,12.0,188487.0,230106.0,418593.0,1556.0,2619,72,393,7505,1.0,213,41050.0,24,11.0,9.7,423978,19558,5976,23078,25727,74339,8196,81.0
서울강북경찰서,2017,0,0,7,3,0,0,1,0,1,0,0,0,0,0,0,1,0,4,5,7,3,1,0,0,3,7,0,1,1,3,2,3,2,7,8,1.143,186.0,0,6.0,6.0,134341.0,204805.0,339146.0,1823.0,2299,41,347,8430,21.0,184,39082.0,21,12.9,10.0,313698,29508,9281,35737,43051,117577,6487,73.65
서울강서경찰서,2017,1,0,9,2,1,1,0,0,0,0,0,0,0,0,0,2,1,4,7,9,5,0,0,0,2,8,4,0,1,4,2,3,4,9,10,1.111,364.0,3,22.0,25.0,342521.0,364350.0,706871.0,1942.0,2377,139,500,8573,735.0,289,68237.0,40,13.2,11.8,581675,31758,14649,51392,65237,163036,12532,76.05
서울관악경찰서,2017,0,0,10,2,0,0,0,0,0,2,0,0,0,0,0,0,2,4,4,6,5,1,0,0,4,6,1,1,1,4,2,2,3,18,15,0.833,286.0,3,20.0,23.0,320771.0,333919.0,654690.0,2289.0,4825,78,493,11882,814.0,272,106865.0,28,11.4,10.0,511222,21840,9395,31669,38508,101412,29335,75.85
서울광진경찰서,2017,0,0,11,2,0,1,0,0,2,0,0,0,1,0,0,1,0,7,3,8,6,0,0,1,7,4,2,0,0,3,3,3,5,7,9,1.286,200.0,1,6.0,7.0,230322.0,203420.0,433742.0,2169.0,6459,34,380,9132,1329.0,93,54866.0,17,9.4,9.5,363934,18260,4472,17579,18554,58865,21216,75.7
서울구로경찰서,2017,0,0,8,5,0,1,0,0,1,1,1,0,0,1,0,2,0,5,3,8,6,0,0,2,3,9,0,0,0,6,1,4,3,13,13,1.0,260.0,1,5.0,6.0,112488.0,348080.0,460568.0,1771.0,3659,45,395,7816,605.0,107,42984.0,20,9.7,9.0,436869,16732,4593,17586,25170,64081,49996,77.0
서울금천경찰서,2017,0,0,5,4,0,0,0,0,0,0,0,0,1,0,0,1,0,2,5,3,6,0,1,2,0,4,2,0,2,3,0,0,4,12,11,0.917,174.0,2,7.0,9.0,163006.0,442543.0,605549.0,3480.0,4226,50,274,6260,465.0,118,32928.0,17,14.9,11.9,249930,18041,5505,22825,27046,73417,30317,72.65
서울남대문경찰서,2017,0,0,3,2,0,0,0,0,1,0,0,0,0,0,0,0,0,2,2,5,0,0,0,0,1,3,1,0,0,1,1,3,0,5,8,1.6,198.0,5,14.0,19.0,199688.0,285704.0,485392.0,2451.0,725,16,186,1137,153.0,88,3454.0,7,11.5,6.4,77492,5355,1318,9075,14915,30663,1948,77.5
서울노원경찰서,2017,0,0,5,5,1,1,0,0,1,0,1,0,0,0,0,2,0,2,6,10,2,0,0,1,4,3,4,0,1,5,3,1,2,2,2,1.0,279.0,3,18.0,21.0,284890.0,281931.0,566821.0,2032.0,1998,167,415,4078,61.0,63,49265.0,40,14.0,11.4,543499,38389,18533,60426,71656,189004,6539,79.9
서울도봉경찰서,2017,0,0,5,0,0,0,0,0,0,0,2,0,0,0,0,2,0,1,0,3,2,0,0,0,1,2,2,0,0,0,1,1,3,3,3,1.0,192.0,2,6.0,8.0,76077.0,212759.0,288836.0,1504.0,10,71,273,6337,622.0,68,29469.0,29,16.7,11.6,332586,26072,6713,23774,26428,82987,4145,77.1
서울동대문경찰서,2017,0,0,9,3,0,0,0,0,0,0,0,0,0,0,0,4,1,3,4,5,7,0,0,2,3,3,4,0,1,4,3,2,2,1,1,1.0,200.0,1,2.0,3.0,475285.0,647169.0,1122454.0,5612.0,26,14,429,10730,2.0,150,54030.0,9,5.2,4.1,357380,19631,5890,25660,38161,89342,20374,79.30000000000003
서울동작경찰서,2017,0,0,5,2,0,0,0,0,0,0,0,0,0,0,0,2,1,2,2,5,2,0,0,0,4,2,1,0,1,2,0,0,4,10,11,1.1,222.0,3,10.0,13.0,128070.0,149074.0,277144.0,1248.0,2033,53,353,8848,732.0,83,54355.0,24,11.9,9.1,400236,14196,4680,17033,24105,60014,18592,80.35
서울마포경찰서,2017,0,0,8,4,0,1,0,0,1,0,0,0,0,0,0,1,1,5,5,7,6,0,1,1,7,3,1,0,0,5,2,2,4,4,5,1.25,235.0,1,7.0,8.0,1051681.0,307348.0,1359029.0,5783.0,2317,82,458,7628,617.0,121,54162.0,29,15.0,12.9,368841,11417,5092,17224,23663,57396,13842,77.45
서울방배경찰서,2017,0,0,3,1,0,0,0,0,0,0,0,0,0,0,0,0,0,3,1,2,2,0,0,0,0,4,0,0,0,3,1,0,0,5,4,0.8,242.0,2,13.0,15.0,284206.0,411461.0,695667.0,2875.0,2691,25,141,3231,1.0,24,10671.0,24,10.6,9.8,151407,9682,3940,10763,13078,37463,2364,82.75
서울서대문경찰서,2017,0,0,4,1,0,0,0,0,0,0,0,0,0,0,0,1,0,1,3,3,2,0,1,0,3,0,1,0,1,2,0,1,1,6,8,1.3330000000000002,232.0,1,15.0,16.0,181371.0,216202.0,397573.0,1714.0,2938,58,322,6938,330.0,75,43418.0,15,9.5,7.8,321345,15922,4130,15037,21841,56930,14763,79.8
서울서부경찰서,2017,0,0,5,0,0,0,1,0,0,0,1,0,0,0,0,1,0,0,4,1,5,0,0,0,0,2,4,0,1,0,3,1,1,13,13,1.0,159.0,0,3.0,3.0,100299.0,117901.0,218200.0,1372.0,1870,46,221,3546,178.0,96,21096.0,36,14.6,13.4,187131,35570,9856,33199,43112,121737,3345,77.44999999999997
서울서초경찰서,2017,0,0,6,7,0,0,0,0,2,0,1,0,0,0,0,0,2,2,6,9,4,0,1,2,5,5,0,0,4,1,3,4,1,5,5,1.0,242.0,2,13.0,15.0,284206.0,411461.0,695667.0,2875.0,4237,88,339,4405,0.0,115,29403.0,24,10.6,9.8,289695,9682,3940,10763,13078,37463,5621,84.25
서울성동경찰서,2017,0,0,3,0,0,0,0,0,0,0,0,0,0,0,0,1,0,1,1,2,1,0,0,1,1,1,0,0,0,1,1,0,1,19,22,1.158,197.0,1,11.0,12.0,228269.0,393055.0,621324.0,3154.0,3241,54,320,6228,641.0,62,39067.0,17,11.3,8.5,302367,12936,4150,16981,20999,55066,12604,77.35
서울성북경찰서,2017,0,0,7,1,0,0,0,0,0,0,0,0,0,0,0,0,1,5,2,2,6,0,0,1,2,4,1,0,1,2,1,2,2,9,16,1.778,183.0,1,8.0,9.0,182471.0,218169.0,400640.0,2189.0,2015,29,252,7048,418.0,36,33466.0,27,12.0,10.9,257352,25191,7588,27582,36260,96621,9006,80.35
서울송파경찰서,2017,0,0,8,2,0,0,0,0,3,1,1,0,0,0,0,0,0,2,3,5,5,0,1,0,2,4,3,0,1,1,3,3,2,5,5,1.0,318.0,3,13.0,16.0,250145.0,389082.0,639227.0,2010.0,2096,140,538,8817,815.0,241,58848.0,49,14.6,13.9,633953,22691,6369,20709,23297,73066,12233,79.9
서울수서경찰서,2017,0,0,6,2,0,0,0,0,2,0,0,0,0,0,0,0,1,3,2,2,6,0,0,1,5,2,0,0,1,1,0,3,3,15,18,1.2,502.0,0,11.0,11.0,771016.0,794242.0,1565258.0,3118.0,3124,70,312,3031,667.0,115,20264.0,35,12.2,10.9,230349,17789,8699,25298,33903,85689,2622,82.0
서울양천경찰서,2017,1,0,3,1,0,0,0,0,0,1,0,0,1,0,0,0,0,0,3,3,2,0,0,0,1,4,0,0,0,1,3,0,1,8,10,1.25,244.0,0,7.0,7.0,110271.0,190360.0,300631.0,1232.0,2921,95,376,7113,612.0,72,33088.0,19,8.0,8.4,452111,24995,5904,22585,27458,80942,8152,80.1
서울영등포경찰서,2017,0,0,12,3,1,0,0,0,1,1,0,0,0,0,0,2,0,6,6,9,7,0,0,1,4,10,1,0,2,6,1,1,6,19,19,1.0,239.0,1,16.0,17.0,300321.0,793273.0,1093594.0,4576.0,3775,44,513,7951,850.0,342,51151.0,19,10.5,8.8,393560,11186,3242,18072,26462,58962,54145,73.85
서울용산경찰서,2017,1,0,2,1,0,0,1,0,2,0,0,0,0,0,0,1,0,2,0,1,4,0,0,0,4,1,0,0,2,1,1,1,0,11,13,1.182,167.0,0,6.0,6.0,112190.0,150720.0,262910.0,1574.0,2051,45,343,9980,949.0,122,33076.0,16,14.2,12.8,223898,8547,2220,13967,20627,45361,17629,78.9
서울은평경찰서,2017,0,0,3,1,1,0,0,0,0,0,0,0,0,0,0,1,0,0,4,3,2,0,0,0,1,3,1,0,0,2,2,1,0,17,13,0.765,159.0,0,3.0,3.0,100299.0,117901.0,218200.0,1372.0,1796,54,203,4502,237.0,117,28408.0,36,14.6,13.4,299663,35570,9856,33199,43112,121737,5068,79.35
서울종로경찰서,2017,0,0,2,3,0,0,0,0,0,0,0,0,0,0,0,2,0,1,2,3,2,0,0,0,2,1,2,0,0,1,2,1,1,5,8,1.6,234.0,1,3.0,4.0,193128.0,884537.0,1077665.0,4605.0,805,29,285,5259,46.0,150,33123.0,12,15.9,12.4,77278,5135,1361,8423,14194,29113,3191,80.85
서울종암경찰서,2017,0,0,3,2,0,1,0,0,0,0,0,0,0,0,0,1,0,3,2,2,3,1,0,2,1,2,0,1,0,1,2,1,2,14,17,1.214,183.0,1,8.0,9.0,182471.0,218169.0,400640.0,2189.0,1855,22,176,5751,329.0,21,22341.0,27,12.0,10.9,186703,25191,7588,27582,36260,96621,6332,76.6
서울중랑경찰서,2017,0,0,3,3,1,0,0,0,1,1,0,0,0,1,0,1,0,2,1,5,2,0,1,0,0,5,1,0,0,1,0,4,2,14,13,0.929,196.0,2,5.0,7.0,171049.0,161317.0,332366.0,1696.0,4469,54,406,8132,1584.0,115,47543.0,31,15.3,11.9,396892,35497,7734,33946,40832,118009,8475,72.44999999999997
서울중부경찰서,2017,0,0,5,0,0,1,0,0,0,0,0,0,0,0,0,0,0,3,3,0,5,1,0,2,2,1,0,1,2,1,1,1,1,11,12,1.091,198.0,5,14.0,19.0,199688.0,285704.0,485392.0,2451.0,1563,14,236,4933,278.0,206,17171.0,7,11.5,6.4,104135,5355,1318,9075,14915,30663,9434,77.85
서울혜화경찰서,2017,0,0,4,1,0,0,0,0,1,0,0,0,0,0,0,0,1,1,2,2,3,0,0,1,3,1,0,0,1,2,1,0,1,12,13,1.083,234.0,1,3.0,4.0,193128.0,884537.0,1077665.0,4605.0,784,13,213,4256,24.0,143,39053.0,12,15.9,12.4,77492,5135,1361,8423,14194,29113,8717,80.3
충남세종경찰서,2017,0,0,6,1,0,0,0,0,0,0,0,0,0,0,0,4,0,3,0,4,2,1,0,1,2,3,0,1,0,1,0,3,3,21,21,1.0,316.0,2,8.0,10.0,1687347.0,2351765.0,4039112.0,12782.0,2527,88,178,10410,39.0,66,31472.0,9,6.9,6.6,276589,9233,2033,8207,11006,30479,6761,81.0
경기수원남부경찰서,2018,0,0,11,1,1,0,0,0,1,0,0,0,0,0,0,3,0,5,4,8,5,0,0,1,4,7,1,0,0,2,4,2,5,18,21,1.167,116.0,1,8.0,9.0,615924.0,810377.0,1426301.0,16755.0,4719,148,395,3671,30.0,223,57117.0,15,8.6,8.5,499358,54994,14146,63160,82665,214965,15884,78.55000000000003
경기수원서부경찰서,2018,0,0,8,1,0,0,0,0,0,0,0,0,0,1,0,1,2,2,3,7,1,1,0,0,4,3,1,1,0,3,2,3,1,14,13,0.929,135.0,0,24.0,24.0,1347730.0,1099781.0,2447511.0,24691.0,2919,102,258,3961,28.0,79,29804.0,49,18.55,16.65,299424,54994,14146,63160,82665,214965,26522,75.94999999999997
경기수원중부경찰서,2018,0,0,6,4,1,0,0,0,0,0,1,0,0,0,0,4,1,2,3,8,2,1,0,1,1,6,2,1,3,2,0,1,5,11,6,0.545,119.0,0,10.0,10.0,516852.0,543848.0,1060700.0,12500.0,4447,96,333,6736,21.0,157,42710.0,23,16.1,12.9,402384,54994,14146,63160,82665,214965,21525,76.35
경남마산동부경찰서,2018,0,0,2,1,0,0,0,0,0,0,0,0,0,1,0,1,0,0,1,3,0,0,0,0,0,3,0,0,1,0,1,0,1,8,10,1.25,76.0,2,4.0,6.0,148990.0,109214.0,258204.0,3397.0,1218,65,185,5647,11.0,337,20069.0,15,15.1,13.4,197683,76386,17619,86290,108663,288958,4234,77.3
경남마산중부경찰서,2018,0,0,14,2,0,2,0,1,2,0,0,0,0,0,0,7,1,4,3,13,3,2,1,0,1,11,3,2,5,5,2,3,3,14,14,1.0,105.0,0,2.0,2.0,236060.0,209335.0,445395.0,4242.0,913,55,142,6843,13.0,487,21903.0,14,15.6,16.5,197683,76386,17619,86290,108663,288958,3580,79.95
경남진주경찰서,2018,0,0,8,2,0,2,0,0,0,2,1,0,0,0,0,2,0,5,2,9,3,0,0,0,2,5,5,0,2,2,1,4,3,15,17,1.133,234.0,0,2.0,2.0,591462.0,603250.0,1194712.0,5106.0,2709,127,289,6153,40.0,370,42140.0,24,13.8,9.6,352333,38161,9848,44325,46154,138488,8855,79.75
경남진해경찰서,2018,0,0,2,1,0,0,0,0,0,0,0,0,0,0,0,1,0,0,2,2,1,0,1,0,2,0,0,0,1,1,0,0,1,13,13,1.0,132.0,0,3.0,3.0,188324.0,767869.0,956193.0,7244.0,1142,106,137,3218,39.0,304,19964.0,12,12.8,12.3,190276,76386,17619,86290,108663,288958,5954,78.5
경남창원서부경찰서,2018,0,0,2,1,1,0,0,0,0,0,0,0,0,0,0,1,0,1,2,2,2,0,0,0,2,2,0,0,0,1,0,3,0,9,10,1.111,157.0,0,4.0,4.0,464360.0,739830.0,1204190.0,7670.0,1050,140,155,6078,11.0,332,21387.0,17,13.7,12.2,184502,76386,17619,86290,108663,288958,4523,77.0
경남창원중부경찰서,2018,0,0,6,4,1,1,1,0,0,0,0,0,0,0,0,2,0,8,3,5,7,1,1,2,3,2,4,1,2,3,1,2,5,14,12,0.857,104.0,0,6.0,6.0,93472.0,191939.0,285411.0,2744.0,1429,136,201,2895,21.0,566,27203.0,18,16.2,15.4,295731,76386,17619,86290,108663,288958,8536,78.9
서울강남경찰서,2018,0,0,4,5,0,0,0,0,1,0,0,0,0,0,0,1,1,3,3,6,3,0,0,1,3,3,2,0,2,2,2,2,1,10,12,1.2,436.0,0,23.0,23.0,670429.0,954554.0,1624983.0,3727.0,3095,24,421,5031,604.0,297,45774.0,54,19.3,18.4,324936,23317,12601,36713,53373,126004,7760,80.94999999999997
서울강동경찰서,2018,0,0,6,2,0,0,0,0,2,0,0,0,0,2,0,1,0,3,0,5,3,0,0,1,4,1,2,0,1,0,1,1,5,5,3,0.6,324.0,4,15.0,19.0,236181.0,304444.0,540625.0,1669.0,2619,72,393,7505,1.0,213,42126.0,28,13.0,11.6,414231,26182,8745,34526,41823,111276,8764,78.69999999999997
서울강북경찰서,2018,0,0,10,3,1,1,2,0,3,1,0,0,0,1,0,2,0,5,5,8,9,0,0,3,6,5,3,0,2,5,1,4,5,5,5,1.0,203.0,4,2.0,6.0,104658.0,112180.0,216838.0,1068.0,2299,41,347,8430,22.0,184,40872.0,26,16.1,13.9,309138,40657,14166,54794,69957,179574,7015,73.35
서울강서경찰서,2018,0,0,10,4,0,0,0,0,0,1,0,0,3,0,0,1,0,1,8,4,10,0,1,2,2,8,1,0,0,7,6,1,0,1,1,1.0,383.0,2,18.0,20.0,196115.0,197286.0,393401.0,1027.0,2377,139,500,8573,766.0,289,73011.0,46,15.1,13.8,578539,43743,21221,76671,105084,246719,13192,79.25
서울관악경찰서,2018,0,0,8,9,1,1,2,0,1,0,0,0,0,0,1,3,1,9,6,9,11,1,0,1,11,4,4,1,2,6,1,4,8,12,11,0.917,337.0,1,20.0,21.0,395475.0,421087.0,816562.0,2423.0,4825,78,493,11882,890.0,272,112733.0,34,13.8,12.0,510303,30517,14156,48673,63013,156359,30267,76.5
서울광진경찰서,2018,0,0,4,5,1,0,1,1,1,0,1,0,0,0,0,3,0,2,3,7,3,1,0,2,2,4,2,1,5,1,0,2,3,9,9,1.0,203.0,0,7.0,7.0,315690.0,342495.0,658185.0,3242.0,6459,34,380,9132,1449.0,93,56337.0,23,12.8,11.5,362304,25059,7424,28059,32091,92633,22554,77.65
서울구로경찰서,2018,0,0,10,2,0,2,1,0,0,0,0,0,0,0,0,5,0,5,5,8,5,2,1,2,4,5,1,2,1,1,3,4,6,7,7,1.0,263.0,2,3.0,5.0,74308.0,165019.0,239327.0,910.0,3659,45,395,7816,722.0,107,44151.0,32,15.7,14.0,433765,22181,6584,26635,39943,95343,54089,74.75
서울금천경찰서,2018,0,0,8,5,0,1,0,0,0,1,0,0,1,0,0,2,0,3,7,6,8,0,0,3,4,5,2,0,0,5,3,1,5,5,4,0.8,168.0,0,8.0,8.0,55351.0,148455.0,203806.0,1213.0,4226,50,274,6260,511.0,118,34564.0,19,16.7,12.0,249344,23773,8196,33613,42754,108336,32556,72.4
서울남대문경찰서,2018,0,0,3,1,0,1,0,0,0,0,0,0,0,0,0,0,0,2,3,3,2,0,0,0,2,3,0,0,0,1,1,2,1,5,4,0.8,275.0,0,23.0,23.0,558830.0,698175.0,1257005.0,4571.0,725,16,186,1137,161.0,88,3473.0,7,11.4,9.7,75988,7397,2133,13901,23622,47053,2450,80.85
서울노원경찰서,2018,1,0,5,2,0,1,0,0,0,0,0,0,0,0,0,0,1,2,6,5,4,0,0,0,0,5,4,0,0,1,2,1,5,4,6,1.5,229.0,2,10.0,12.0,105994.0,225006.0,331000.0,1445.0,1998,167,415,4078,61.0,63,51280.0,43,15.4,12.5,534096,53212,27256,90159,114484,285111,7697,80.0
서울도봉경찰서,2018,0,0,3,1,0,0,1,0,1,0,0,0,1,0,0,0,1,2,0,1,4,0,0,0,2,2,1,0,1,0,1,3,0,12,15,1.25,237.0,0,8.0,8.0,85113.0,116385.0,201498.0,850.0,10,71,273,6337,622.0,68,30848.0,24,13.9,14.3,328243,35606,10465,36914,43336,126321,4560,82.15
서울동대문경찰서,2018,0,0,6,0,0,0,0,0,0,0,0,0,0,0,0,1,1,3,1,3,3,0,0,0,2,2,2,0,1,2,0,3,0,6,6,1.0,203.0,1,3.0,4.0,179873.0,529614.0,709487.0,3495.0,26,14,429,10730,2.0,150,55593.0,29,16.9,13.8,358141,26725,8825,39066,60913,135529,22318,76.6
서울동작경찰서,2018,0,0,4,5,1,0,0,0,1,0,0,0,0,0,0,2,0,3,4,3,7,0,0,1,3,2,4,0,1,3,2,2,2,14,15,1.071,205.0,4,9.0,13.0,103520.0,209405.0,312925.0,1526.0,2033,53,353,8848,891.0,83,56872.0,28,14.0,12.0,397980,19659,7501,27251,39287,93698,19970,78.6
서울마포경찰서,2018,0,0,5,3,0,0,0,0,1,1,0,0,0,0,0,0,0,2,4,5,3,0,0,0,3,2,3,0,1,3,3,0,1,7,10,1.429,254.0,2,4.0,6.0,132459.0,150525.0,282984.0,1114.0,2317,82,458,7628,710.0,121,56837.0,27,14.0,12.5,368181,16051,8078,25907,37847,87883,14746,80.1
서울방배경찰서,2018,0,0,1,0,0,0,0,0,0,0,0,0,0,0,0,1,0,0,0,1,0,0,0,0,0,1,0,0,0,0,1,0,0,10,10,1.0,242.0,0,15.0,15.0,201149.0,646918.0,848067.0,3504.0,2691,25,141,3231,2.0,24,10750.0,26,11.6,10.5,136831,13609,5693,16649,21707,57658,2488,85.4
서울서대문경찰서,2018,0,0,6,1,0,1,0,1,1,0,0,0,0,0,0,1,0,3,2,5,3,0,0,1,2,3,2,0,2,2,3,0,1,4,3,0.75,229.0,4,9.0,13.0,236471.0,7641030.0,7877501.0,34400.0,2938,58,322,6938,356.0,75,44795.0,23,14.6,11.2,318874,22177,6467,23246,35914,87804,16065,78.19999999999997
서울서부경찰서,2018,0,0,1,1,0,0,0,0,0,0,0,0,0,0,0,1,0,0,1,0,1,1,0,0,1,0,0,1,1,0,1,0,0,13,11,0.846,214.0,5,10.0,15.0,217662.0,201841.0,419503.0,1960.0,1870,46,221,3546,191.0,96,21874.0,39,15.9,13.4,185584,48561,15383,52463,71341,187748,3559,77.65
서울서초경찰서,2018,0,0,7,3,0,0,0,1,4,0,0,0,0,0,0,2,0,2,1,7,2,1,0,0,3,5,1,1,3,0,1,2,4,8,13,1.625,242.0,0,15.0,15.0,201149.0,646918.0,848067.0,3504.0,4237,88,339,4405,1.0,115,30613.0,26,11.6,10.5,297120,13609,5693,16649,21707,57658,6224,84.94999999999997
서울성동경찰서,2018,0,0,4,0,2,1,0,0,1,0,0,0,0,0,0,2,0,1,3,5,2,0,0,1,1,3,2,0,1,3,0,2,1,4,4,1.0,212.0,0,12.0,12.0,162939.0,453146.0,616085.0,2906.0,3241,54,320,6228,751.0,62,40706.0,21,13.7,12.2,306796,17742,6463,25887,34515,84607,13555,81.80000000000003
서울성북경찰서,2018,0,0,1,0,0,0,0,0,0,0,0,0,0,0,0,1,0,0,0,0,1,0,0,0,0,0,1,0,0,1,0,0,0,4,7,1.75,215.0,0,10.0,10.0,184258.0,303307.0,487565.0,2268.0,2015,29,252,7048,482.0,36,34379.0,35,15.8,13.6,255090,34363,11267,40341,57460,143431,10021,79.25
서울송파경찰서,2018,0,0,7,1,0,1,0,0,1,0,1,0,0,0,0,1,0,3,3,3,5,1,1,2,3,2,0,1,1,4,3,1,0,1,1,1.0,340.0,0,28.0,28.0,390994.0,579257.0,970251.0,2854.0,2096,140,538,8817,834.0,241,63451.0,34,10.1,9.3,638167,31969,10612,33782,40033,116396,13112,82.25
서울수서경찰서,2018,0,0,4,3,0,1,1,0,1,0,0,0,0,1,0,2,1,3,1,7,2,0,0,0,4,1,4,0,3,1,1,1,3,1,1,1.0,436.0,0,23.0,23.0,670429.0,954554.0,1624983.0,3727.0,3124,70,312,3031,696.0,115,20383.0,54,19.3,18.4,217428,23317,12601,36713,53373,126004,2846,83.15
서울양천경찰서,2018,0,0,3,2,0,2,0,0,0,0,0,0,2,0,0,0,0,1,4,4,3,0,0,0,3,1,3,0,0,5,0,0,2,5,6,1.2,219.0,1,11.0,12.0,136819.0,220750.0,357569.0,1633.0,2921,95,376,7113,624.0,72,34304.0,22,9.4,7.6,445591,34353,9758,35547,46213,125871,8418,80.94999999999997
서울영등포경찰서,2018,0,0,13,8,1,0,1,2,1,3,1,0,1,0,0,1,0,6,8,16,5,2,1,1,5,12,3,1,2,4,4,6,7,8,7,0.875,258.0,4,23.0,27.0,228065.0,476128.0,704193.0,2729.0,3775,44,513,7951,952.0,342,53477.0,25,13.8,12.6,395286,14291,4965,27787,42434,89477,56483,74.75
서울용산경찰서,2018,0,0,1,0,2,0,0,0,0,0,0,0,0,0,1,0,0,0,2,2,1,0,0,0,1,2,0,0,0,0,2,0,1,5,6,1.2,211.0,1,6.0,7.0,123288.0,271615.0,394903.0,1872.0,2051,45,343,9980,996.0,122,34240.0,18,16.0,14.6,226938,12180,3455,21583,32765,69983,20841,81.25
서울은평경찰서,2018,0,0,4,0,1,1,0,0,1,1,0,0,0,0,0,0,0,1,3,1,5,0,0,0,2,1,3,0,0,2,1,2,1,6,5,0.833,214.0,5,10.0,15.0,217662.0,201841.0,419503.0,1960.0,1796,54,203,4502,255.0,117,30414.0,39,15.9,13.4,297613,48561,15383,52463,71341,187748,5338,77.55
서울종로경찰서,2018,0,0,5,1,0,0,1,0,1,0,0,0,0,0,0,0,0,1,5,6,1,0,0,0,0,4,3,0,1,0,3,2,1,2,4,2.0,254.0,14,22.0,36.0,279955.0,294345.0,574300.0,2261.0,805,29,285,5259,68.0,150,34042.0,8,10.6,9.6,77077,6604,2155,12664,22408,43831,3395,84.15
서울종암경찰서,2018,0,0,2,3,0,0,1,0,1,0,0,0,0,0,0,0,0,2,3,5,0,1,0,0,0,3,2,1,1,2,1,1,1,1,1,1.0,215.0,0,10.0,10.0,184258.0,303307.0,487565.0,2268.0,1855,22,176,5751,442.0,21,23329.0,35,15.8,13.6,180778,34363,11267,40341,57460,143431,6752,76.65
서울중랑경찰서,2018,0,0,4,4,0,0,0,0,0,0,1,0,0,0,0,2,0,2,3,3,4,1,0,1,1,4,1,1,0,1,1,2,4,13,10,0.769,254.0,2,8.0,10.0,103281.0,98140.0,201421.0,793.0,4469,54,406,8132,1682.0,115,49207.0,26,12.9,10.1,391668,48897,12032,54011,67751,182691,9132,73.2
서울중부경찰서,2018,0,0,3,1,2,0,0,0,0,0,1,0,0,0,0,1,0,4,0,2,4,0,0,0,1,3,2,0,0,1,2,0,3,10,9,0.9,275.0,0,23.0,23.0,558830.0,698175.0,1257005.0,4571.0,1563,14,236,4933,332.0,206,17884.0,7,11.4,9.7,102868,7397,2133,13901,23622,47053,10736,80.6
서울혜화경찰서,2018,0,0,3,0,0,0,0,0,0,0,0,0,0,0,0,0,0,2,1,2,1,0,0,0,0,2,1,0,1,0,0,2,0,5,9,1.8,254.0,14,22.0,36.0,279955.0,294345.0,574300.0,2261.0,784,13,213,4256,42.0,143,40058.0,8,10.6,9.6,75988,6604,2155,12664,22408,43831,9617,75.35
충남세종경찰서,2018,0,0,5,5,0,0,0,0,0,0,1,0,0,0,0,3,0,3,3,6,4,0,1,2,4,2,1,0,0,3,1,3,3,3,4,1.3330000000000002,236.0,3,50.0,53.0,8548417.0,1773184.0,10321601.0,43736.0,2527,88,178,10410,39.0,66,35763.0,21,14.2,12.2,312374,13824,3147,12756,17874,47601,8187,81.44999999999997
경기수원남부경찰서,2019,0,0,12,1,1,3,0,0,1,0,0,0,0,0,0,5,0,6,5,8,9,0,0,2,4,9,2,0,2,5,0,3,7,7,10,1.429,152.0,1,9.0,10.0,1329649.0,2179521.0,3509170.0,31093.0,4719,148,395,3671,79.0,223,61423.0,29,16.2,16.1,509352,51840,16442,72299,107942,248523,16482,79.15
경기수원서부경찰서,2019,0,0,4,3,1,0,0,0,0,0,1,0,0,0,0,2,0,2,3,4,4,0,1,0,3,3,1,0,0,2,1,0,5,14,15,1.071,164.0,0,16.0,16.0,503378.0,660681.0,1164059.0,9459.0,2919,102,258,3961,62.0,79,30996.0,61,20.75,17.85,294591,51840,16442,72299,107942,248523,27419,75.0
경기수원중부경찰서,2019,0,0,4,3,0,0,0,0,0,1,0,0,0,0,0,2,0,2,2,2,5,0,0,0,2,3,2,0,2,1,0,3,1,8,10,1.25,137.0,0,8.0,8.0,434748.0,428111.0,862859.0,8160.0,4447,96,333,6736,48.0,157,44304.0,20,14.4,13.2,390522,51840,16442,72299,107942,248523,22453,79.8
경남마산동부경찰서,2019,0,1,3,2,0,1,0,0,0,1,1,0,0,0,0,2,0,2,1,4,3,0,0,0,3,3,1,0,2,2,1,1,1,1,1,1.0,85.0,1,3.0,4.0,94566.0,125708.0,220274.0,2591.0,1218,65,185,5647,11.0,337,20331.0,15,15.5,18.8,192446,76041,21576,97938,139708,335263,4431,77.35
경남마산중부경찰서,2019,0,0,4,3,0,0,0,0,1,0,1,0,0,0,0,1,0,2,2,3,4,0,0,0,0,4,3,0,2,1,2,1,1,2,2,1.0,129.0,1,4.0,5.0,246655.0,979273.0,1225928.0,9503.0,913,55,142,6843,13.0,487,23383.0,10,11.2,11.7,192446,76041,21576,97938,139708,335263,3897,80.25
경남진주경찰서,2019,0,0,5,0,0,0,0,0,0,0,0,0,0,0,0,1,0,2,2,3,2,0,0,0,1,3,1,0,0,1,0,1,3,10,9,0.9,260.0,1,3.0,4.0,496350.0,686827.0,1183177.0,4551.0,2709,127,289,6153,168.0,370,44003.0,28,16.1,15.1,354166,36456,10784,47973,57053,152266,9741,78.6
경남진해경찰서,2019,0,0,0,1,0,0,0,0,0,0,0,0,0,0,0,1,0,0,0,1,0,0,0,0,0,1,0,0,0,0,0,0,1,9,14,1.556,138.0,2,4.0,6.0,164990.0,381914.0,546904.0,3963.0,1142,106,137,3218,39.0,304,20962.0,15,15.9,16.0,190885,76041,21576,97938,139708,335263,6383,79.1
경남창원서부경찰서,2019,0,0,1,3,0,1,0,0,0,0,0,0,0,0,0,1,2,1,1,1,4,0,0,0,3,2,0,0,0,1,1,2,1,16,18,1.125,163.0,0,5.0,5.0,202946.0,741553.0,944499.0,5794.0,1050,140,155,6078,11.0,332,22109.0,27,21.6,20.6,189712,76041,21576,97938,139708,335263,4670,80.35
경남창원중부경찰서,2019,0,0,3,2,0,0,0,0,0,0,0,0,0,0,0,1,0,3,1,3,2,0,0,0,3,2,0,0,0,3,0,2,0,8,9,1.125,132.0,1,2.0,3.0,213408.0,411795.0,625203.0,4736.0,1429,136,201,2895,21.0,566,28368.0,10,9.2,9.2,289815,76041,21576,97938,139708,335263,8720,81.19999999999997
서울강남경찰서,2019,0,0,3,2,0,0,0,0,0,1,0,0,0,0,0,0,1,1,2,0,5,0,0,0,2,1,2,0,1,1,0,1,2,9,7,0.778,456.0,1,23.0,24.0,900260.0,777421.0,1677681.0,3679.0,3095,24,421,5031,636.0,297,47075.0,54,19.5,19.2,321787,21689,13134,39921,65581,140325,8561,83.65
서울강동경찰서,2019,0,0,13,5,0,0,1,0,1,1,0,0,0,0,0,1,1,7,8,14,4,1,0,2,5,9,2,1,1,4,3,8,3,3,4,1.3330000000000002,254.0,1,10.0,11.0,166909.0,366450.0,533359.0,2100.0,2619,72,393,7505,2.0,213,45188.0,42,19.5,17.1,415287,24731,10066,39772,53914,128483,9131,79.15
서울강북경찰서,2019,0,0,4,0,0,1,0,0,0,0,0,0,0,0,0,0,0,0,5,3,2,0,0,0,1,2,2,0,1,0,1,2,1,5,4,0.8,167.0,1,9.0,10.0,76389.0,141416.0,217805.0,1304.0,2299,41,347,8430,22.0,184,42791.0,25,15.7,13.0,303871,37423,15119,60537,88327,201406,7530,77.0
서울강서경찰서,2019,0,0,6,5,0,0,0,0,0,0,4,0,0,1,0,1,2,1,2,6,5,0,1,1,2,1,6,0,1,3,3,1,3,7,17,2.4290000000000003,331.0,0,24.0,24.0,251606.0,414691.0,666297.0,2013.0,2377,139,500,8573,822.0,289,79371.0,42,13.9,11.6,574097,41124,22264,81165,130523,275076,13197,74.5
서울관악경찰서,2019,0,0,10,4,2,1,1,0,0,1,0,0,0,0,0,3,0,5,9,9,7,2,1,0,8,4,3,2,1,5,6,2,4,7,8,1.143,311.0,3,6.0,9.0,312837.0,341749.0,654586.0,2105.0,4825,78,493,11882,951.0,272,119863.0,39,15.9,13.9,507828,28421,15909,54953,81176,180459,30247,74.5
서울광진경찰서,2019,0,0,4,4,0,0,0,0,0,0,1,0,0,0,0,3,1,3,0,4,4,0,0,1,2,2,3,0,2,3,2,0,1,16,18,1.125,195.0,0,8.0,8.0,145574.0,247269.0,392843.0,2015.0,6459,34,380,9132,1495.0,93,58714.0,23,12.8,9.9,359766,23511,9205,34348,43811,110875,23823,78.44999999999997
서울구로경찰서,2019,0,0,10,2,0,1,0,0,1,1,0,0,0,1,0,3,0,5,2,8,5,0,0,0,3,8,2,0,3,2,2,5,1,23,21,0.9129999999999999,247.0,0,7.0,7.0,157597.0,254232.0,411829.0,1667.0,3659,45,395,7816,819.0,107,47740.0,26,12.8,11.8,435560,21749,8064,30709,50532,111054,54937,74.9
서울금천경찰서,2019,0,0,3,6,0,1,0,0,1,0,0,0,0,0,0,2,0,2,5,7,3,0,0,0,2,6,2,0,0,1,2,4,3,12,13,1.083,141.0,0,4.0,4.0,178251.0,493516.0,671767.0,4764.0,4226,50,274,6260,567.0,118,37778.0,23,20.4,19.4,249747,21128,8770,35542,52484,117924,32851,73.2
서울남대문경찰서,2019,0,0,0,1,0,0,0,0,0,0,0,0,0,0,0,0,0,0,1,1,0,0,0,0,1,0,0,0,0,0,0,1,0,5,5,1.0,213.0,3,17.0,20.0,5135961.0,68941136.0,74077097.0,347780.0,725,16,186,1137,176.0,88,3492.0,5,8.1,8.8,22853,6833,2472,14862,28268,52435,2300,82.0
서울노원경찰서,2019,0,0,6,0,0,1,0,0,0,0,0,0,0,0,0,2,1,2,2,4,3,0,0,1,2,1,3,0,0,1,2,1,3,3,3,1.0,203.0,0,6.0,6.0,44268.0,141374.0,185642.0,914.0,1998,167,415,4078,61.0,63,53365.0,40,14.6,11.9,522480,51537,28793,96356,140258,316944,8300,81.0
서울도봉경찰서,2019,0,0,3,1,0,0,0,0,0,0,0,0,0,0,0,2,0,0,2,2,2,0,0,0,1,1,2,0,1,1,1,0,1,6,7,1.167,179.0,3,8.0,11.0,424291.0,344157.0,768448.0,4293.0,10,71,273,6337,622.0,68,32653.0,27,15.9,14.0,323543,32365,11052,40627,54373,138417,5027,81.55
서울동대문경찰서,2019,0,0,11,3,0,0,0,0,0,0,0,0,0,0,0,2,1,4,7,9,5,0,0,2,5,4,3,0,4,3,1,3,3,5,5,1.0,195.0,5,21.0,26.0,233398.0,636944.0,870342.0,4463.0,26,14,429,10730,4.0,150,58152.0,23,13.5,12.2,355094,24605,9344,43252,75416,152617,23645,79.1
서울동작경찰서,2019,0,0,2,2,0,0,0,0,0,0,1,0,0,0,0,0,2,0,1,1,3,0,2,0,1,0,1,0,1,0,1,1,1,6,5,0.833,208.0,2,10.0,12.0,86519.0,92724.0,179243.0,862.0,2033,53,353,8848,1007.0,83,60088.0,24,12.0,9.2,400368,19403,9690,34013,54529,117635,20697,78.1
서울마포경찰서,2019,0,0,3,1,0,0,0,0,1,0,0,0,0,0,0,0,0,1,2,2,2,0,0,0,2,1,1,0,0,1,0,1,2,2,3,1.5,246.0,0,13.0,13.0,163683.0,229742.0,393425.0,1599.0,2317,82,458,7628,780.0,121,59248.0,27,14.0,11.8,369327,15671,8696,28149,47341,99857,16416,82.85
서울방배경찰서,2019,0,0,1,0,0,0,0,0,0,0,0,0,0,0,0,0,0,0,1,1,0,0,0,0,0,1,0,0,0,0,0,1,0,5,7,1.4,242.0,2,42.0,44.0,300794.0,669453.0,970247.0,4009.0,2691,25,141,3231,4.0,24,10829.0,26,11.8,11.6,133979,12915,6232,19512,29423,68082,2832,83.6
서울서대문경찰서,2019,0,0,4,1,0,0,0,0,2,0,0,0,1,0,0,0,1,0,1,3,2,0,0,0,0,4,1,0,2,1,1,0,1,7,4,0.5710000000000001,269.0,1,12.0,13.0,109764.0,111196.0,220960.0,821.0,2938,58,322,6938,388.0,75,46449.0,33,21.0,17.3,319394,20887,7284,27027,45810,101008,18179,81.0
서울서부경찰서,2019,0,0,1,0,0,0,0,0,0,1,0,0,0,0,0,0,0,0,0,1,0,0,0,0,0,1,0,0,0,1,0,0,0,4,6,1.5,196.0,3,20.0,23.0,1901761.0,511008.0,2412769.0,12310.0,1870,46,221,3546,221.0,96,22652.0,38,15.5,12.8,189190,45265,18558,62819,95037,221679,3875,77.35
서울서초경찰서,2019,0,0,3,2,0,0,0,0,2,0,0,0,0,0,0,0,0,0,3,3,2,0,0,0,4,1,0,0,0,3,1,1,0,6,5,0.833,242.0,2,42.0,44.0,300794.0,669453.0,970247.0,4009.0,4237,88,339,4405,5.0,115,31823.0,26,11.8,11.6,296847,12915,6232,19512,29423,68082,6224,86.35
서울성동경찰서,2019,0,0,10,1,1,1,1,0,1,0,0,0,0,0,0,4,0,7,2,3,10,1,0,0,4,8,1,1,3,4,3,1,3,6,7,1.167,194.0,2,7.0,9.0,119319.0,604898.0,724217.0,3733.0,3241,54,320,6228,792.0,62,41488.0,16,10.5,10.2,299688,16622,7134,29103,44632,97491,14042,81.3
서울성북경찰서,2019,0,0,1,1,0,0,0,0,0,1,0,0,0,0,0,1,0,0,0,1,1,0,0,0,1,1,0,0,0,0,0,1,1,3,4,1.3330000000000002,191.0,0,10.0,10.0,241464.0,222877.0,464341.0,2431.0,2015,29,252,7048,535.0,36,35292.0,30,13.5,11.3,251646,31361,11882,43894,69254,156391,10865,82.9
서울송파경찰서,2019,0,0,11,4,0,1,0,0,2,1,0,0,0,0,1,1,0,7,4,12,4,0,0,2,10,1,3,0,2,7,2,0,5,7,9,1.286,335.0,2,19.0,21.0,330243.0,628586.0,958829.0,2862.0,2096,140,538,8817,64.0,241,68861.0,40,11.7,9.6,648600,32727,14377,45428,58345,150877,14126,86.2
서울수서경찰서,2019,0,0,2,1,0,0,0,0,0,0,0,0,0,0,0,1,2,0,0,2,1,0,0,0,2,1,0,0,1,0,0,2,0,8,8,1.0,456.0,1,23.0,24.0,900260.0,777421.0,1677681.0,3679.0,3124,70,312,3031,738.0,115,20502.0,54,19.5,19.2,223382,21689,13134,39921,65581,140325,3174,82.69999999999997
서울양천경찰서,2019,0,0,5,2,0,0,0,0,0,1,0,0,0,0,0,0,0,2,4,4,3,0,0,1,2,2,2,0,0,3,1,1,2,12,15,1.25,163.0,2,7.0,9.0,107052.0,358668.0,465720.0,2857.0,2921,95,376,7113,677.0,72,36345.0,32,13.8,13.4,440354,33580,12197,43041,64917,153735,9138,81.5
서울영등포경찰서,2019,0,0,8,3,0,0,1,0,0,0,0,0,0,0,0,2,0,2,8,6,5,1,0,0,3,6,2,1,1,1,2,1,7,6,6,1.0,265.0,1,48.0,49.0,344748.0,2755206.0,3099954.0,11698.0,3775,44,513,7951,958.0,342,58214.0,21,11.6,10.3,394083,12911,5546,30674,51952,101083,55524,76.75
서울용산경찰서,2019,0,0,2,3,0,1,0,0,1,0,0,0,0,0,0,2,0,2,1,4,1,1,0,0,1,3,1,1,1,2,0,2,1,6,8,1.3330000000000002,238.0,0,5.0,5.0,100283.0,167582.0,267865.0,1125.0,2051,45,343,9980,1024.0,122,35148.0,13,11.5,11.1,227181,11199,4119,24104,39212,78634,22332,84.6
서울은평경찰서,2019,0,0,1,1,0,0,0,0,1,0,0,0,0,0,0,0,0,0,1,1,1,0,0,0,1,1,0,0,1,0,0,0,1,5,5,1.0,196.0,3,20.0,23.0,1901761.0,511008.0,2412769.0,12310.0,1796,54,203,4502,276.0,117,32420.0,38,15.5,12.8,290842,45265,18558,62819,95037,221679,5626,79.0
서울종로경찰서,2019,0,0,1,3,0,0,0,0,1,0,0,0,0,0,0,1,0,1,1,4,0,0,1,0,1,2,0,0,0,0,0,4,0,5,5,1.0,232.0,4,16.0,20.0,403054.0,398040.0,801094.0,3453.0,805,29,285,5259,68.0,150,34961.0,9,12.0,11.4,75958,5756,2573,14071,25508,47908,3554,86.3
서울종암경찰서,2019,0,0,2,1,0,0,0,0,0,0,0,0,0,0,0,0,0,2,1,1,2,0,0,0,0,2,1,0,0,1,0,2,0,3,3,1.0,191.0,0,10.0,10.0,241464.0,222877.0,464341.0,2431.0,1855,22,176,5751,499.0,21,24317.0,30,13.5,11.3,191004,31361,11882,43894,69254,156391,7111,79.35
서울중랑경찰서,2019,0,0,9,1,0,1,1,0,0,0,2,0,0,0,0,4,0,3,3,6,6,0,0,0,4,7,1,0,2,5,4,1,0,3,3,1.0,210.0,1,9.0,10.0,95365.0,227285.0,322650.0,1536.0,4469,54,406,8132,1778.0,115,52196.0,35,17.6,15.4,386331,46485,15246,64943,92574,219248,9785,74.85
서울중부경찰서,2019,0,0,4,0,0,1,0,0,0,1,0,0,0,0,0,0,0,3,1,4,1,0,0,1,3,0,1,0,0,2,1,0,2,7,8,1.143,213.0,3,17.0,20.0,5135961.0,68941136.0,74077097.0,347780.0,1563,14,236,4933,339.0,206,18597.0,5,8.1,8.8,103318,6833,2472,14862,28268,52435,11496,79.75
서울혜화경찰서,2019,0,0,2,1,0,0,0,0,0,0,1,0,0,0,0,0,0,0,2,2,1,0,0,1,2,0,0,0,0,0,1,1,1,10,10,1.0,232.0,4,16.0,20.0,403054.0,398040.0,801094.0,3453.0,784,13,213,4256,42.0,143,41063.0,9,12.0,11.4,75332,5756,2573,14071,25508,47908,10641,75.2
충남세종경찰서,2019,0,0,1,0,0,1,0,0,0,0,0,0,0,0,0,1,0,0,1,1,1,0,1,0,0,1,0,0,0,0,0,0,2,2,3,1.5,191.0,0,8.0,8.0,995712.0,1699780.0,2695492.0,14113.0,2527,88,178,10410,39.0,66,39078.0,30,18.4,18.2,338136,16060,4101,15794,22678,58633,9814,82.4
