,jur_stn,연도,crm_wthr_눈,crm_wthr_만월,crm_wthr_맑음,crm_wthr_미상,crm_wthr_바람,crm_wthr_비,crm_wthr_안개,crm_wthr_암흑,crm_wthr_폭설,crm_wthr_폭풍우,crm_wthr_흐림,crm_clue_고발,crm_clue_고소,crm_clue_기타,crm_clue_변사체,crm_clue_불심검문,crm_clue_여죄,crm_clue_자수,crm_clue_진정,crm_clue_타인신고,crm_clue_탄원,crm_clue_탐문정보,crm_clue_투서,crm_clue_피해자신고,crm_clue_피해품발견,crm_clue_현행범,vic_sx_1,vic_sx_2,vic_sx_3,vic_age_0~12세,vic_age_10대,"vic_age_2,30대","vic_age_4,50대",vic_age_60세초과,vic_age_미상,crm_tm_미상,crm_tm_새벽,crm_tm_오전,crm_tm_오후,crm_tm_저녁,score_법질서
0,경기수원남부경찰서,2017,8.0,0.0,3801.0,4081.0,1.0,86.0,0.0,75.0,0.0,1.0,45.0,341.0,1519.0,534.0,5.0,654.0,96.0,84.0,1248.0,645.0,0.0,151.0,2.0,2218.0,9.0,592.0,3498.0,2037.0,2563.0,86.0,440.0,2606.0,1934.0,454.0,2578.0,2356.0,809.0,1396.0,1771.0,1766.0,67.6
1,경기수원서부경찰서,2017,5.0,2.0,2418.0,2935.0,0.0,51.0,0.0,62.0,0.0,0.0,51.0,220.0,822.0,399.0,1.0,737.0,54.0,40.0,1072.0,338.0,1.0,71.0,0.0,1352.0,8.0,409.0,2538.0,1294.0,1692.0,49.0,383.0,1732.0,1325.0,317.0,1718.0,1320.0,420.0,1085.0,1412.0,1287.0,64.9
2,경기수원중부경찰서,2017,3.0,0.0,2833.0,3806.0,1.0,61.0,0.0,40.0,0.0,0.0,30.0,309.0,941.0,739.0,1.0,617.0,10.0,99.0,1394.0,348.0,1.0,101.0,0.0,1559.0,7.0,648.0,2894.0,1852.0,2028.0,87.0,533.0,1816.0,1785.0,506.0,2047.0,1797.0,473.0,1259.0,1615.0,1630.0,66.1
3,경남마산동부경찰서,2017,0.0,9.0,1021.0,1633.0,1.0,12.0,0.0,9.0,0.0,0.0,12.0,197.0,562.0,356.0,2.0,7.0,25.0,13.0,710.0,146.0,0.0,80.0,2.0,391.0,3.0,203.0,1310.0,735.0,652.0,26.0,159.0,819.0,810.0,229.0,654.0,972.0,165.0,449.0,547.0,564.0,64.65
4,경남마산중부경찰서,2017,0.0,10.0,823.0,1141.0,0.0,16.0,0.0,40.0,0.0,1.0,17.0,157.0,468.0,212.0,1.0,2.0,25.0,39.0,360.0,185.0,0.0,70.0,0.0,432.0,2.0,95.0,971.0,605.0,472.0,14.0,103.0,514.0,637.0,302.0,478.0,576.0,122.0,393.0,526.0,431.0,69.0
5,경남진주경찰서,2017,0.0,0.0,1667.0,2013.0,0.0,27.0,0.0,20.0,0.0,1.0,11.0,261.0,962.0,197.0,2.0,11.0,49.0,38.0,893.0,360.0,2.0,106.0,0.0,670.0,3.0,185.0,1744.0,1066.0,929.0,31.0,211.0,1203.0,1026.0,320.0,948.0,1293.0,236.0,797.0,716.0,697.0,65.6
6,경남진해경찰서,2017,0.0,0.0,711.0,1276.0,0.0,16.0,0.0,3.0,0.0,0.0,8.0,176.0,439.0,281.0,0.0,19.0,6.0,2.0,346.0,210.0,0.0,51.0,0.0,383.0,2.0,99.0,784.0,482.0,748.0,29.0,57.0,483.0,514.0,175.0,756.0,487.0,120.0,558.0,451.0,398.0,65.55
7,경남창원서부경찰서,2017,0.0,0.0,1148.0,1475.0,0.0,25.0,0.0,63.0,0.0,0.0,23.0,142.0,607.0,115.0,0.0,11.0,22.0,4.0,711.0,251.0,0.0,45.0,0.0,688.0,2.0,136.0,1411.0,770.0,553.0,21.0,157.0,836.0,907.0,252.0,561.0,867.0,183.0,525.0,638.0,521.0,68.45
8,경남창원중부경찰서,2017,1.0,0.0,1426.0,2062.0,0.0,32.0,0.0,21.0,0.0,0.0,3.0,157.0,890.0,264.0,3.0,67.0,43.0,3.0,856.0,284.0,1.0,86.0,1.0,723.0,3.0,164.0,1725.0,969.0,851.0,16.0,225.0,1288.0,979.0,167.0,870.0,1209.0,228.0,641.0,792.0,675.0,64.0
9,서울강남경찰서,2017,5.0,24.0,2928.0,6520.0,0.0,94.0,0.0,136.0,0.0,2.0,57.0,516.0,3519.0,726.0,0.0,246.0,149.0,90.0,1606.0,292.0,0.0,162.0,4.0,1870.0,14.0,572.0,4351.0,2788.0,2627.0,19.0,265.0,3471.0,2561.0,676.0,2774.0,4333.0,840.0,1382.0,1674.0,1537.0,69.0
10,서울강동경찰서,2017,5.0,0.0,2626.0,2449.0,0.0,83.0,0.0,81.0,0.0,1.0,95.0,283.0,1153.0,437.0,2.0,63.0,16.0,59.0,872.0,281.0,1.0,61.0,0.0,1530.0,7.0,575.0,2482.0,1547.0,1311.0,58.0,227.0,1478.0,1682.0,558.0,1337.0,1855.0,473.0,839.0,1077.0,1096.0,68.1
11,서울강북경찰서,2017,7.0,0.0,1902.0,2137.0,0.0,61.0,0.0,283.0,0.0,1.0,105.0,236.0,853.0,334.0,1.0,43.0,5.0,169.0,669.0,329.0,0.0,65.0,0.0,1133.0,1.0,658.0,2212.0,1270.0,1014.0,52.0,230.0,1401.0,1337.0,450.0,1026.0,1199.0,530.0,729.0,984.0,1054.0,62.75
12,서울강서경찰서,2017,7.0,8.0,2751.0,3818.0,1.0,57.0,2.0,108.0,0.0,2.0,34.0,539.0,1451.0,983.0,0.0,42.0,35.0,42.0,1124.0,369.0,0.0,112.0,3.0,1289.0,10.0,789.0,2995.0,1850.0,1943.0,58.0,264.0,2090.0,1837.0,568.0,1971.0,1872.0,635.0,1342.0,1499.0,1440.0,63.05
13,서울관악경찰서,2017,2.0,0.0,3074.0,3891.0,0.0,41.0,0.0,132.0,0.0,0.0,42.0,455.0,1421.0,648.0,1.0,393.0,23.0,95.0,1045.0,546.0,1.0,78.0,1.0,1604.0,10.0,861.0,2959.0,2026.0,2197.0,202.0,302.0,2254.0,1530.0,673.0,2221.0,2121.0,818.0,1170.0,1497.0,1576.0,58.95
14,서울광진경찰서,2017,3.0,1.0,2086.0,2830.0,0.0,46.0,0.0,83.0,0.0,0.0,39.0,429.0,1064.0,408.0,2.0,97.0,108.0,53.0,754.0,284.0,0.0,70.0,1.0,1242.0,29.0,547.0,2179.0,1409.0,1500.0,46.0,243.0,1619.0,1174.0,448.0,1558.0,1519.0,472.0,934.0,1009.0,1154.0,65.6
15,서울구로경찰서,2017,13.0,1.0,3241.0,2874.0,0.0,81.0,1.0,82.0,0.0,1.0,49.0,324.0,1531.0,644.0,5.0,55.0,31.0,33.0,889.0,408.0,1.0,140.0,1.0,1617.0,6.0,658.0,2956.0,1750.0,1637.0,52.0,236.0,1946.0,1825.0,614.0,1670.0,2164.0,466.0,940.0,1410.0,1363.0,65.4
16,서울금천경찰서,2017,2.0,0.0,1702.0,3199.0,1.0,25.0,0.0,60.0,0.0,1.0,15.0,346.0,1687.0,420.0,0.0,77.0,47.0,42.0,732.0,235.0,0.0,70.0,0.0,833.0,3.0,513.0,2000.0,1179.0,1826.0,28.0,148.0,1284.0,1348.0,341.0,1856.0,1267.0,410.0,819.0,1153.0,1356.0,62.45
17,서울남대문경찰서,2017,4.0,2.0,1370.0,1380.0,1.0,32.0,1.0,8.0,0.0,0.0,30.0,201.0,669.0,234.0,0.0,27.0,10.0,97.0,615.0,75.0,0.0,30.0,2.0,630.0,0.0,238.0,1308.0,736.0,784.0,7.0,76.0,890.0,818.0,238.0,799.0,909.0,94.0,550.0,819.0,456.0,60.15
18,서울노원경찰서,2017,7.0,8.0,2445.0,3087.0,2.0,94.0,1.0,89.0,0.0,2.0,43.0,413.0,1146.0,552.0,2.0,48.0,11.0,39.0,1089.0,518.0,0.0,238.0,0.0,1404.0,3.0,315.0,2572.0,1715.0,1491.0,69.0,438.0,1672.0,1545.0,548.0,1506.0,2259.0,430.0,885.0,1119.0,1085.0,71.5
19,서울도봉경찰서,2017,4.0,6.0,1515.0,1786.0,0.0,37.0,1.0,36.0,0.0,0.0,98.0,270.0,857.0,402.0,0.0,20.0,23.0,116.0,536.0,264.0,1.0,86.0,0.0,671.0,3.0,234.0,1546.0,1056.0,881.0,48.0,189.0,863.0,1062.0,437.0,884.0,1214.0,241.0,581.0,791.0,656.0,65.4
20,서울동대문경찰서,2017,5.0,2.0,2464.0,2793.0,1.0,77.0,0.0,132.0,1.0,1.0,109.0,385.0,1318.0,754.0,1.0,138.0,20.0,28.0,975.0,302.0,0.0,115.0,1.0,1007.0,4.0,537.0,2665.0,1468.0,1452.0,31.0,261.0,1534.0,1611.0,679.0,1469.0,1676.0,410.0,1018.0,1288.0,1193.0,67.3
21,서울동작경찰서,2017,12.0,7.0,2045.0,2219.0,0.0,69.0,0.0,95.0,0.0,1.0,77.0,320.0,883.0,330.0,0.0,25.0,17.0,93.0,659.0,225.0,0.0,44.0,4.0,1582.0,1.0,342.0,2080.0,1518.0,927.0,53.0,244.0,1561.0,1269.0,469.0,929.0,1182.0,378.0,806.0,1093.0,1066.0,63.55
22,서울마포경찰서,2017,11.0,0.0,2962.0,4235.0,2.0,65.0,0.0,72.0,0.0,1.0,17.0,413.0,1596.0,724.0,2.0,207.0,70.0,93.0,852.0,419.0,0.0,92.0,0.0,2168.0,7.0,722.0,3322.0,2075.0,1968.0,48.0,348.0,2618.0,1797.0,528.0,2026.0,1855.0,855.0,1295.0,1692.0,1668.0,65.9
23,서울방배경찰서,2017,2.0,0.0,977.0,1079.0,0.0,30.0,0.0,31.0,0.0,1.0,14.0,92.0,567.0,181.0,2.0,105.0,2.0,30.0,325.0,81.0,0.0,13.0,1.0,640.0,1.0,94.0,945.0,653.0,536.0,25.0,96.0,667.0,589.0,218.0,539.0,561.0,154.0,433.0,555.0,431.0,73.85
24,서울서대문경찰서,2017,3.0,3.0,1850.0,2886.0,1.0,42.0,1.0,53.0,0.0,2.0,89.0,249.0,844.0,282.0,1.0,46.0,3.0,101.0,1354.0,196.0,0.0,65.0,1.0,1432.0,4.0,352.0,2301.0,1600.0,1029.0,40.0,321.0,1897.0,1180.0,461.0,1031.0,1639.0,400.0,808.0,1109.0,974.0,67.55
25,서울서부경찰서,2017,3.0,2.0,738.0,887.0,0.0,19.0,0.0,25.0,0.0,0.0,29.0,148.0,358.0,109.0,0.0,19.0,33.0,64.0,215.0,130.0,0.0,35.0,0.0,396.0,2.0,194.0,758.0,495.0,450.0,20.0,83.0,441.0,475.0,200.0,484.0,375.0,158.0,432.0,387.0,351.0,66.6
26,서울서초경찰서,2017,4.0,1.0,2943.0,4834.0,0.0,60.0,1.0,45.0,0.0,2.0,60.0,521.0,3030.0,417.0,0.0,81.0,17.0,164.0,751.0,288.0,0.0,59.0,1.0,2154.0,11.0,456.0,3921.0,2281.0,1748.0,47.0,241.0,2508.0,2521.0,847.0,1786.0,1968.0,477.0,2224.0,1946.0,1335.0,74.15
27,서울성동경찰서,2017,3.0,0.0,1957.0,2376.0,0.0,57.0,0.0,53.0,0.0,1.0,110.0,287.0,999.0,281.0,4.0,112.0,39.0,40.0,1020.0,184.0,2.0,85.0,0.0,1177.0,7.0,320.0,1965.0,1437.0,1155.0,23.0,191.0,1595.0,1189.0,393.0,1166.0,1063.0,318.0,1073.0,1243.0,860.0,65.0
28,서울성북경찰서,2017,2.0,0.0,1476.0,1022.0,0.0,46.0,0.0,50.0,0.0,0.0,28.0,181.0,503.0,113.0,1.0,24.0,5.0,142.0,277.0,179.0,0.0,23.0,0.0,970.0,2.0,204.0,1313.0,817.0,494.0,45.0,216.0,888.0,712.0,263.0,500.0,681.0,210.0,491.0,633.0,609.0,67.0
29,서울송파경찰서,2017,11.0,1.0,4756.0,4548.0,0.0,147.0,0.0,170.0,0.0,1.0,138.0,383.0,2067.0,824.0,2.0,97.0,77.0,114.0,1415.0,523.0,0.0,100.0,1.0,3474.0,7.0,688.0,4694.0,2863.0,2215.0,114.0,561.0,3075.0,2821.0,947.0,2254.0,3156.0,795.0,1534.0,2169.0,2118.0,66.19999999999999
30,서울수서경찰서,2017,3.0,1.0,2290.0,3842.0,2.0,62.0,0.0,47.0,0.0,0.0,33.0,384.0,2299.0,395.0,1.0,54.0,14.0,34.0,1076.0,211.0,1.0,47.0,0.0,1421.0,5.0,338.0,2922.0,1835.0,1523.0,42.0,229.0,1895.0,1964.0,599.0,1551.0,2593.0,316.0,1126.0,1262.0,983.0,74.45
31,서울양천경찰서,2017,4.0,0.0,2271.0,2270.0,0.0,64.0,0.0,117.0,0.0,1.0,34.0,310.0,1128.0,393.0,1.0,45.0,47.0,36.0,632.0,301.0,0.0,77.0,2.0,1395.0,4.0,390.0,2171.0,1369.0,1221.0,62.0,250.0,1234.0,1441.0,528.0,1246.0,1334.0,381.0,879.0,1142.0,1025.0,69.1
32,서울영등포경찰서,2017,10.0,0.0,3949.0,4703.0,1.0,94.0,1.0,49.0,0.0,0.0,40.0,452.0,2048.0,599.0,1.0,333.0,181.0,45.0,1155.0,307.0,0.0,160.0,2.0,2638.0,9.0,917.0,3883.0,2551.0,2413.0,56.0,380.0,2782.0,2398.0,784.0,2447.0,2592.0,657.0,1563.0,2079.0,1956.0,62.3
33,서울용산경찰서,2017,4.0,1.0,1987.0,2679.0,0.0,44.0,0.0,37.0,0.0,0.0,41.0,294.0,1008.0,469.0,0.0,53.0,20.0,69.0,576.0,183.0,0.0,71.0,3.0,1466.0,9.0,572.0,2110.0,1400.0,1283.0,28.0,153.0,1721.0,1216.0,382.0,1293.0,1197.0,611.0,846.0,1238.0,901.0,66.7
34,서울은평경찰서,2017,8.0,1.0,1316.0,1495.0,6.0,30.0,0.0,132.0,0.0,0.0,36.0,156.0,558.0,302.0,0.0,46.0,4.0,103.0,724.0,133.0,0.0,34.0,2.0,653.0,4.0,305.0,1371.0,900.0,753.0,34.0,207.0,915.0,840.0,274.0,754.0,893.0,266.0,535.0,680.0,650.0,67.5
35,서울종로경찰서,2017,3.0,6.0,1334.0,1536.0,2.0,30.0,0.0,97.0,0.0,1.0,62.0,144.0,672.0,284.0,0.0,81.0,6.0,53.0,558.0,173.0,0.0,49.0,0.0,661.0,1.0,389.0,1435.0,789.0,847.0,14.0,101.0,892.0,854.0,351.0,859.0,867.0,229.0,503.0,821.0,651.0,62.8
36,서울종암경찰서,2017,1.0,0.0,1003.0,1082.0,3.0,39.0,0.0,30.0,0.0,1.0,30.0,174.0,393.0,160.0,3.0,11.0,19.0,110.0,352.0,145.0,0.0,38.0,0.0,602.0,0.0,182.0,1017.0,607.0,565.0,25.0,105.0,645.0,596.0,240.0,578.0,472.0,166.0,619.0,477.0,455.0,64.85
37,서울중랑경찰서,2017,9.0,1.0,2784.0,2560.0,0.0,60.0,0.0,126.0,0.0,1.0,72.0,370.0,804.0,466.0,1.0,119.0,45.0,40.0,634.0,343.0,0.0,73.0,1.0,1970.0,5.0,742.0,2608.0,1579.0,1426.0,60.0,296.0,1575.0,1713.0,537.0,1432.0,1365.0,602.0,1024.0,1253.0,1369.0,61.55
38,서울중부경찰서,2017,2.0,1.0,1534.0,1597.0,1.0,43.0,0.0,89.0,0.0,0.0,28.0,196.0,580.0,486.0,0.0,79.0,7.0,59.0,391.0,139.0,0.0,37.0,1.0,975.0,3.0,342.0,1452.0,857.0,986.0,11.0,93.0,987.0,872.0,336.0,996.0,755.0,294.0,608.0,896.0,742.0,67.15
39,서울혜화경찰서,2017,8.0,2.0,1277.0,1281.0,1.0,28.0,0.0,21.0,0.0,0.0,15.0,117.0,499.0,225.0,1.0,117.0,10.0,31.0,346.0,134.0,0.0,128.0,0.0,715.0,4.0,306.0,1167.0,685.0,781.0,8.0,79.0,756.0,727.0,282.0,781.0,670.0,186.0,479.0,793.0,505.0,65.1
40,충남세종경찰서,2017,5.0,0.0,755.0,1721.0,1.0,27.0,1.0,28.0,0.0,1.0,40.0,226.0,763.0,140.0,1.0,16.0,12.0,52.0,437.0,272.0,0.0,22.0,0.0,588.0,1.0,49.0,1348.0,697.0,534.0,48.0,108.0,799.0,839.0,234.0,551.0,990.0,109.0,453.0,571.0,456.0,69.55000000000001
41,경기수원남부경찰서,2018,3.0,0.0,2489.0,4123.0,0.0,34.0,0.0,171.0,0.0,0.0,20.0,339.0,1428.0,456.0,6.0,188.0,13.0,16.0,1819.0,453.0,0.0,89.0,1.0,1442.0,4.0,586.0,2963.0,1852.0,2025.0,44.0,368.0,2259.0,1765.0,374.0,2030.0,3096.0,627.0,816.0,1078.0,1223.0,69.5
42,경기수원서부경찰서,2018,4.0,0.0,1151.0,2885.0,0.0,26.0,0.0,19.0,0.0,0.0,24.0,227.0,1083.0,222.0,1.0,80.0,10.0,6.0,877.0,230.0,0.0,51.0,2.0,872.0,3.0,445.0,1922.0,1219.0,968.0,36.0,271.0,1386.0,1179.0,224.0,1013.0,1535.0,278.0,557.0,902.0,837.0,67.3
43,경기수원중부경찰서,2018,2.0,0.0,1835.0,3142.0,1.0,25.0,0.0,64.0,0.0,0.0,12.0,255.0,927.0,204.0,3.0,261.0,20.0,7.0,1396.0,342.0,1.0,118.0,0.0,983.0,0.0,564.0,2118.0,1506.0,1457.0,39.0,337.0,1454.0,1435.0,340.0,1476.0,2072.0,381.0,644.0,971.0,1013.0,68.55
44,경남마산동부경찰서,2018,0.0,5.0,758.0,1374.0,0.0,9.0,0.0,10.0,0.0,1.0,11.0,183.0,547.0,101.0,2.0,2.0,5.0,2.0,638.0,92.0,0.0,26.0,0.0,382.0,0.0,188.0,1051.0,620.0,497.0,9.0,118.0,669.0,691.0,183.0,498.0,940.0,107.0,307.0,444.0,370.0,70.35
45,경남마산중부경찰서,2018,0.0,8.0,467.0,1137.0,0.0,5.0,0.0,5.0,0.0,0.0,13.0,118.0,415.0,231.0,1.0,8.0,27.0,3.0,379.0,52.0,0.0,35.0,0.0,252.0,1.0,113.0,671.0,434.0,530.0,4.0,55.0,373.0,505.0,163.0,535.0,751.0,127.0,200.0,294.0,263.0,69.75
46,경남진주경찰서,2018,0.0,0.0,1167.0,2219.0,0.0,6.0,0.0,38.0,0.0,0.0,4.0,253.0,1030.0,127.0,6.0,6.0,35.0,4.0,1199.0,202.0,0.0,42.0,0.0,338.0,3.0,189.0,1648.0,937.0,849.0,20.0,237.0,967.0,1088.0,275.0,847.0,1948.0,157.0,384.0,506.0,439.0,69.25
47,경남진해경찰서,2018,0.0,0.0,467.0,1119.0,0.0,4.0,0.0,1.0,0.0,1.0,2.0,168.0,456.0,55.0,0.0,12.0,3.0,3.0,479.0,106.0,0.0,20.0,0.0,189.0,2.0,101.0,650.0,423.0,521.0,9.0,58.0,391.0,487.0,123.0,526.0,674.0,104.0,395.0,191.0,230.0,73.2
48,경남창원서부경찰서,2018,0.0,0.0,661.0,1464.0,0.0,10.0,0.0,73.0,0.0,0.0,13.0,152.0,534.0,146.0,0.0,10.0,4.0,5.0,771.0,93.0,0.0,39.0,1.0,317.0,1.0,148.0,1059.0,615.0,547.0,11.0,132.0,614.0,779.0,133.0,552.0,1044.0,139.0,280.0,436.0,322.0,66.94999999999999
49,경남창원중부경찰서,2018,0.0,0.0,899.0,2340.0,0.0,11.0,0.0,33.0,0.0,0.0,6.0,211.0,937.0,184.0,0.0,15.0,33.0,1.0,975.0,134.0,0.0,27.0,0.0,626.0,2.0,144.0,1634.0,894.0,761.0,8.0,177.0,1108.0,1037.0,190.0,769.0,1599.0,171.0,499.0,573.0,447.0,69.6
50,서울강남경찰서,2018,6.0,3.0,2009.0,6125.0,1.0,48.0,0.0,71.0,0.0,2.0,18.0,362.0,3327.0,450.0,3.0,176.0,257.0,18.0,1569.0,268.0,0.0,137.0,3.0,1163.0,9.0,541.0,3437.0,2535.0,2311.0,6.0,188.0,2849.0,2167.0,596.0,2477.0,4424.0,534.0,1007.0,1222.0,1096.0,71.6
51,서울강동경찰서,2018,4.0,1.0,1478.0,2374.0,2.0,23.0,0.0,50.0,0.0,2.0,23.0,284.0,939.0,259.0,3.0,45.0,6.0,8.0,968.0,204.0,1.0,38.0,2.0,691.0,0.0,509.0,1743.0,1106.0,1108.0,19.0,124.0,1063.0,1199.0,429.0,1123.0,1617.0,307.0,526.0,739.0,768.0,68.4
52,서울강북경찰서,2018,2.0,0.0,1156.0,2366.0,1.0,25.0,0.0,306.0,0.0,2.0,35.0,205.0,872.0,252.0,1.0,42.0,6.0,10.0,873.0,273.0,0.0,36.0,0.0,721.0,2.0,600.0,1773.0,1149.0,971.0,22.0,222.0,1240.0,1107.0,320.0,982.0,1510.0,439.0,491.0,741.0,712.0,66.15
53,서울강서경찰서,2018,2.0,1.0,2304.0,3941.0,2.0,45.0,0.0,85.0,0.0,0.0,15.0,517.0,1646.0,490.0,1.0,83.0,20.0,8.0,1435.0,375.0,0.0,60.0,2.0,1055.0,3.0,700.0,2697.0,1824.0,1874.0,26.0,226.0,1866.0,1827.0,546.0,1904.0,2521.0,484.0,1078.0,1274.0,1038.0,66.4
54,서울관악경찰서,2018,3.0,0.0,1833.0,4269.0,9.0,48.0,0.0,152.0,0.0,0.0,40.0,468.0,1283.0,520.0,0.0,179.0,11.0,10.0,1358.0,453.0,0.0,51.0,0.0,1137.0,3.0,881.0,2650.0,1857.0,1847.0,161.0,246.0,2199.0,1328.0,548.0,1872.0,2426.0,644.0,788.0,1277.0,1219.0,65.75
55,서울광진경찰서,2018,1.0,0.0,1538.0,2653.0,0.0,42.0,0.0,62.0,0.0,0.0,34.0,356.0,1032.0,383.0,2.0,107.0,25.0,6.0,851.0,222.0,0.0,38.0,2.0,843.0,3.0,460.0,1698.0,1282.0,1350.0,25.0,213.0,1368.0,1067.0,287.0,1370.0,1527.0,359.0,711.0,866.0,867.0,70.15
56,서울구로경찰서,2018,1.0,0.0,2121.0,2859.0,0.0,45.0,0.0,53.0,0.0,0.0,28.0,357.0,1449.0,332.0,0.0,31.0,22.0,6.0,925.0,205.0,1.0,64.0,0.0,1144.0,2.0,569.0,2168.0,1392.0,1547.0,29.0,167.0,1403.0,1463.0,459.0,1586.0,2114.0,311.0,633.0,1116.0,933.0,64.9
57,서울금천경찰서,2018,0.0,0.0,1432.0,2971.0,2.0,28.0,0.0,81.0,0.0,1.0,23.0,244.0,1402.0,359.0,0.0,167.0,26.0,16.0,906.0,167.0,0.0,53.0,0.0,608.0,3.0,587.0,1778.0,1029.0,1731.0,19.0,144.0,1149.0,1185.0,289.0,1752.0,1740.0,293.0,662.0,1006.0,837.0,66.2
58,서울남대문경찰서,2018,1.0,0.0,811.0,1282.0,0.0,20.0,0.0,25.0,0.0,0.0,16.0,181.0,680.0,139.0,0.0,28.0,5.0,2.0,489.0,78.0,0.0,11.0,0.0,344.0,2.0,196.0,901.0,675.0,579.0,0.0,51.0,708.0,617.0,178.0,601.0,754.0,51.0,404.0,638.0,308.0,68.55000000000001
59,서울노원경찰서,2018,3.0,6.0,1370.0,2860.0,1.0,35.0,0.0,75.0,0.0,2.0,41.0,358.0,893.0,259.0,1.0,32.0,4.0,6.0,1289.0,303.0,1.0,148.0,1.0,768.0,1.0,329.0,1874.0,1254.0,1265.0,30.0,335.0,1202.0,1183.0,363.0,1280.0,2132.0,309.0,480.0,741.0,731.0,70.44999999999997
60,서울도봉경찰서,2018,1.0,0.0,824.0,1947.0,1.0,9.0,0.0,32.0,0.0,0.0,35.0,235.0,880.0,148.0,1.0,38.0,9.0,3.0,720.0,165.0,0.0,55.0,1.0,385.0,2.0,207.0,1212.0,854.0,783.0,34.0,129.0,745.0,877.0,272.0,792.0,1393.0,170.0,369.0,513.0,404.0,66.9
61,서울동대문경찰서,2018,1.0,0.0,1470.0,2644.0,2.0,45.0,0.0,125.0,0.0,3.0,37.0,407.0,1100.0,289.0,1.0,64.0,14.0,6.0,959.0,198.0,0.0,152.0,0.0,617.0,1.0,519.0,1867.0,1136.0,1324.0,18.0,177.0,1199.0,1142.0,457.0,1334.0,1628.0,286.0,763.0,885.0,765.0,65.44999999999999
62,서울동작경찰서,2018,3.0,3.0,1164.0,2207.0,0.0,32.0,0.0,33.0,0.0,1.0,47.0,267.0,954.0,182.0,0.0,33.0,6.0,5.0,768.0,177.0,0.0,45.0,3.0,769.0,1.0,280.0,1451.0,1218.0,821.0,19.0,157.0,1213.0,916.0,353.0,832.0,1315.0,242.0,520.0,808.0,605.0,67.65
63,서울마포경찰서,2018,1.0,1.0,1818.0,3882.0,0.0,35.0,0.0,51.0,0.0,0.0,27.0,355.0,1388.0,461.0,0.0,148.0,43.0,8.0,1131.0,329.0,1.0,53.0,0.0,1217.0,3.0,678.0,2293.0,1758.0,1764.0,14.0,301.0,2112.0,1234.0,350.0,1804.0,2051.0,601.0,820.0,1342.0,1001.0,68.9
64,서울방배경찰서,2018,1.0,0.0,887.0,1232.0,0.0,14.0,0.0,18.0,0.0,0.0,6.0,138.0,571.0,150.0,1.0,266.0,4.0,3.0,486.0,51.0,0.0,5.0,1.0,392.0,0.0,90.0,852.0,600.0,706.0,12.0,126.0,582.0,510.0,212.0,716.0,840.0,111.0,344.0,533.0,330.0,78.1
65,서울서대문경찰서,2018,1.0,1.0,1353.0,2518.0,1.0,19.0,0.0,31.0,0.0,0.0,35.0,224.0,743.0,289.0,0.0,63.0,37.0,8.0,1128.0,220.0,0.0,32.0,0.0,838.0,2.0,375.0,1592.0,1323.0,1044.0,19.0,248.0,1412.0,912.0,322.0,1046.0,1548.0,287.0,552.0,843.0,729.0,69.3
66,서울서부경찰서,2018,0.0,1.0,499.0,919.0,1.0,16.0,0.0,16.0,0.0,0.0,6.0,113.0,375.0,88.0,0.0,22.0,2.0,3.0,308.0,102.0,0.0,35.0,0.0,255.0,0.0,155.0,611.0,441.0,406.0,11.0,77.0,400.0,427.0,135.0,408.0,556.0,109.0,230.0,311.0,252.0,67.65
67,서울서초경찰서,2018,4.0,0.0,1761.0,4553.0,1.0,23.0,0.0,51.0,0.0,2.0,14.0,452.0,2922.0,203.0,0.0,26.0,12.0,11.0,769.0,207.0,2.0,56.0,3.0,1286.0,5.0,455.0,2962.0,1808.0,1639.0,17.0,192.0,1996.0,1896.0,637.0,1671.0,2908.0,339.0,1092.0,1247.0,823.0,76.1
68,서울성동경찰서,2018,0.0,0.0,1125.0,2184.0,1.0,23.0,0.0,34.0,0.0,1.0,31.0,268.0,1028.0,188.0,3.0,35.0,6.0,7.0,753.0,110.0,0.0,51.0,0.0,661.0,0.0,289.0,1444.0,1051.0,904.0,8.0,131.0,1196.0,886.0,260.0,918.0,1595.0,171.0,510.0,667.0,456.0,70.44999999999997
69,서울성북경찰서,2018,2.0,2.0,803.0,1235.0,0.0,19.0,0.0,30.0,0.0,0.0,9.0,117.0,472.0,86.0,0.0,30.0,2.0,2.0,511.0,114.0,0.0,19.0,2.0,602.0,1.0,142.0,968.0,697.0,435.0,22.0,129.0,785.0,552.0,173.0,439.0,854.0,131.0,345.0,422.0,348.0,71.30000000000003
70,서울송파경찰서,2018,4.0,0.0,2897.0,4439.0,6.0,52.0,0.0,76.0,0.0,2.0,71.0,441.0,2062.0,401.0,1.0,84.0,39.0,9.0,1472.0,391.0,0.0,63.0,1.0,1915.0,0.0,668.0,3285.0,2295.0,1967.0,51.0,366.0,2305.0,2133.0,675.0,2017.0,3336.0,511.0,958.0,1430.0,1312.0,69.05
71,서울수서경찰서,2018,3.0,0.0,1256.0,3837.0,1.0,22.0,0.0,44.0,0.0,1.0,10.0,324.0,2265.0,236.0,0.0,51.0,11.0,7.0,1025.0,141.0,0.0,36.0,1.0,660.0,1.0,416.0,2262.0,1440.0,1472.0,13.0,154.0,1412.0,1563.0,528.0,1504.0,2616.0,253.0,713.0,919.0,673.0,74.35
72,서울양천경찰서,2018,2.0,0.0,1401.0,2235.0,0.0,34.0,0.0,93.0,0.0,0.0,36.0,271.0,1068.0,175.0,0.0,49.0,12.0,1.0,896.0,232.0,1.0,35.0,1.0,670.0,2.0,388.0,1638.0,1109.0,1054.0,33.0,183.0,958.0,1176.0,383.0,1068.0,1332.0,229.0,657.0,855.0,728.0,70.80000000000003
73,서울영등포경찰서,2018,2.0,0.0,2303.0,4178.0,1.0,29.0,0.0,35.0,0.0,1.0,17.0,360.0,1735.0,306.0,0.0,163.0,94.0,8.0,1050.0,261.0,0.0,50.0,1.0,1698.0,4.0,836.0,2831.0,1805.0,1930.0,39.0,234.0,1966.0,1776.0,595.0,1956.0,2365.0,429.0,1093.0,1399.0,1280.0,67.25
74,서울용산경찰서,2018,1.0,0.0,1303.0,2344.0,1.0,15.0,0.0,107.0,0.0,0.0,31.0,239.0,873.0,342.0,0.0,36.0,9.0,12.0,770.0,159.0,0.0,39.0,1.0,804.0,4.0,514.0,1528.0,1175.0,1099.0,10.0,118.0,1398.0,887.0,275.0,1114.0,1299.0,445.0,506.0,939.0,613.0,70.65
75,서울은평경찰서,2018,1.0,1.0,990.0,1414.0,1.0,17.0,0.0,106.0,0.0,0.0,8.0,155.0,595.0,171.0,0.0,80.0,5.0,4.0,602.0,127.0,0.0,43.0,0.0,475.0,0.0,281.0,1039.0,782.0,717.0,16.0,119.0,734.0,706.0,239.0,724.0,933.0,174.0,360.0,621.0,450.0,71.05000000000003
76,서울종로경찰서,2018,0.0,2.0,928.0,1508.0,1.0,19.0,0.0,69.0,0.0,1.0,36.0,159.0,625.0,189.0,0.0,98.0,5.0,9.0,581.0,124.0,1.0,24.0,0.0,446.0,2.0,301.0,1118.0,723.0,723.0,5.0,65.0,736.0,742.0,276.0,740.0,899.0,152.0,381.0,597.0,535.0,64.35
77,서울종암경찰서,2018,1.0,0.0,591.0,845.0,0.0,15.0,0.0,19.0,0.0,0.0,9.0,94.0,339.0,140.0,1.0,26.0,2.0,7.0,282.0,97.0,0.0,31.0,0.0,309.0,0.0,152.0,605.0,434.0,441.0,14.0,69.0,416.0,389.0,149.0,443.0,523.0,114.0,226.0,339.0,278.0,69.44999999999999
78,서울중랑경찰서,2018,3.0,0.0,1645.0,2257.0,0.0,43.0,0.0,111.0,0.0,0.0,28.0,289.0,718.0,312.0,0.0,123.0,43.0,4.0,671.0,293.0,0.0,86.0,1.0,902.0,5.0,640.0,1616.0,1124.0,1347.0,15.0,180.0,1034.0,1136.0,357.0,1365.0,1519.0,396.0,614.0,745.0,813.0,64.65
79,서울중부경찰서,2018,3.0,1.0,1144.0,1434.0,0.0,12.0,0.0,42.0,0.0,0.0,5.0,228.0,581.0,155.0,0.0,83.0,3.0,6.0,424.0,118.0,0.0,15.0,0.0,728.0,0.0,300.0,1129.0,732.0,780.0,3.0,92.0,783.0,750.0,224.0,789.0,938.0,164.0,409.0,654.0,476.0,68.2
80,서울혜화경찰서,2018,2.0,0.0,789.0,1274.0,0.0,17.0,0.0,33.0,0.0,0.0,11.0,109.0,446.0,121.0,0.0,103.0,6.0,0.0,536.0,107.0,1.0,25.0,0.0,392.0,0.0,280.0,870.0,662.0,594.0,5.0,103.0,643.0,570.0,206.0,599.0,727.0,117.0,301.0,584.0,397.0,60.85
81,충남세종경찰서,2018,2.0,0.0,266.0,1895.0,0.0,2.0,0.0,35.0,0.0,0.0,4.0,236.0,744.0,36.0,2.0,3.0,4.0,1.0,629.0,127.0,2.0,14.0,0.0,342.0,0.0,64.0,1098.0,564.0,542.0,12.0,127.0,616.0,742.0,158.0,549.0,1231.0,73.0,261.0,384.0,255.0,70.3
82,경기수원남부경찰서,2019,2.0,0.0,2399.0,3858.0,0.0,41.0,0.0,162.0,0.0,0.0,26.0,229.0,946.0,213.0,1.0,283.0,129.0,8.0,2059.0,487.0,0.0,64.0,1.0,1514.0,5.0,549.0,3091.0,1787.0,1610.0,58.0,346.0,2532.0,1608.0,324.0,1620.0,2798.0,613.0,772.0,1046.0,1259.0,72.19999999999997
83,경기수원서부경찰서,2019,1.0,0.0,962.0,2382.0,1.0,8.0,0.0,38.0,0.0,1.0,27.0,158.0,745.0,176.0,2.0,64.0,11.0,5.0,709.0,244.0,0.0,16.0,2.0,880.0,2.0,406.0,1578.0,1062.0,780.0,24.0,253.0,1152.0,923.0,265.0,803.0,1229.0,261.0,520.0,711.0,699.0,68.85
84,경기수원중부경찰서,2019,1.0,0.0,1508.0,2362.0,0.0,23.0,0.0,32.0,0.0,1.0,8.0,181.0,468.0,104.0,0.0,156.0,3.0,7.0,1264.0,306.0,3.0,34.0,0.0,880.0,1.0,528.0,1705.0,1228.0,1002.0,35.0,259.0,1191.0,1134.0,309.0,1007.0,1573.0,322.0,475.0,747.0,818.0,72.75
85,경남마산동부경찰서,2019,0.0,8.0,635.0,966.0,0.0,19.0,0.0,8.0,0.0,0.0,14.0,119.0,276.0,57.0,0.0,11.0,2.0,2.0,554.0,98.0,0.0,23.0,2.0,336.0,0.0,170.0,747.0,555.0,348.0,11.0,97.0,599.0,461.0,133.0,349.0,716.0,87.0,243.0,301.0,303.0,69.4
86,경남마산중부경찰서,2019,0.0,0.0,450.0,584.0,0.0,7.0,0.0,2.0,0.0,0.0,11.0,85.0,232.0,29.0,1.0,31.0,22.0,3.0,246.0,51.0,0.0,10.0,0.0,237.0,2.0,105.0,439.0,339.0,276.0,5.0,39.0,227.0,380.0,124.0,279.0,390.0,83.0,149.0,215.0,217.0,72.80000000000003
87,경남진주경찰서,2019,0.0,0.0,934.0,1560.0,0.0,9.0,0.0,42.0,0.0,0.0,8.0,188.0,607.0,82.0,1.0,11.0,14.0,6.0,819.0,178.0,1.0,24.0,0.0,379.0,1.0,242.0,1152.0,767.0,634.0,12.0,161.0,730.0,797.0,216.0,637.0,1281.0,157.0,279.0,407.0,429.0,73.5
88,경남진해경찰서,2019,0.0,0.0,384.0,656.0,0.0,10.0,0.0,5.0,0.0,0.0,7.0,64.0,219.0,46.0,0.0,2.0,5.0,2.0,313.0,88.0,0.0,29.0,1.0,188.0,1.0,104.0,445.0,331.0,286.0,13.0,40.0,274.0,348.0,99.0,288.0,478.0,75.0,147.0,161.0,201.0,70.15
89,경남창원서부경찰서,2019,0.0,0.0,462.0,1048.0,0.0,3.0,0.0,62.0,0.0,0.0,16.0,93.0,258.0,58.0,0.0,6.0,12.0,2.0,612.0,97.0,1.0,16.0,0.0,291.0,1.0,144.0,748.0,472.0,371.0,8.0,81.0,482.0,530.0,116.0,374.0,732.0,121.0,159.0,282.0,297.0,71.9
90,경남창원중부경찰서,2019,0.0,0.0,641.0,1845.0,0.0,11.0,0.0,26.0,0.0,1.0,13.0,105.0,490.0,116.0,1.0,12.0,8.0,0.0,893.0,115.0,1.0,20.0,2.0,635.0,2.0,137.0,1332.0,738.0,467.0,12.0,188.0,965.0,756.0,139.0,477.0,1087.0,156.0,341.0,509.0,444.0,73.69999999999997
91,서울강남경찰서,2019,1.0,1.0,1710.0,4048.0,0.0,29.0,0.0,58.0,0.0,1.0,11.0,272.0,1689.0,324.0,1.0,150.0,201.0,19.0,1277.0,371.0,1.0,66.0,1.0,1092.0,7.0,388.0,2392.0,1662.0,1805.0,6.0,185.0,2057.0,1373.0,383.0,1855.0,2904.0,437.0,642.0,1010.0,866.0,72.4
92,서울강동경찰서,2019,0.0,0.0,1109.0,1791.0,0.0,27.0,0.0,76.0,0.0,1.0,10.0,178.0,508.0,207.0,1.0,47.0,6.0,8.0,732.0,262.0,0.0,28.0,0.0,587.0,2.0,448.0,1271.0,913.0,830.0,23.0,124.0,754.0,904.0,359.0,850.0,1075.0,275.0,352.0,622.0,690.0,71.05
93,서울강북경찰서,2019,0.0,0.0,1346.0,1671.0,0.0,21.0,0.0,193.0,0.0,1.0,52.0,185.0,503.0,195.0,1.0,77.0,5.0,9.0,680.0,255.0,1.0,12.0,1.0,737.0,1.0,622.0,1444.0,963.0,877.0,22.0,193.0,958.0,903.0,321.0,887.0,1154.0,404.0,397.0,612.0,717.0,70.2
94,서울강서경찰서,2019,1.0,0.0,2191.0,2722.0,0.0,39.0,0.0,93.0,0.0,0.0,18.0,298.0,864.0,467.0,1.0,103.0,8.0,9.0,1152.0,364.0,0.0,27.0,2.0,1112.0,4.0,653.0,2063.0,1456.0,1545.0,29.0,161.0,1521.0,1370.0,419.0,1564.0,1707.0,465.0,766.0,1149.0,977.0,68.45
95,서울관악경찰서,2019,0.0,0.0,1655.0,3165.0,2.0,39.0,0.0,135.0,0.0,0.0,39.0,312.0,809.0,315.0,1.0,90.0,13.0,9.0,1044.0,382.0,1.0,27.0,3.0,1197.0,1.0,831.0,2166.0,1544.0,1325.0,128.0,223.0,1779.0,1115.0,450.0,1340.0,1854.0,595.0,640.0,885.0,1061.0,66.6
96,서울광진경찰서,2019,1.0,0.0,1323.0,2097.0,1.0,19.0,0.0,52.0,0.0,0.0,39.0,253.0,524.0,269.0,0.0,68.0,2.0,6.0,736.0,278.0,1.0,19.0,0.0,958.0,5.0,413.0,1407.0,1077.0,1048.0,15.0,211.0,1153.0,826.0,269.0,1058.0,1044.0,374.0,540.0,808.0,766.0,69.5
97,서울구로경찰서,2019,1.0,0.0,1879.0,1950.0,1.0,30.0,0.0,40.0,0.0,1.0,10.0,239.0,733.0,183.0,0.0,33.0,5.0,11.0,793.0,238.0,1.0,20.0,0.0,1141.0,0.0,515.0,1660.0,1183.0,1069.0,34.0,161.0,1140.0,1119.0,375.0,1083.0,1350.0,277.0,535.0,913.0,837.0,67.55
98,서울금천경찰서,2019,0.0,1.0,934.0,2099.0,1.0,16.0,0.0,106.0,0.0,1.0,8.0,179.0,746.0,170.0,1.0,68.0,3.0,14.0,748.0,168.0,0.0,30.0,1.0,575.0,0.0,463.0,1388.0,803.0,975.0,16.0,105.0,878.0,912.0,270.0,985.0,1198.0,224.0,433.0,676.0,635.0,66.44999999999999
99,서울남대문경찰서,2019,0.0,0.0,761.0,965.0,0.0,14.0,0.0,14.0,0.0,0.0,10.0,114.0,342.0,133.0,0.0,16.0,1.0,5.0,528.0,73.0,0.0,19.0,0.0,362.0,1.0,170.0,753.0,547.0,464.0,2.0,87.0,605.0,479.0,111.0,480.0,601.0,49.0,280.0,547.0,287.0,72.0
100,서울노원경찰서,2019,0.0,13.0,1352.0,1893.0,0.0,25.0,0.0,98.0,0.0,1.0,25.0,290.0,600.0,173.0,0.0,22.0,3.0,2.0,847.0,250.0,3.0,42.0,1.0,841.0,2.0,331.0,1404.0,1076.0,927.0,34.0,240.0,887.0,983.0,327.0,936.0,1540.0,245.0,379.0,591.0,652.0,72.95
101,서울도봉경찰서,2019,1.0,2.0,692.0,1306.0,1.0,17.0,0.0,40.0,0.0,1.0,31.0,153.0,423.0,78.0,0.0,50.0,5.0,2.0,551.0,163.0,0.0,29.0,1.0,462.0,1.0,173.0,857.0,642.0,592.0,15.0,116.0,549.0,582.0,234.0,595.0,874.0,146.0,263.0,428.0,380.0,71.5
102,서울동대문경찰서,2019,0.0,0.0,1340.0,1818.0,0.0,29.0,0.0,119.0,0.0,1.0,21.0,235.0,521.0,219.0,0.0,89.0,8.0,7.0,776.0,221.0,1.0,39.0,3.0,739.0,3.0,467.0,1468.0,916.0,944.0,25.0,149.0,943.0,881.0,383.0,947.0,962.0,318.0,565.0,781.0,702.0,70.3
103,서울동작경찰서,2019,0.0,2.0,1095.0,1455.0,2.0,27.0,0.0,45.0,0.0,0.0,57.0,172.0,437.0,160.0,0.0,32.0,6.0,7.0,655.0,151.0,0.0,21.0,1.0,790.0,2.0,249.0,1100.0,936.0,647.0,19.0,129.0,945.0,663.0,274.0,653.0,857.0,221.0,368.0,692.0,545.0,70.25
104,서울마포경찰서,2019,0.0,1.0,1467.0,2603.0,0.0,24.0,0.0,63.0,0.0,0.0,14.0,244.0,799.0,488.0,0.0,84.0,14.0,7.0,725.0,260.0,0.0,21.0,2.0,972.0,3.0,553.0,1615.0,1169.0,1388.0,24.0,218.0,1418.0,821.0,278.0,1413.0,1358.0,461.0,558.0,962.0,833.0,74.05000000000003
105,서울방배경찰서,2019,0.0,0.0,545.0,763.0,1.0,9.0,0.0,13.0,0.0,0.0,5.0,65.0,274.0,64.0,1.0,135.0,0.0,3.0,333.0,51.0,0.0,5.0,0.0,324.0,0.0,81.0,549.0,411.0,376.0,7.0,62.0,405.0,341.0,141.0,380.0,475.0,79.0,219.0,328.0,235.0,75.94999999999997
106,서울서대문경찰서,2019,0.0,3.0,989.0,1917.0,0.0,12.0,0.0,39.0,0.0,0.0,29.0,176.0,389.0,217.0,0.0,38.0,13.0,3.0,710.0,169.0,2.0,70.0,0.0,901.0,2.0,299.0,1166.0,1049.0,774.0,19.0,216.0,1041.0,663.0,271.0,779.0,1190.0,231.0,388.0,569.0,611.0,71.65
107,서울서부경찰서,2019,0.0,0.0,478.0,674.0,0.0,9.0,0.0,8.0,0.0,0.0,2.0,74.0,183.0,57.0,1.0,8.0,5.0,4.0,242.0,93.0,0.0,13.0,1.0,323.0,0.0,167.0,531.0,357.0,283.0,11.0,62.0,328.0,346.0,137.0,287.0,411.0,109.0,159.0,224.0,268.0,69.85
108,서울서초경찰서,2019,1.0,1.0,1567.0,2934.0,1.0,28.0,0.0,50.0,0.0,0.0,9.0,312.0,1318.0,325.0,0.0,26.0,4.0,12.0,580.0,285.0,0.0,27.0,1.0,1257.0,5.0,439.0,1916.0,1321.0,1354.0,16.0,184.0,1487.0,1111.0,412.0,1381.0,1735.0,385.0,729.0,987.0,755.0,76.15
109,서울성동경찰서,2019,2.0,0.0,858.0,1700.0,0.0,12.0,0.0,37.0,0.0,0.0,11.0,162.0,508.0,152.0,3.0,20.0,4.0,4.0,748.0,116.0,2.0,19.0,0.0,614.0,1.0,267.0,1135.0,814.0,671.0,13.0,119.0,889.0,689.0,233.0,677.0,1154.0,157.0,342.0,541.0,426.0,72.3
110,서울성북경찰서,2019,0.0,0.0,594.0,946.0,0.0,3.0,0.0,21.0,0.0,0.0,6.0,93.0,248.0,124.0,0.0,34.0,2.0,1.0,449.0,105.0,0.0,5.0,2.0,386.0,3.0,118.0,597.0,578.0,395.0,19.0,103.0,513.0,382.0,151.0,402.0,683.0,104.0,218.0,339.0,226.0,73.3
111,서울송파경찰서,2019,0.0,1.0,2444.0,3288.0,0.0,50.0,0.0,55.0,0.0,0.0,65.0,313.0,1185.0,296.0,2.0,141.0,9.0,12.0,1186.0,384.0,0.0,24.0,2.0,1723.0,3.0,623.0,2534.0,1771.0,1598.0,34.0,258.0,1861.0,1568.0,576.0,1606.0,2323.0,487.0,710.0,1192.0,1191.0,76.35
112,서울수서경찰서,2019,1.0,4.0,984.0,2393.0,0.0,17.0,0.0,22.0,0.0,1.0,12.0,207.0,1038.0,174.0,1.0,47.0,24.0,1.0,897.0,173.0,0.0,23.0,3.0,605.0,3.0,238.0,1390.0,1101.0,943.0,16.0,147.0,983.0,932.0,400.0,956.0,1685.0,216.0,405.0,645.0,483.0,75.35
113,서울양천경찰서,2019,0.0,0.0,1029.0,1623.0,0.0,19.0,0.0,45.0,0.0,0.0,32.0,171.0,571.0,155.0,1.0,8.0,4.0,7.0,729.0,178.0,2.0,26.0,2.0,554.0,0.0,340.0,1082.0,888.0,778.0,25.0,125.0,701.0,805.0,301.0,791.0,965.0,201.0,429.0,626.0,527.0,72.35
114,서울영등포경찰서,2019,0.0,1.0,2160.0,2842.0,0.0,29.0,1.0,30.0,0.0,0.0,29.0,336.0,775.0,335.0,1.0,55.0,5.0,12.0,909.0,231.0,0.0,23.0,3.0,1613.0,3.0,791.0,2291.0,1475.0,1326.0,27.0,197.0,1718.0,1315.0,500.0,1335.0,1613.0,379.0,760.0,1210.0,1130.0,69.6
115,서울용산경찰서,2019,1.0,0.0,1025.0,1904.0,0.0,17.0,0.0,52.0,0.0,0.0,9.0,164.0,534.0,275.0,0.0,71.0,10.0,9.0,436.0,179.0,0.0,32.0,2.0,806.0,4.0,486.0,1191.0,862.0,955.0,15.0,98.0,1084.0,618.0,218.0,975.0,998.0,356.0,421.0,707.0,526.0,76.05
116,서울은평경찰서,2019,1.0,1.0,795.0,1174.0,2.0,14.0,0.0,95.0,0.0,0.0,12.0,110.0,253.0,105.0,1.0,68.0,2.0,2.0,560.0,113.0,0.0,28.0,0.0,562.0,0.0,290.0,899.0,672.0,523.0,18.0,151.0,668.0,553.0,178.0,526.0,741.0,188.0,273.0,472.0,420.0,69.8
117,서울종로경찰서,2019,1.0,3.0,870.0,903.0,0.0,11.0,0.0,51.0,1.0,0.0,13.0,85.0,341.0,121.0,0.0,139.0,5.0,5.0,276.0,127.0,0.0,5.0,0.0,431.0,4.0,314.0,820.0,445.0,588.0,3.0,40.0,512.0,516.0,189.0,593.0,522.0,127.0,253.0,487.0,464.0,75.6
118,서울종암경찰서,2019,0.0,0.0,497.0,885.0,0.0,14.0,0.0,10.0,0.0,0.0,3.0,114.0,222.0,149.0,0.0,27.0,3.0,6.0,305.0,94.0,0.0,11.0,0.0,323.0,1.0,154.0,542.0,419.0,448.0,11.0,66.0,343.0,367.0,174.0,448.0,472.0,84.0,252.0,337.0,264.0,69.75
119,서울중랑경찰서,2019,1.0,0.0,1417.0,1816.0,0.0,31.0,0.0,123.0,0.0,1.0,26.0,184.0,482.0,237.0,0.0,74.0,15.0,11.0,595.0,274.0,0.0,29.0,0.0,992.0,1.0,521.0,1365.0,1076.0,974.0,22.0,181.0,895.0,983.0,348.0,986.0,1057.0,350.0,513.0,691.0,804.0,66.30000000000001
120,서울중부경찰서,2019,0.0,0.0,1017.0,1352.0,0.0,24.0,0.0,65.0,0.0,0.0,12.0,125.0,333.0,139.0,0.0,88.0,4.0,2.0,679.0,152.0,0.0,16.0,1.0,649.0,2.0,280.0,1070.0,724.0,676.0,6.0,140.0,899.0,538.0,200.0,687.0,872.0,159.0,368.0,603.0,468.0,68.15
121,서울혜화경찰서,2019,1.0,0.0,700.0,1100.0,1.0,16.0,0.0,18.0,0.0,0.0,12.0,100.0,257.0,94.0,0.0,172.0,21.0,0.0,446.0,142.0,0.0,22.0,0.0,352.0,2.0,240.0,693.0,505.0,650.0,2.0,83.0,500.0,424.0,185.0,654.0,535.0,115.0,290.0,573.0,335.0,66.4
122,충남세종경찰서,2019,0.0,0.0,241.0,1376.0,1.0,1.0,0.0,36.0,0.0,0.0,5.0,143.0,353.0,55.0,0.0,3.0,1.0,0.0,617.0,114.0,0.0,12.0,1.0,291.0,3.0,67.0,749.0,490.0,421.0,15.0,95.0,489.0,519.0,119.0,423.0,858.0,62.0,200.0,295.0,245.0,72.95
