,jur_stn,연도,crm_wthr_눈,crm_wthr_만월,crm_wthr_맑음,crm_wthr_미상,crm_wthr_바람,crm_wthr_비,crm_wthr_안개,crm_wthr_암흑,crm_wthr_폭설,crm_wthr_폭풍우,crm_wthr_흐림,crm_clue_고발,crm_clue_고소,crm_clue_기타,crm_clue_변사체,crm_clue_불심검문,crm_clue_여죄,crm_clue_자수,crm_clue_진정,crm_clue_타인신고,crm_clue_탄원,crm_clue_탐문정보,crm_clue_투서,crm_clue_피해자신고,crm_clue_피해품발견,crm_clue_현행범,vic_sx_1,vic_sx_2,vic_sx_3,vic_age_0~12세,vic_age_10대,"vic_age_2,30대","vic_age_4,50대",vic_age_60세초과,vic_age_미상,crm_loc_가방점,crm_loc_강(해)변,crm_loc_검문소,crm_loc_고속도로,crm_loc_고속도로휴게소,crm_loc_고속버스,crm_loc_공사장,crm_loc_공원,crm_loc_공장,crm_loc_공지,crm_loc_공판장,crm_loc_관공서,crm_loc_교량,crm_loc_기숙사,crm_loc_기타,crm_loc_기타가옥(공가.해상가옥),crm_loc_기타교통수단내,crm_loc_노상,crm_loc_노상판매점,crm_loc_대중식당,crm_loc_대형할인매장,crm_loc_병원,crm_loc_사무실,crm_loc_산중,crm_loc_상가아파트,crm_loc_상점,crm_loc_숙박업소목욕탕,crm_loc_슈퍼마켓,crm_loc_승용차,crm_loc_승합차,"crm_loc_시장,노점",crm_loc_시장및상가부근,crm_loc_식품점,crm_loc_신발판매점,crm_loc_아파트,crm_loc_야산,crm_loc_연립가옥,crm_loc_오토바이,crm_loc_오피스텔,crm_loc_일반주택,crm_loc_전답,crm_loc_정류장,crm_loc_종교기관,crm_loc_주유소,crm_loc_주차장,crm_loc_주택,crm_loc_지하도,crm_loc_지하철,crm_loc_차량부속품점,crm_loc_차안,crm_loc_창고,crm_loc_철로,crm_loc_터널,crm_loc_톨게이트,crm_loc_편의점,crm_loc_포장마차,crm_loc_학교,crm_loc_학원,crm_loc_호텔,crm_loc_회사,crm_tm_미상,crm_tm_새벽,crm_tm_오전,crm_tm_오후,crm_tm_저녁,score_교통
0,경기수원남부경찰서,2017,17.0,0.0,4950.0,322.0,0.0,93.0,0.0,77.0,1.0,0.0,47.0,4.0,1.0,154.0,0.0,3023.0,0.0,37.0,0.0,461.0,0.0,0.0,0.0,1807.0,1.0,19.0,1333.0,526.0,3648.0,16.0,39.0,896.0,785.0,123.0,3648.0,0.0,0.0,0.0,12.0,0.0,0.0,0.0,0.0,0.0,0.0,0.0,0.0,0.0,0.0,21.0,0.0,0.0,5399.0,0.0,0.0,0.0,0.0,0.0,0.0,0.0,0.0,0.0,0.0,0.0,0.0,0.0,0.0,0.0,0.0,2.0,0.0,0.0,0.0,0.0,0.0,0.0,0.0,0.0,0.0,73.0,0.0,0.0,0.0,0.0,0.0,0.0,0.0,0.0,0.0,0.0,0.0,0.0,0.0,0.0,0.0,966.0,1331.0,709.0,701.0,1800.0,69.0
1,경기수원서부경찰서,2017,10.0,0.0,1788.0,133.0,0.0,28.0,1.0,7.0,0.0,0.0,24.0,3.0,0.0,126.0,0.0,1209.0,0.0,19.0,1.0,263.0,0.0,2.0,0.0,351.0,0.0,17.0,372.0,120.0,1499.0,8.0,11.0,214.0,212.0,47.0,1499.0,0.0,0.0,0.0,3.0,0.0,0.0,0.0,0.0,0.0,0.0,0.0,0.0,0.0,0.0,10.0,0.0,0.0,1975.0,0.0,0.0,0.0,0.0,0.0,0.0,0.0,1.0,0.0,0.0,0.0,0.0,0.0,0.0,0.0,0.0,0.0,0.0,0.0,0.0,0.0,0.0,0.0,0.0,0.0,0.0,2.0,0.0,0.0,0.0,0.0,0.0,0.0,0.0,0.0,0.0,0.0,0.0,0.0,0.0,0.0,0.0,175.0,262.0,372.0,384.0,798.0,66.4
2,경기수원중부경찰서,2017,7.0,0.0,2370.0,458.0,0.0,51.0,0.0,85.0,0.0,0.0,28.0,9.0,2.0,331.0,0.0,1263.0,2.0,32.0,1.0,215.0,1.0,1.0,0.0,1080.0,0.0,62.0,901.0,418.0,1680.0,22.0,41.0,517.0,561.0,178.0,1680.0,0.0,0.0,0.0,14.0,0.0,0.0,0.0,0.0,0.0,0.0,0.0,0.0,0.0,0.0,64.0,0.0,0.0,2900.0,0.0,0.0,0.0,0.0,0.0,0.0,0.0,0.0,0.0,0.0,0.0,0.0,0.0,0.0,0.0,0.0,0.0,0.0,0.0,0.0,0.0,0.0,0.0,0.0,0.0,1.0,19.0,0.0,0.0,0.0,0.0,0.0,0.0,0.0,0.0,1.0,0.0,0.0,0.0,0.0,0.0,0.0,259.0,421.0,652.0,675.0,992.0,69.55000000000001
3,경남마산동부경찰서,2017,0.0,0.0,1129.0,31.0,0.0,19.0,0.0,3.0,0.0,0.0,10.0,2.0,1.0,98.0,0.0,860.0,1.0,3.0,0.0,88.0,1.0,0.0,0.0,133.0,0.0,5.0,168.0,71.0,953.0,4.0,4.0,87.0,103.0,40.0,954.0,0.0,0.0,0.0,5.0,0.0,0.0,0.0,0.0,0.0,0.0,0.0,0.0,0.0,0.0,7.0,0.0,0.0,1178.0,0.0,0.0,0.0,0.0,0.0,0.0,0.0,0.0,0.0,0.0,0.0,0.0,0.0,0.0,0.0,0.0,0.0,0.0,0.0,0.0,0.0,0.0,0.0,0.0,0.0,0.0,2.0,0.0,0.0,0.0,0.0,0.0,0.0,0.0,0.0,0.0,0.0,0.0,0.0,0.0,0.0,0.0,206.0,195.0,156.0,150.0,485.0,64.45
4,경남마산중부경찰서,2017,0.0,0.0,901.0,294.0,0.0,17.0,0.0,3.0,0.0,0.0,23.0,15.0,1.0,74.0,0.0,902.0,0.0,5.0,1.0,84.0,0.0,0.0,1.0,151.0,0.0,4.0,155.0,68.0,1015.0,5.0,9.0,76.0,95.0,38.0,1015.0,0.0,0.0,0.0,3.0,0.0,0.0,0.0,0.0,0.0,0.0,0.0,0.0,0.0,0.0,7.0,0.0,0.0,1228.0,0.0,0.0,0.0,0.0,0.0,0.0,0.0,0.0,0.0,0.0,0.0,0.0,0.0,0.0,0.0,0.0,0.0,0.0,0.0,0.0,0.0,0.0,0.0,0.0,0.0,0.0,0.0,0.0,0.0,0.0,0.0,0.0,0.0,0.0,0.0,0.0,0.0,0.0,0.0,0.0,0.0,0.0,100.0,372.0,88.0,270.0,408.0,70.19999999999999
5,경남진주경찰서,2017,1.0,0.0,2105.0,310.0,0.0,31.0,1.0,0.0,0.0,0.0,7.0,6.0,1.0,225.0,0.0,1652.0,1.0,7.0,1.0,325.0,0.0,0.0,0.0,233.0,0.0,4.0,206.0,82.0,2167.0,7.0,9.0,74.0,132.0,65.0,2168.0,0.0,0.0,0.0,150.0,1.0,0.0,0.0,0.0,0.0,0.0,0.0,0.0,0.0,0.0,3.0,0.0,0.0,2298.0,0.0,0.0,0.0,0.0,0.0,0.0,0.0,0.0,0.0,0.0,0.0,0.0,0.0,0.0,0.0,0.0,0.0,0.0,0.0,0.0,0.0,0.0,1.0,0.0,0.0,0.0,1.0,0.0,0.0,0.0,0.0,0.0,0.0,0.0,0.0,1.0,0.0,0.0,0.0,0.0,0.0,0.0,218.0,675.0,317.0,326.0,919.0,68.05000000000001
6,경남진해경찰서,2017,0.0,0.0,1182.0,19.0,0.0,23.0,0.0,7.0,0.0,0.0,4.0,7.0,2.0,61.0,0.0,884.0,0.0,3.0,1.0,102.0,0.0,0.0,0.0,169.0,0.0,6.0,122.0,77.0,1036.0,4.0,9.0,71.0,85.0,29.0,1037.0,0.0,0.0,0.0,1.0,0.0,0.0,0.0,0.0,1.0,0.0,0.0,0.0,0.0,0.0,6.0,0.0,0.0,1225.0,1.0,0.0,0.0,0.0,0.0,0.0,0.0,0.0,0.0,0.0,0.0,0.0,0.0,0.0,0.0,0.0,1.0,0.0,0.0,0.0,0.0,0.0,0.0,0.0,0.0,0.0,0.0,0.0,0.0,0.0,0.0,0.0,0.0,0.0,0.0,0.0,0.0,0.0,0.0,0.0,0.0,0.0,142.0,227.0,181.0,176.0,509.0,68.35
7,경남창원서부경찰서,2017,0.0,0.0,1607.0,44.0,0.0,21.0,0.0,3.0,0.0,0.0,50.0,6.0,0.0,33.0,0.0,1215.0,0.0,4.0,1.0,159.0,0.0,0.0,0.0,299.0,0.0,8.0,220.0,72.0,1433.0,1.0,3.0,107.0,136.0,44.0,1434.0,0.0,0.0,0.0,19.0,0.0,0.0,0.0,0.0,0.0,0.0,0.0,0.0,0.0,0.0,9.0,0.0,0.0,1697.0,0.0,0.0,0.0,0.0,0.0,0.0,0.0,0.0,0.0,0.0,0.0,0.0,0.0,0.0,0.0,0.0,0.0,0.0,0.0,0.0,0.0,0.0,0.0,0.0,0.0,0.0,0.0,0.0,0.0,0.0,0.0,0.0,0.0,0.0,0.0,0.0,0.0,0.0,0.0,0.0,0.0,0.0,311.0,335.0,159.0,186.0,734.0,67.55
8,경남창원중부경찰서,2017,0.0,0.0,1677.0,64.0,0.0,27.0,0.0,144.0,0.0,0.0,3.0,28.0,0.0,147.0,0.0,1349.0,1.0,0.0,2.0,167.0,0.0,2.0,0.0,211.0,0.0,8.0,269.0,86.0,1560.0,8.0,19.0,144.0,147.0,37.0,1560.0,0.0,0.0,0.0,19.0,0.0,0.0,0.0,0.0,0.0,0.0,0.0,0.0,2.0,0.0,11.0,0.0,0.0,1880.0,0.0,0.0,0.0,0.0,0.0,0.0,0.0,0.0,0.0,0.0,0.0,0.0,0.0,0.0,0.0,0.0,0.0,0.0,1.0,1.0,0.0,0.0,0.0,0.0,0.0,0.0,1.0,0.0,0.0,0.0,0.0,0.0,0.0,0.0,0.0,0.0,0.0,0.0,0.0,0.0,0.0,0.0,319.0,470.0,245.0,305.0,576.0,66.45
9,서울강남경찰서,2017,10.0,0.0,1712.0,345.0,0.0,45.0,0.0,127.0,0.0,0.0,324.0,3.0,0.0,351.0,0.0,994.0,0.0,9.0,0.0,243.0,0.0,1.0,0.0,930.0,0.0,32.0,810.0,240.0,1513.0,10.0,13.0,494.0,415.0,118.0,1513.0,0.0,0.0,0.0,7.0,0.0,0.0,0.0,0.0,0.0,0.0,0.0,0.0,0.0,0.0,28.0,0.0,0.0,2518.0,0.0,0.0,0.0,0.0,0.0,0.0,0.0,0.0,0.0,0.0,0.0,0.0,0.0,0.0,0.0,0.0,0.0,0.0,0.0,0.0,0.0,0.0,0.0,0.0,0.0,0.0,10.0,0.0,0.0,0.0,0.0,0.0,0.0,0.0,0.0,0.0,0.0,0.0,0.0,0.0,0.0,0.0,225.0,623.0,466.0,410.0,839.0,68.4
10,서울강동경찰서,2017,1.0,0.0,805.0,9.0,0.0,23.0,0.0,11.0,0.0,0.0,65.0,2.0,1.0,56.0,0.0,404.0,1.0,11.0,0.0,116.0,0.0,0.0,0.0,314.0,0.0,9.0,216.0,69.0,629.0,5.0,14.0,103.0,104.0,58.0,630.0,0.0,0.0,0.0,8.0,0.0,0.0,0.0,0.0,0.0,0.0,0.0,0.0,0.0,0.0,7.0,0.0,0.0,895.0,1.0,0.0,0.0,0.0,0.0,0.0,0.0,0.0,0.0,0.0,0.0,0.0,0.0,0.0,0.0,0.0,1.0,0.0,0.0,0.0,0.0,0.0,0.0,0.0,0.0,0.0,2.0,0.0,0.0,0.0,0.0,0.0,0.0,0.0,0.0,0.0,0.0,0.0,0.0,0.0,0.0,0.0,77.0,213.0,121.0,111.0,392.0,72.1
11,서울강북경찰서,2017,8.0,0.0,738.0,36.0,0.0,26.0,0.0,7.0,0.0,0.0,69.0,2.0,2.0,30.0,0.0,429.0,1.0,31.0,0.0,111.0,0.0,0.0,0.0,266.0,0.0,12.0,252.0,67.0,565.0,4.0,22.0,107.0,137.0,48.0,566.0,0.0,0.0,0.0,0.0,0.0,0.0,0.0,0.0,0.0,0.0,0.0,1.0,0.0,0.0,4.0,1.0,0.0,876.0,0.0,0.0,0.0,0.0,0.0,0.0,0.0,0.0,0.0,0.0,0.0,0.0,0.0,0.0,0.0,0.0,0.0,0.0,0.0,0.0,0.0,1.0,0.0,0.0,0.0,0.0,1.0,0.0,0.0,0.0,0.0,0.0,0.0,0.0,0.0,0.0,0.0,0.0,0.0,0.0,0.0,0.0,63.0,190.0,129.0,131.0,371.0,67.15
12,서울강서경찰서,2017,4.0,0.0,2303.0,276.0,0.0,50.0,0.0,161.0,0.0,0.0,43.0,6.0,3.0,926.0,1.0,1330.0,0.0,8.0,1.0,232.0,0.0,2.0,0.0,316.0,0.0,12.0,527.0,219.0,2091.0,11.0,28.0,281.0,313.0,113.0,2091.0,0.0,0.0,0.0,3.0,0.0,0.0,0.0,0.0,0.0,0.0,0.0,0.0,0.0,0.0,13.0,0.0,0.0,2819.0,0.0,0.0,0.0,0.0,0.0,0.0,0.0,0.0,0.0,0.0,0.0,0.0,0.0,1.0,0.0,0.0,1.0,0.0,0.0,0.0,0.0,0.0,0.0,0.0,0.0,0.0,0.0,0.0,0.0,0.0,0.0,0.0,0.0,0.0,0.0,0.0,0.0,0.0,0.0,0.0,0.0,0.0,509.0,737.0,288.0,334.0,969.0,64.8
13,서울관악경찰서,2017,4.0,0.0,1742.0,56.0,0.0,14.0,0.0,54.0,0.0,0.0,7.0,2.0,1.0,126.0,0.0,1164.0,0.0,25.0,4.0,166.0,0.0,2.0,0.0,371.0,0.0,16.0,362.0,100.0,1415.0,3.0,13.0,174.0,191.0,81.0,1415.0,0.0,0.0,0.0,2.0,0.0,0.0,0.0,0.0,0.0,0.0,0.0,0.0,0.0,0.0,8.0,0.0,0.0,1859.0,0.0,0.0,0.0,0.0,0.0,0.0,0.0,0.0,0.0,0.0,0.0,0.0,0.0,0.0,0.0,0.0,0.0,0.0,0.0,0.0,0.0,0.0,0.0,0.0,0.0,0.0,3.0,0.0,0.0,0.0,0.0,0.0,0.0,0.0,5.0,0.0,0.0,0.0,0.0,0.0,0.0,0.0,112.0,393.0,290.0,267.0,815.0,66.25
14,서울광진경찰서,2017,4.0,0.0,1496.0,30.0,0.0,27.0,0.0,80.0,0.0,0.0,5.0,2.0,1.0,120.0,0.0,950.0,2.0,17.0,1.0,155.0,0.0,0.0,1.0,382.0,0.0,11.0,317.0,111.0,1214.0,4.0,19.0,168.0,167.0,68.0,1216.0,0.0,0.0,0.0,5.0,0.0,0.0,0.0,0.0,0.0,0.0,0.0,0.0,0.0,0.0,20.0,0.0,0.0,1616.0,1.0,0.0,0.0,0.0,0.0,0.0,0.0,0.0,0.0,0.0,0.0,0.0,0.0,0.0,0.0,0.0,0.0,0.0,0.0,0.0,0.0,0.0,0.0,0.0,0.0,0.0,0.0,0.0,0.0,0.0,0.0,0.0,0.0,0.0,0.0,0.0,0.0,0.0,0.0,0.0,0.0,0.0,228.0,414.0,255.0,277.0,468.0,68.9
15,서울구로경찰서,2017,2.0,0.0,984.0,27.0,0.0,24.0,0.0,27.0,0.0,0.0,34.0,5.0,2.0,131.0,0.0,389.0,0.0,16.0,1.0,154.0,1.0,0.0,0.0,385.0,0.0,14.0,372.0,112.0,614.0,15.0,28.0,173.0,198.0,68.0,616.0,0.0,0.0,0.0,2.0,0.0,0.0,0.0,0.0,0.0,0.0,0.0,0.0,0.0,0.0,16.0,0.0,0.0,1078.0,0.0,0.0,0.0,0.0,0.0,0.0,0.0,0.0,0.0,0.0,0.0,0.0,0.0,0.0,0.0,0.0,1.0,0.0,0.0,0.0,0.0,0.0,0.0,0.0,0.0,0.0,1.0,0.0,0.0,0.0,0.0,0.0,0.0,0.0,0.0,0.0,0.0,0.0,0.0,0.0,0.0,0.0,100.0,192.0,193.0,209.0,404.0,69.9
16,서울금천경찰서,2017,1.0,0.0,1010.0,122.0,0.0,20.0,0.0,36.0,0.0,0.0,15.0,1.0,1.0,92.0,0.0,352.0,0.0,4.0,1.0,121.0,1.0,1.0,0.0,623.0,0.0,7.0,545.0,152.0,507.0,11.0,26.0,266.0,298.0,96.0,507.0,0.0,0.0,0.0,0.0,0.0,0.0,0.0,0.0,0.0,0.0,0.0,0.0,0.0,0.0,6.0,0.0,0.0,1195.0,0.0,0.0,0.0,0.0,0.0,0.0,0.0,0.0,0.0,0.0,0.0,0.0,0.0,0.0,0.0,0.0,2.0,0.0,0.0,0.0,0.0,0.0,0.0,0.0,0.0,0.0,0.0,0.0,0.0,0.0,0.0,0.0,0.0,0.0,1.0,0.0,0.0,0.0,0.0,0.0,0.0,0.0,70.0,226.0,271.0,274.0,363.0,67.1
17,서울남대문경찰서,2017,2.0,0.0,406.0,5.0,0.0,9.0,0.0,1.0,0.0,0.0,17.0,1.0,0.0,48.0,0.0,126.0,0.0,13.0,0.0,25.0,0.0,0.0,0.0,215.0,0.0,12.0,173.0,49.0,218.0,0.0,3.0,88.0,102.0,28.0,219.0,0.0,0.0,0.0,0.0,0.0,0.0,0.0,0.0,0.0,0.0,0.0,0.0,0.0,0.0,7.0,0.0,0.0,430.0,0.0,0.0,0.0,0.0,0.0,0.0,0.0,0.0,0.0,0.0,0.0,0.0,0.0,1.0,0.0,0.0,0.0,0.0,0.0,0.0,0.0,0.0,0.0,0.0,0.0,0.0,2.0,0.0,0.0,0.0,0.0,0.0,0.0,0.0,0.0,0.0,0.0,0.0,0.0,0.0,0.0,0.0,28.0,40.0,74.0,120.0,178.0,68.94999999999999
18,서울노원경찰서,2017,9.0,5.0,1006.0,109.0,0.0,33.0,0.0,45.0,1.0,0.0,16.0,1.0,1.0,206.0,0.0,598.0,0.0,7.0,1.0,172.0,0.0,3.0,0.0,217.0,0.0,18.0,232.0,79.0,913.0,6.0,10.0,87.0,156.0,52.0,913.0,0.0,0.0,0.0,3.0,0.0,0.0,0.0,0.0,0.0,0.0,0.0,0.0,0.0,0.0,7.0,0.0,0.0,1208.0,0.0,0.0,0.0,0.0,0.0,0.0,0.0,0.0,0.0,0.0,0.0,0.0,0.0,0.0,0.0,0.0,3.0,0.0,0.0,0.0,0.0,0.0,0.0,0.0,0.0,0.0,2.0,0.0,0.0,0.0,0.0,0.0,0.0,0.0,1.0,0.0,0.0,0.0,0.0,0.0,0.0,0.0,135.0,348.0,201.0,212.0,328.0,72.3
19,서울도봉경찰서,2017,1.0,0.0,603.0,9.0,0.0,20.0,1.0,4.0,0.0,0.0,34.0,3.0,0.0,58.0,0.0,355.0,0.0,13.0,0.0,90.0,0.0,0.0,0.0,148.0,0.0,5.0,153.0,51.0,468.0,3.0,10.0,56.0,92.0,43.0,468.0,0.0,0.0,0.0,0.0,0.0,0.0,0.0,0.0,0.0,0.0,0.0,0.0,0.0,0.0,3.0,0.0,0.0,669.0,0.0,0.0,0.0,0.0,0.0,0.0,0.0,0.0,0.0,0.0,0.0,0.0,0.0,0.0,0.0,0.0,0.0,0.0,0.0,0.0,0.0,0.0,0.0,0.0,0.0,0.0,0.0,0.0,0.0,0.0,0.0,0.0,0.0,0.0,0.0,0.0,0.0,0.0,0.0,0.0,0.0,0.0,60.0,156.0,73.0,128.0,255.0,67.15
20,서울동대문경찰서,2017,5.0,0.0,1141.0,21.0,0.0,32.0,0.0,21.0,0.0,0.0,70.0,5.0,2.0,281.0,0.0,400.0,0.0,22.0,1.0,132.0,2.0,2.0,0.0,422.0,1.0,20.0,452.0,175.0,663.0,14.0,21.0,206.0,267.0,119.0,663.0,0.0,0.0,0.0,2.0,0.0,0.0,0.0,0.0,0.0,0.0,0.0,0.0,0.0,0.0,14.0,0.0,0.0,1269.0,0.0,0.0,0.0,0.0,0.0,0.0,0.0,0.0,0.0,0.0,0.0,0.0,0.0,1.0,0.0,0.0,0.0,0.0,0.0,0.0,0.0,0.0,0.0,0.0,0.0,0.0,4.0,0.0,0.0,0.0,0.0,0.0,0.0,0.0,0.0,0.0,0.0,0.0,0.0,0.0,0.0,0.0,64.0,211.0,296.0,321.0,398.0,69.75
21,서울동작경찰서,2017,8.0,0.0,680.0,15.0,0.0,14.0,0.0,10.0,0.0,0.0,19.0,11.0,2.0,63.0,0.0,262.0,0.0,27.0,0.0,129.0,0.0,1.0,0.0,244.0,0.0,7.0,234.0,78.0,434.0,4.0,11.0,127.0,122.0,47.0,435.0,0.0,0.0,0.0,2.0,0.0,0.0,0.0,0.0,0.0,0.0,0.0,0.0,0.0,0.0,5.0,0.0,0.0,734.0,1.0,0.0,0.0,0.0,0.0,0.0,0.0,0.0,0.0,0.0,0.0,0.0,0.0,1.0,0.0,0.0,0.0,0.0,0.0,0.0,0.0,0.0,0.0,0.0,0.0,0.0,1.0,1.0,0.0,0.0,0.0,0.0,0.0,0.0,0.0,0.0,0.0,1.0,0.0,0.0,0.0,0.0,86.0,164.0,113.0,131.0,252.0,65.44999999999999
22,서울마포경찰서,2017,5.0,0.0,1845.0,172.0,0.0,24.0,0.0,27.0,0.0,0.0,11.0,3.0,0.0,130.0,0.0,1141.0,1.0,24.0,2.0,247.0,1.0,3.0,0.0,508.0,1.0,23.0,419.0,132.0,1533.0,6.0,22.0,231.0,223.0,68.0,1534.0,0.0,0.0,0.0,16.0,0.0,0.0,0.0,0.0,0.0,0.0,0.0,0.0,0.0,0.0,18.0,0.0,0.0,2047.0,0.0,0.0,0.0,0.0,0.0,0.0,0.0,0.0,0.0,0.0,0.0,0.0,0.0,0.0,0.0,0.0,0.0,0.0,0.0,0.0,0.0,0.0,0.0,0.0,0.0,0.0,3.0,0.0,0.0,0.0,0.0,0.0,0.0,0.0,0.0,0.0,0.0,0.0,0.0,0.0,0.0,0.0,185.0,629.0,330.0,343.0,597.0,67.55
23,서울방배경찰서,2017,0.0,0.0,699.0,7.0,0.0,7.0,0.0,0.0,0.0,0.0,5.0,1.0,0.0,65.0,0.0,264.0,0.0,9.0,0.0,87.0,0.0,0.0,0.0,289.0,0.0,3.0,231.0,95.0,392.0,2.0,8.0,135.0,141.0,41.0,391.0,0.0,0.0,0.0,0.0,0.0,0.0,0.0,0.0,0.0,0.0,0.0,0.0,0.0,0.0,7.0,0.0,0.0,711.0,0.0,0.0,0.0,0.0,0.0,0.0,0.0,0.0,0.0,0.0,0.0,0.0,0.0,0.0,0.0,0.0,0.0,0.0,0.0,0.0,0.0,0.0,0.0,0.0,0.0,0.0,0.0,0.0,0.0,0.0,0.0,0.0,0.0,0.0,0.0,0.0,0.0,0.0,0.0,0.0,0.0,0.0,49.0,180.0,122.0,138.0,229.0,71.19999999999997
24,서울서대문경찰서,2017,3.0,0.0,547.0,58.0,0.0,11.0,0.0,2.0,0.0,0.0,22.0,8.0,2.0,25.0,0.0,266.0,0.0,9.0,1.0,94.0,0.0,0.0,0.0,233.0,0.0,5.0,179.0,68.0,396.0,3.0,16.0,84.0,103.0,41.0,396.0,0.0,0.0,0.0,5.0,0.0,0.0,0.0,0.0,0.0,0.0,0.0,0.0,1.0,0.0,5.0,0.0,0.0,629.0,1.0,0.0,0.0,0.0,0.0,0.0,0.0,0.0,0.0,0.0,0.0,0.0,0.0,1.0,0.0,0.0,0.0,0.0,0.0,0.0,0.0,0.0,0.0,0.0,0.0,0.0,1.0,0.0,0.0,0.0,0.0,0.0,0.0,0.0,0.0,0.0,0.0,0.0,0.0,0.0,0.0,0.0,87.0,143.0,114.0,104.0,195.0,68.75
25,서울서부경찰서,2017,4.0,0.0,377.0,1.0,0.0,13.0,0.0,22.0,0.0,0.0,2.0,0.0,0.0,16.0,0.0,159.0,0.0,14.0,2.0,100.0,0.0,0.0,0.0,127.0,0.0,1.0,128.0,46.0,245.0,4.0,4.0,62.0,72.0,28.0,249.0,0.0,0.0,0.0,0.0,0.0,0.0,0.0,0.0,0.0,0.0,0.0,0.0,0.0,0.0,0.0,0.0,0.0,419.0,0.0,0.0,0.0,0.0,0.0,0.0,0.0,0.0,0.0,0.0,0.0,0.0,0.0,0.0,0.0,0.0,0.0,0.0,0.0,0.0,0.0,0.0,0.0,0.0,0.0,0.0,0.0,0.0,0.0,0.0,0.0,0.0,0.0,0.0,0.0,0.0,0.0,0.0,0.0,0.0,0.0,0.0,22.0,84.0,67.0,83.0,163.0,69.94999999999999
26,서울서초경찰서,2017,10.0,0.0,1511.0,60.0,0.0,26.0,0.0,11.0,0.0,0.0,32.0,17.0,7.0,96.0,1.0,531.0,2.0,45.0,2.0,231.0,0.0,0.0,0.0,696.0,0.0,22.0,518.0,221.0,911.0,5.0,16.0,335.0,298.0,85.0,911.0,0.0,0.0,0.0,27.0,0.0,0.0,0.0,0.0,0.0,0.0,0.0,0.0,0.0,0.0,31.0,0.0,0.0,1583.0,0.0,0.0,0.0,0.0,2.0,0.0,0.0,0.0,0.0,0.0,1.0,0.0,0.0,0.0,0.0,0.0,0.0,0.0,0.0,0.0,0.0,0.0,0.0,0.0,0.0,0.0,4.0,0.0,0.0,0.0,0.0,0.0,0.0,0.0,1.0,0.0,0.0,0.0,0.0,0.0,1.0,0.0,119.0,279.0,345.0,351.0,556.0,70.5
27,서울성동경찰서,2017,3.0,0.0,1162.0,6.0,0.0,17.0,0.0,2.0,0.0,0.0,38.0,3.0,1.0,82.0,0.0,684.0,0.0,4.0,2.0,115.0,0.0,0.0,0.0,330.0,0.0,7.0,275.0,75.0,878.0,1.0,12.0,130.0,155.0,52.0,878.0,0.0,0.0,0.0,4.0,0.0,0.0,0.0,0.0,0.0,0.0,0.0,2.0,0.0,0.0,6.0,0.0,0.0,1214.0,0.0,0.0,0.0,0.0,0.0,0.0,0.0,0.0,0.0,0.0,0.0,0.0,0.0,0.0,0.0,0.0,0.0,0.0,0.0,0.0,0.0,0.0,0.0,0.0,0.0,0.0,2.0,0.0,0.0,0.0,0.0,0.0,0.0,0.0,0.0,0.0,0.0,0.0,0.0,0.0,0.0,0.0,146.0,320.0,224.0,232.0,306.0,66.05000000000001
28,서울성북경찰서,2017,1.0,0.0,635.0,3.0,0.0,14.0,0.0,21.0,1.0,0.0,17.0,1.0,1.0,23.0,0.0,382.0,0.0,12.0,0.0,85.0,0.0,1.0,0.0,173.0,0.0,14.0,135.0,46.0,511.0,5.0,15.0,66.0,70.0,25.0,511.0,0.0,0.0,0.0,1.0,0.0,0.0,0.0,0.0,0.0,0.0,0.0,0.0,0.0,0.0,9.0,0.0,0.0,677.0,0.0,0.0,0.0,1.0,0.0,0.0,0.0,0.0,0.0,0.0,0.0,0.0,0.0,0.0,0.0,0.0,0.0,0.0,0.0,0.0,0.0,0.0,0.0,0.0,0.0,0.0,3.0,0.0,0.0,0.0,0.0,1.0,0.0,0.0,0.0,0.0,0.0,0.0,0.0,0.0,0.0,0.0,82.0,238.0,106.0,100.0,166.0,70.19999999999999
29,서울송파경찰서,2017,4.0,0.0,1363.0,258.0,1.0,42.0,0.0,238.0,0.0,0.0,36.0,4.0,2.0,198.0,0.0,870.0,0.0,29.0,2.0,277.0,0.0,0.0,0.0,547.0,0.0,13.0,500.0,150.0,1292.0,22.0,25.0,245.0,262.0,93.0,1295.0,0.0,0.0,0.0,5.0,0.0,0.0,0.0,0.0,0.0,0.0,0.0,0.0,0.0,1.0,11.0,0.0,0.0,1917.0,0.0,0.0,1.0,0.0,0.0,0.0,0.0,0.0,0.0,0.0,0.0,0.0,1.0,1.0,0.0,0.0,0.0,0.0,0.0,0.0,0.0,0.0,0.0,0.0,0.0,0.0,5.0,0.0,0.0,0.0,0.0,0.0,0.0,0.0,0.0,0.0,0.0,0.0,0.0,0.0,0.0,0.0,140.0,404.0,313.0,296.0,789.0,70.25
30,서울수서경찰서,2017,5.0,0.0,1062.0,46.0,0.0,23.0,0.0,23.0,0.0,0.0,32.0,3.0,0.0,75.0,0.0,345.0,0.0,19.0,0.0,147.0,0.0,1.0,0.0,578.0,0.0,23.0,433.0,193.0,565.0,12.0,21.0,238.0,280.0,75.0,565.0,0.0,0.0,0.0,3.0,0.0,0.0,0.0,0.0,0.0,0.0,0.0,0.0,0.0,0.0,17.0,0.0,0.0,1167.0,0.0,0.0,0.0,0.0,0.0,0.0,0.0,0.0,0.0,0.0,0.0,0.0,0.0,0.0,0.0,0.0,0.0,0.0,0.0,0.0,0.0,0.0,0.0,0.0,0.0,0.0,4.0,0.0,0.0,0.0,0.0,0.0,0.0,0.0,0.0,0.0,0.0,0.0,0.0,0.0,0.0,0.0,98.0,222.0,216.0,269.0,386.0,72.9
31,서울양천경찰서,2017,6.0,0.0,985.0,224.0,0.0,26.0,0.0,4.0,0.0,0.0,11.0,4.0,1.0,242.0,0.0,422.0,1.0,13.0,1.0,135.0,0.0,1.0,0.0,433.0,0.0,3.0,357.0,136.0,763.0,17.0,21.0,174.0,205.0,76.0,763.0,0.0,0.0,0.0,6.0,0.0,0.0,0.0,0.0,0.0,0.0,0.0,0.0,0.0,0.0,7.0,0.0,0.0,1241.0,0.0,0.0,0.0,0.0,0.0,0.0,0.0,0.0,0.0,0.0,0.0,0.0,0.0,0.0,0.0,0.0,0.0,0.0,0.0,0.0,0.0,0.0,0.0,0.0,0.0,0.0,2.0,0.0,0.0,0.0,0.0,0.0,0.0,0.0,0.0,0.0,0.0,0.0,0.0,0.0,0.0,0.0,155.0,298.0,191.0,209.0,403.0,70.05000000000001
32,서울영등포경찰서,2017,8.0,0.0,2039.0,419.0,0.0,30.0,0.0,6.0,0.0,0.0,16.0,10.0,4.0,351.0,0.0,1167.0,1.0,50.0,0.0,210.0,0.0,0.0,0.0,699.0,0.0,26.0,768.0,248.0,1502.0,14.0,35.0,434.0,390.0,142.0,1503.0,0.0,0.0,0.0,4.0,0.0,0.0,1.0,0.0,0.0,0.0,0.0,0.0,0.0,0.0,25.0,1.0,0.0,2482.0,0.0,0.0,0.0,0.0,0.0,0.0,0.0,0.0,0.0,0.0,0.0,0.0,0.0,0.0,0.0,0.0,0.0,0.0,0.0,0.0,0.0,0.0,0.0,0.0,0.0,0.0,5.0,0.0,0.0,0.0,0.0,0.0,0.0,0.0,0.0,0.0,0.0,0.0,0.0,0.0,0.0,0.0,219.0,639.0,397.0,484.0,779.0,67.80000000000001
33,서울용산경찰서,2017,6.0,0.0,1310.0,220.0,0.0,32.0,0.0,20.0,0.0,0.0,18.0,7.0,0.0,124.0,0.0,575.0,0.0,23.0,3.0,185.0,1.0,3.0,0.0,655.0,0.0,30.0,573.0,206.0,827.0,7.0,24.0,331.0,313.0,103.0,828.0,0.0,0.0,0.0,7.0,0.0,0.0,1.0,0.0,0.0,0.0,0.0,0.0,0.0,0.0,111.0,0.0,1.0,1475.0,0.0,0.0,0.0,0.0,0.0,0.0,0.0,0.0,0.0,0.0,0.0,0.0,0.0,0.0,0.0,0.0,0.0,0.0,0.0,0.0,0.0,0.0,0.0,0.0,0.0,0.0,11.0,0.0,0.0,0.0,0.0,0.0,0.0,0.0,0.0,0.0,0.0,0.0,0.0,0.0,0.0,0.0,160.0,382.0,273.0,285.0,506.0,68.05000000000001
34,서울은평경찰서,2017,3.0,0.0,751.0,16.0,0.0,18.0,0.0,204.0,0.0,0.0,42.0,0.0,0.0,182.0,0.0,549.0,0.0,18.0,0.0,61.0,0.0,0.0,0.0,220.0,0.0,4.0,243.0,88.0,703.0,0.0,12.0,84.0,111.0,45.0,782.0,0.0,0.0,0.0,0.0,0.0,0.0,0.0,0.0,0.0,0.0,0.0,0.0,0.0,0.0,2.0,0.0,0.0,1030.0,0.0,0.0,0.0,0.0,1.0,0.0,0.0,0.0,0.0,0.0,0.0,0.0,0.0,0.0,0.0,0.0,0.0,0.0,0.0,0.0,0.0,0.0,0.0,0.0,0.0,0.0,1.0,0.0,0.0,0.0,0.0,0.0,0.0,0.0,0.0,0.0,0.0,0.0,0.0,0.0,0.0,0.0,136.0,335.0,105.0,147.0,311.0,67.6
35,서울종로경찰서,2017,6.0,0.0,346.0,4.0,0.0,16.0,0.0,28.0,0.0,0.0,12.0,2.0,0.0,28.0,0.0,194.0,0.0,11.0,0.0,56.0,0.0,0.0,0.0,114.0,0.0,7.0,101.0,31.0,280.0,2.0,2.0,46.0,64.0,18.0,280.0,0.0,0.0,0.0,0.0,0.0,0.0,0.0,0.0,0.0,0.0,0.0,0.0,0.0,0.0,4.0,0.0,0.0,405.0,0.0,0.0,0.0,0.0,0.0,0.0,0.0,0.0,0.0,0.0,0.0,0.0,0.0,0.0,0.0,0.0,0.0,0.0,0.0,0.0,0.0,0.0,0.0,0.0,0.0,0.0,3.0,0.0,0.0,0.0,0.0,0.0,0.0,0.0,0.0,0.0,0.0,0.0,0.0,0.0,0.0,0.0,38.0,74.0,63.0,83.0,154.0,69.5
36,서울종암경찰서,2017,5.0,0.0,548.0,26.0,0.0,23.0,0.0,29.0,0.0,0.0,23.0,2.0,1.0,145.0,0.0,227.0,0.0,26.0,0.0,75.0,0.0,0.0,0.0,170.0,0.0,8.0,162.0,50.0,442.0,1.0,6.0,79.0,88.0,37.0,443.0,0.0,0.0,0.0,1.0,0.0,0.0,0.0,0.0,0.0,0.0,0.0,0.0,0.0,0.0,2.0,0.0,0.0,650.0,0.0,0.0,0.0,0.0,0.0,0.0,0.0,0.0,0.0,0.0,0.0,0.0,0.0,0.0,0.0,0.0,0.0,0.0,0.0,0.0,0.0,0.0,0.0,0.0,0.0,0.0,1.0,0.0,0.0,0.0,0.0,0.0,0.0,0.0,0.0,0.0,0.0,0.0,0.0,0.0,0.0,0.0,47.0,107.0,102.0,89.0,309.0,70.1
37,서울중랑경찰서,2017,7.0,0.0,968.0,28.0,1.0,27.0,0.0,31.0,0.0,0.0,27.0,6.0,0.0,385.0,0.0,273.0,0.0,5.0,0.0,92.0,0.0,0.0,0.0,311.0,0.0,17.0,249.0,99.0,741.0,5.0,12.0,134.0,150.0,47.0,741.0,0.0,0.0,0.0,2.0,0.0,0.0,0.0,0.0,0.0,0.0,0.0,0.0,0.0,0.0,5.0,0.0,0.0,1077.0,1.0,0.0,0.0,0.0,0.0,0.0,0.0,0.0,0.0,0.0,0.0,0.0,1.0,0.0,0.0,0.0,0.0,0.0,0.0,0.0,0.0,1.0,0.0,0.0,0.0,0.0,2.0,0.0,0.0,0.0,0.0,0.0,0.0,0.0,0.0,0.0,0.0,0.0,0.0,0.0,0.0,0.0,76.0,321.0,151.0,159.0,382.0,68.4
38,서울중부경찰서,2017,3.0,0.0,608.0,34.0,0.0,13.0,0.0,17.0,0.0,0.0,34.0,1.0,0.0,102.0,0.0,312.0,0.0,8.0,0.0,47.0,0.0,1.0,0.0,182.0,0.0,56.0,175.0,49.0,485.0,2.0,2.0,94.0,94.0,31.0,486.0,0.0,0.0,0.0,0.0,0.0,0.0,0.0,0.0,0.0,0.0,0.0,0.0,0.0,0.0,9.0,0.0,0.0,696.0,0.0,0.0,0.0,0.0,0.0,0.0,0.0,0.0,0.0,1.0,0.0,0.0,0.0,0.0,0.0,0.0,0.0,0.0,0.0,0.0,0.0,1.0,0.0,0.0,0.0,0.0,2.0,0.0,0.0,0.0,0.0,0.0,0.0,0.0,0.0,0.0,0.0,0.0,0.0,0.0,0.0,0.0,42.0,114.0,161.0,191.0,201.0,70.6
39,서울혜화경찰서,2017,1.0,4.0,785.0,4.0,0.0,28.0,0.0,7.0,0.0,0.0,31.0,0.0,1.0,99.0,0.0,328.0,0.0,5.0,0.0,37.0,0.0,0.0,1.0,94.0,0.0,295.0,82.0,33.0,745.0,1.0,4.0,31.0,52.0,27.0,745.0,0.0,0.0,0.0,0.0,0.0,0.0,0.0,0.0,0.0,0.0,0.0,0.0,0.0,0.0,8.0,0.0,0.0,851.0,0.0,0.0,0.0,0.0,0.0,0.0,0.0,0.0,0.0,0.0,0.0,0.0,0.0,0.0,0.0,0.0,0.0,0.0,0.0,0.0,0.0,0.0,0.0,0.0,0.0,0.0,1.0,0.0,0.0,0.0,0.0,0.0,0.0,0.0,0.0,0.0,0.0,0.0,0.0,0.0,0.0,0.0,33.0,99.0,164.0,281.0,283.0,69.9
40,충남세종경찰서,2017,7.0,0.0,637.0,111.0,0.0,25.0,2.0,26.0,0.0,0.0,35.0,3.0,4.0,102.0,0.0,272.0,0.0,11.0,2.0,234.0,0.0,3.0,0.0,209.0,0.0,3.0,263.0,83.0,497.0,8.0,13.0,131.0,146.0,45.0,500.0,0.0,0.0,0.0,6.0,0.0,0.0,1.0,0.0,0.0,0.0,0.0,1.0,0.0,0.0,3.0,0.0,0.0,829.0,0.0,0.0,0.0,0.0,0.0,0.0,0.0,0.0,0.0,0.0,0.0,0.0,0.0,0.0,0.0,0.0,2.0,0.0,0.0,0.0,0.0,0.0,0.0,0.0,0.0,0.0,1.0,0.0,0.0,0.0,0.0,0.0,0.0,0.0,0.0,0.0,0.0,0.0,0.0,0.0,0.0,0.0,66.0,159.0,126.0,158.0,334.0,68.1
41,경기수원남부경찰서,2018,29.0,0.0,4426.0,335.0,0.0,175.0,0.0,32.0,0.0,0.0,41.0,3.0,1.0,207.0,0.0,2325.0,0.0,97.0,2.0,608.0,0.0,0.0,0.0,1777.0,0.0,18.0,1274.0,654.0,3110.0,50.0,104.0,822.0,728.0,224.0,3110.0,0.0,0.0,0.0,4.0,0.0,0.0,1.0,0.0,0.0,0.0,0.0,0.0,0.0,0.0,6.0,0.0,0.0,5009.0,0.0,0.0,1.0,1.0,0.0,1.0,0.0,0.0,1.0,0.0,0.0,0.0,0.0,0.0,0.0,0.0,0.0,0.0,0.0,0.0,0.0,0.0,0.0,0.0,0.0,0.0,14.0,0.0,0.0,0.0,0.0,0.0,0.0,0.0,0.0,0.0,0.0,0.0,0.0,0.0,0.0,0.0,967.0,1229.0,643.0,687.0,1512.0,64.9
42,경기수원서부경찰서,2018,20.0,0.0,1707.0,108.0,0.0,87.0,1.0,51.0,0.0,0.0,67.0,1.0,0.0,106.0,0.0,289.0,0.0,40.0,1.0,416.0,0.0,0.0,0.0,1179.0,0.0,9.0,1015.0,437.0,589.0,38.0,87.0,544.0,552.0,230.0,590.0,0.0,0.0,0.0,1.0,0.0,0.0,0.0,0.0,0.0,0.0,0.0,0.0,0.0,0.0,4.0,0.0,0.0,2029.0,0.0,0.0,0.0,0.0,0.0,0.0,0.0,0.0,0.0,0.0,0.0,1.0,0.0,0.0,0.0,0.0,0.0,0.0,0.0,0.0,0.0,0.0,0.0,0.0,0.0,1.0,5.0,0.0,0.0,0.0,0.0,0.0,0.0,0.0,0.0,0.0,0.0,0.0,0.0,0.0,0.0,0.0,90.0,267.0,419.0,498.0,767.0,69.19999999999999
43,경기수원중부경찰서,2018,11.0,0.0,2909.0,280.0,0.0,133.0,0.0,74.0,0.0,0.0,53.0,3.0,1.0,532.0,0.0,1103.0,0.0,155.0,0.0,311.0,0.0,0.0,0.0,1331.0,0.0,24.0,1273.0,751.0,1436.0,37.0,103.0,684.0,847.0,353.0,1436.0,0.0,0.0,0.0,3.0,0.0,0.0,0.0,0.0,0.0,0.0,0.0,0.0,0.0,0.0,3.0,0.0,0.0,3445.0,1.0,1.0,0.0,1.0,0.0,0.0,0.0,0.0,0.0,0.0,0.0,0.0,0.0,0.0,0.0,0.0,1.0,0.0,0.0,0.0,0.0,1.0,0.0,0.0,0.0,0.0,3.0,0.0,0.0,0.0,0.0,1.0,0.0,0.0,0.0,0.0,0.0,0.0,0.0,0.0,0.0,0.0,331.0,465.0,742.0,835.0,1087.0,66.65
44,경남마산동부경찰서,2018,1.0,0.0,850.0,64.0,1.0,50.0,0.0,40.0,0.0,0.0,17.0,3.0,2.0,266.0,0.0,381.0,0.0,10.0,0.0,139.0,0.0,0.0,0.0,214.0,0.0,8.0,232.0,157.0,634.0,15.0,23.0,104.0,150.0,97.0,634.0,0.0,0.0,0.0,1.0,0.0,1.0,0.0,0.0,0.0,0.0,0.0,1.0,0.0,0.0,1.0,0.0,0.0,1014.0,0.0,0.0,0.0,0.0,0.0,0.0,0.0,0.0,0.0,0.0,0.0,0.0,0.0,0.0,0.0,0.0,1.0,0.0,0.0,0.0,0.0,0.0,0.0,0.0,0.0,0.0,4.0,0.0,0.0,0.0,0.0,0.0,0.0,0.0,0.0,0.0,0.0,0.0,0.0,0.0,0.0,0.0,136.0,140.0,161.0,190.0,396.0,67.7
45,경남마산중부경찰서,2018,0.0,0.0,929.0,128.0,0.0,44.0,0.0,0.0,0.0,0.0,29.0,2.0,0.0,128.0,0.0,432.0,1.0,55.0,2.0,184.0,0.0,0.0,0.0,324.0,0.0,2.0,321.0,235.0,574.0,17.0,13.0,139.0,234.0,153.0,574.0,0.0,0.0,0.0,0.0,0.0,0.0,0.0,0.0,0.0,0.0,0.0,0.0,0.0,0.0,1.0,0.0,0.0,1128.0,0.0,0.0,0.0,0.0,0.0,0.0,0.0,0.0,0.0,0.0,0.0,0.0,0.0,0.0,0.0,0.0,0.0,0.0,0.0,0.0,0.0,0.0,0.0,0.0,0.0,0.0,1.0,0.0,0.0,0.0,0.0,0.0,0.0,0.0,0.0,0.0,0.0,0.0,0.0,0.0,0.0,0.0,82.0,170.0,185.0,271.0,422.0,66.85
46,경남진주경찰서,2018,0.0,0.0,1671.0,130.0,0.0,84.0,0.0,1.0,0.0,0.0,11.0,11.0,2.0,151.0,0.0,691.0,2.0,41.0,0.0,530.0,0.0,1.0,0.0,466.0,0.0,2.0,491.0,290.0,1116.0,31.0,41.0,234.0,280.0,195.0,1116.0,0.0,0.0,0.0,32.0,0.0,0.0,0.0,0.0,0.0,0.0,0.0,0.0,0.0,0.0,2.0,0.0,0.0,1857.0,0.0,0.0,0.0,0.0,0.0,0.0,0.0,0.0,2.0,0.0,0.0,0.0,0.0,0.0,0.0,0.0,0.0,0.0,0.0,0.0,0.0,0.0,0.0,0.0,0.0,0.0,4.0,0.0,0.0,0.0,0.0,0.0,0.0,0.0,0.0,0.0,0.0,0.0,0.0,0.0,0.0,0.0,135.0,296.0,280.0,368.0,818.0,68.7
47,경남진해경찰서,2018,0.0,0.0,949.0,48.0,0.0,41.0,0.0,5.0,0.0,0.0,10.0,4.0,2.0,109.0,0.0,385.0,1.0,5.0,0.0,168.0,0.0,0.0,0.0,378.0,0.0,1.0,334.0,151.0,568.0,19.0,27.0,165.0,186.0,87.0,569.0,0.0,0.0,0.0,2.0,0.0,0.0,0.0,0.0,0.0,0.0,0.0,0.0,0.0,0.0,3.0,0.0,0.0,1044.0,0.0,0.0,0.0,0.0,0.0,0.0,0.0,0.0,0.0,0.0,0.0,0.0,0.0,0.0,0.0,0.0,1.0,0.0,0.0,0.0,0.0,0.0,0.0,0.0,0.0,0.0,2.0,0.0,0.0,0.0,0.0,0.0,0.0,0.0,0.0,0.0,0.0,0.0,1.0,0.0,0.0,0.0,85.0,121.0,170.0,244.0,433.0,66.95
48,경남창원서부경찰서,2018,0.0,0.0,1614.0,18.0,0.0,74.0,5.0,3.0,0.0,0.0,33.0,9.0,1.0,36.0,0.0,741.0,0.0,16.0,2.0,383.0,0.0,0.0,0.0,554.0,0.0,5.0,506.0,273.0,968.0,14.0,33.0,241.0,336.0,154.0,969.0,0.0,0.0,1.0,11.0,0.0,0.0,0.0,0.0,0.0,0.0,0.0,0.0,0.0,0.0,5.0,0.0,0.0,1728.0,1.0,0.0,0.0,0.0,0.0,0.0,0.0,0.0,0.0,0.0,0.0,0.0,0.0,0.0,0.0,0.0,0.0,0.0,0.0,0.0,0.0,0.0,0.0,0.0,0.0,0.0,1.0,0.0,0.0,0.0,0.0,0.0,0.0,0.0,0.0,0.0,0.0,0.0,0.0,0.0,0.0,0.0,242.0,238.0,275.0,309.0,683.0,65.15
49,경남창원중부경찰서,2018,0.0,0.0,1290.0,15.0,0.0,66.0,0.0,179.0,0.0,0.0,15.0,14.0,0.0,210.0,0.0,530.0,1.0,3.0,4.0,272.0,0.0,0.0,0.0,528.0,0.0,3.0,455.0,280.0,830.0,22.0,28.0,268.0,298.0,117.0,832.0,0.0,0.0,0.0,10.0,0.0,0.0,0.0,0.0,0.0,0.0,0.0,0.0,2.0,0.0,2.0,0.0,0.0,1542.0,0.0,0.0,0.0,0.0,0.0,0.0,0.0,0.0,0.0,0.0,0.0,0.0,0.0,0.0,0.0,0.0,0.0,0.0,0.0,0.0,0.0,0.0,0.0,0.0,0.0,1.0,5.0,0.0,0.0,0.0,0.0,0.0,0.0,0.0,1.0,0.0,0.0,0.0,0.0,0.0,0.0,2.0,121.0,217.0,262.0,243.0,722.0,66.55
50,서울강남경찰서,2018,7.0,0.0,2521.0,573.0,0.0,115.0,0.0,239.0,1.0,0.0,227.0,2.0,0.0,800.0,1.0,1026.0,0.0,39.0,3.0,233.0,0.0,0.0,1.0,1542.0,0.0,36.0,1580.0,587.0,1516.0,11.0,42.0,1078.0,769.0,265.0,1518.0,0.0,0.0,0.0,19.0,0.0,0.0,0.0,0.0,0.0,0.0,0.0,0.0,0.0,0.0,5.0,0.0,0.0,3649.0,0.0,0.0,0.0,0.0,0.0,0.0,0.0,0.0,0.0,0.0,0.0,0.0,0.0,0.0,0.0,0.0,0.0,0.0,0.0,0.0,0.0,0.0,0.0,0.0,0.0,0.0,10.0,0.0,0.0,0.0,0.0,0.0,0.0,0.0,0.0,0.0,0.0,0.0,0.0,0.0,0.0,0.0,238.0,812.0,899.0,742.0,992.0,66.55
51,서울강동경찰서,2018,11.0,0.0,1548.0,77.0,0.0,88.0,0.0,57.0,0.0,0.0,84.0,0.0,0.0,69.0,0.0,225.0,0.0,65.0,1.0,232.0,0.0,0.0,0.0,1268.0,0.0,5.0,941.0,473.0,451.0,33.0,69.0,472.0,536.0,301.0,454.0,0.0,0.0,0.0,9.0,0.0,1.0,0.0,0.0,0.0,0.0,0.0,0.0,0.0,0.0,2.0,0.0,0.0,1849.0,0.0,0.0,0.0,0.0,0.0,0.0,0.0,0.0,0.0,0.0,0.0,0.0,0.0,0.0,0.0,0.0,0.0,0.0,0.0,0.0,0.0,0.0,0.0,0.0,0.0,0.0,4.0,0.0,0.0,0.0,0.0,0.0,0.0,0.0,0.0,0.0,0.0,0.0,0.0,0.0,0.0,0.0,92.0,276.0,406.0,464.0,627.0,67.15
52,서울강북경찰서,2018,7.0,0.0,1304.0,19.0,0.0,64.0,0.0,7.0,0.0,0.0,209.0,0.0,1.0,142.0,0.0,235.0,0.0,142.0,0.0,177.0,0.0,0.0,0.0,905.0,0.0,8.0,765.0,398.0,447.0,22.0,69.0,358.0,454.0,259.0,448.0,0.0,0.0,0.0,0.0,0.0,0.0,0.0,0.0,0.0,0.0,0.0,0.0,0.0,0.0,7.0,0.0,0.0,1600.0,0.0,0.0,0.0,0.0,0.0,0.0,0.0,0.0,0.0,0.0,0.0,0.0,0.0,0.0,0.0,0.0,0.0,0.0,0.0,0.0,0.0,0.0,0.0,0.0,0.0,0.0,3.0,0.0,0.0,0.0,0.0,0.0,0.0,0.0,0.0,0.0,0.0,0.0,0.0,0.0,0.0,0.0,71.0,277.0,334.0,409.0,519.0,65.95
53,서울강서경찰서,2018,12.0,0.0,2398.0,264.0,0.0,118.0,0.0,46.0,0.0,0.0,94.0,3.0,4.0,1209.0,0.0,718.0,0.0,66.0,1.0,239.0,0.0,0.0,0.0,675.0,0.0,17.0,1077.0,523.0,1332.0,39.0,68.0,582.0,599.0,312.0,1332.0,0.0,0.0,0.0,2.0,0.0,0.0,0.0,0.0,0.0,0.0,0.0,0.0,0.0,0.0,5.0,0.0,0.0,2919.0,1.0,0.0,0.0,0.0,0.0,0.0,0.0,0.0,0.0,0.0,0.0,0.0,0.0,0.0,0.0,0.0,1.0,0.0,0.0,0.0,0.0,0.0,0.0,0.0,0.0,0.0,3.0,0.0,0.0,0.0,0.0,1.0,0.0,0.0,0.0,0.0,0.0,0.0,0.0,0.0,0.0,0.0,209.0,506.0,494.0,529.0,1194.0,68.2
54,서울관악경찰서,2018,4.0,0.0,1640.0,478.0,0.0,77.0,0.0,15.0,0.0,1.0,60.0,1.0,3.0,166.0,1.0,769.0,0.0,80.0,0.0,217.0,0.0,0.0,0.0,1021.0,0.0,17.0,914.0,360.0,1001.0,27.0,56.0,533.0,437.0,221.0,1001.0,0.0,0.0,0.0,4.0,0.0,0.0,0.0,0.0,0.0,0.0,0.0,0.0,0.0,0.0,7.0,0.0,0.0,2258.0,1.0,0.0,0.0,0.0,0.0,0.0,0.0,0.0,0.0,0.0,0.0,0.0,0.0,0.0,0.0,0.0,0.0,0.0,0.0,0.0,0.0,0.0,0.0,0.0,0.0,0.0,4.0,1.0,0.0,0.0,0.0,0.0,0.0,0.0,0.0,0.0,0.0,0.0,0.0,0.0,0.0,0.0,125.0,431.0,436.0,483.0,800.0,66.65
55,서울광진경찰서,2018,6.0,0.0,1500.0,237.0,0.0,68.0,0.0,149.0,0.0,0.0,15.0,3.0,1.0,211.0,0.0,621.0,0.0,24.0,1.0,202.0,0.0,0.0,0.0,902.0,0.0,10.0,772.0,324.0,879.0,28.0,56.0,433.0,409.0,168.0,881.0,0.0,0.0,0.0,3.0,0.0,0.0,0.0,1.0,0.0,0.0,0.0,0.0,0.0,0.0,4.0,0.0,0.0,1963.0,0.0,0.0,0.0,0.0,0.0,0.0,0.0,0.0,0.0,0.0,0.0,0.0,0.0,0.0,1.0,0.0,0.0,0.0,0.0,0.0,0.0,0.0,0.0,0.0,0.0,0.0,3.0,0.0,0.0,0.0,0.0,0.0,0.0,0.0,0.0,0.0,0.0,0.0,0.0,0.0,0.0,0.0,183.0,373.0,390.0,411.0,618.0,69.4
56,서울구로경찰서,2018,6.0,0.0,1707.0,47.0,0.0,108.0,0.0,87.0,0.0,0.0,28.0,4.0,1.0,355.0,0.0,258.0,0.0,55.0,1.0,294.0,0.0,0.0,0.0,1000.0,0.0,15.0,962.0,512.0,509.0,36.0,71.0,510.0,556.0,299.0,511.0,0.0,0.0,0.0,3.0,0.0,1.0,0.0,0.0,0.0,0.0,0.0,0.0,0.0,0.0,5.0,0.0,0.0,1968.0,0.0,0.0,0.0,1.0,0.0,0.0,1.0,0.0,0.0,0.0,0.0,0.0,0.0,0.0,0.0,0.0,0.0,0.0,0.0,0.0,0.0,0.0,0.0,0.0,0.0,0.0,4.0,0.0,0.0,0.0,0.0,0.0,0.0,0.0,0.0,0.0,0.0,0.0,0.0,0.0,0.0,0.0,115.0,268.0,424.0,532.0,644.0,68.4
57,서울금천경찰서,2018,4.0,0.0,1357.0,238.0,0.0,62.0,0.0,45.0,0.0,0.0,25.0,4.0,0.0,201.0,0.0,396.0,0.0,52.0,0.0,188.0,1.0,0.0,0.0,878.0,0.0,11.0,807.0,326.0,598.0,21.0,65.0,392.0,440.0,215.0,598.0,0.0,0.0,0.0,3.0,0.0,0.0,0.0,0.0,1.0,0.0,0.0,0.0,0.0,0.0,1.0,0.0,0.0,1719.0,0.0,0.0,0.0,0.0,1.0,0.0,0.0,0.0,0.0,0.0,0.0,0.0,0.0,0.0,0.0,1.0,1.0,0.0,0.0,0.0,0.0,0.0,0.0,1.0,0.0,0.0,3.0,0.0,0.0,0.0,0.0,0.0,0.0,0.0,0.0,0.0,0.0,0.0,0.0,0.0,0.0,0.0,90.0,263.0,382.0,437.0,559.0,65.25
58,서울남대문경찰서,2018,1.0,0.0,662.0,3.0,0.0,33.0,0.0,2.0,0.0,0.0,25.0,1.0,0.0,90.0,0.0,80.0,0.0,86.0,0.0,40.0,0.0,0.0,0.0,426.0,0.0,3.0,403.0,166.0,157.0,3.0,17.0,218.0,227.0,104.0,157.0,0.0,0.0,0.0,0.0,0.0,0.0,0.0,0.0,0.0,0.0,0.0,0.0,0.0,0.0,1.0,0.0,0.0,721.0,0.0,0.0,0.0,0.0,0.0,0.0,0.0,0.0,0.0,0.0,0.0,1.0,0.0,1.0,0.0,0.0,0.0,0.0,0.0,0.0,0.0,0.0,0.0,0.0,0.0,0.0,2.0,0.0,0.0,0.0,0.0,0.0,0.0,0.0,0.0,0.0,0.0,0.0,0.0,0.0,0.0,0.0,23.0,64.0,170.0,235.0,234.0,71.80000000000003
59,서울노원경찰서,2018,11.0,0.0,1688.0,118.0,0.0,118.0,0.0,75.0,0.0,0.0,141.0,1.0,0.0,397.0,0.0,330.0,0.0,78.0,2.0,313.0,0.0,0.0,0.0,1017.0,0.0,13.0,965.0,560.0,626.0,49.0,88.0,508.0,591.0,289.0,626.0,0.0,0.0,0.0,3.0,0.0,0.0,0.0,0.0,0.0,0.0,0.0,0.0,0.0,0.0,2.0,0.0,0.0,2141.0,0.0,0.0,0.0,0.0,0.0,0.0,0.0,0.0,0.0,0.0,0.0,1.0,0.0,0.0,0.0,0.0,0.0,0.0,0.0,0.0,0.0,0.0,0.0,1.0,0.0,0.0,1.0,0.0,0.0,0.0,0.0,1.0,0.0,0.0,0.0,0.0,0.0,0.0,0.0,1.0,0.0,0.0,91.0,387.0,459.0,589.0,625.0,69.75
60,서울도봉경찰서,2018,3.0,0.0,973.0,4.0,0.0,58.0,0.0,1.0,0.0,0.0,48.0,4.0,0.0,168.0,0.0,139.0,0.0,117.0,0.0,180.0,1.0,0.0,0.0,473.0,0.0,5.0,470.0,282.0,335.0,28.0,46.0,198.0,270.0,210.0,335.0,0.0,0.0,0.0,1.0,0.0,0.0,0.0,0.0,0.0,0.0,0.0,0.0,0.0,0.0,0.0,0.0,0.0,1086.0,0.0,0.0,0.0,0.0,0.0,0.0,0.0,0.0,0.0,0.0,0.0,0.0,0.0,0.0,0.0,0.0,0.0,0.0,0.0,0.0,0.0,0.0,0.0,0.0,0.0,0.0,0.0,0.0,0.0,0.0,0.0,0.0,0.0,0.0,0.0,0.0,0.0,0.0,0.0,0.0,0.0,0.0,38.0,144.0,229.0,309.0,367.0,70.30000000000001
61,서울동대문경찰서,2018,5.0,0.0,1818.0,10.0,0.0,79.0,0.0,9.0,0.0,0.0,100.0,4.0,2.0,625.0,0.0,264.0,0.0,37.0,0.0,189.0,0.0,0.0,0.0,886.0,0.0,14.0,1048.0,505.0,468.0,26.0,84.0,516.0,578.0,348.0,469.0,0.0,0.0,0.0,5.0,0.0,0.0,0.0,0.0,0.0,0.0,0.0,0.0,0.0,0.0,2.0,0.0,0.0,2011.0,0.0,0.0,0.0,1.0,0.0,0.0,0.0,0.0,0.0,0.0,0.0,0.0,0.0,0.0,0.0,0.0,0.0,0.0,0.0,0.0,0.0,0.0,0.0,0.0,0.0,0.0,2.0,0.0,0.0,0.0,0.0,0.0,0.0,0.0,0.0,0.0,0.0,0.0,0.0,0.0,0.0,0.0,70.0,247.0,489.0,632.0,583.0,70.0
62,서울동작경찰서,2018,10.0,0.0,1530.0,29.0,0.0,111.0,0.0,21.0,0.0,0.0,37.0,19.0,4.0,268.0,0.0,187.0,0.0,175.0,0.0,184.0,1.0,0.0,0.0,893.0,0.0,7.0,899.0,486.0,353.0,30.0,75.0,547.0,459.0,274.0,353.0,0.0,0.0,0.0,1.0,0.0,1.0,0.0,0.0,0.0,0.0,0.0,0.0,0.0,0.0,3.0,0.0,1.0,1719.0,6.0,0.0,0.0,0.0,0.0,0.0,0.0,0.0,0.0,0.0,0.0,0.0,4.0,1.0,0.0,0.0,0.0,0.0,0.0,0.0,0.0,0.0,0.0,0.0,0.0,0.0,2.0,0.0,0.0,0.0,0.0,0.0,0.0,0.0,0.0,0.0,0.0,0.0,0.0,0.0,0.0,0.0,104.0,269.0,400.0,404.0,561.0,66.80000000000001
63,서울마포경찰서,2018,9.0,0.0,2474.0,280.0,0.0,72.0,0.0,61.0,0.0,0.0,14.0,3.0,1.0,357.0,0.0,849.0,0.0,134.0,2.0,281.0,0.0,0.0,0.0,1264.0,0.0,19.0,1121.0,543.0,1246.0,31.0,102.0,697.0,586.0,247.0,1247.0,0.0,0.0,0.0,9.0,0.0,0.0,0.0,0.0,0.0,0.0,0.0,0.0,0.0,0.0,3.0,0.0,0.0,2892.0,0.0,0.0,0.0,0.0,0.0,0.0,0.0,0.0,0.0,0.0,0.0,0.0,0.0,0.0,0.0,0.0,0.0,0.0,0.0,0.0,0.0,0.0,0.0,0.0,0.0,0.0,6.0,0.0,0.0,0.0,0.0,0.0,0.0,0.0,0.0,0.0,0.0,0.0,0.0,0.0,0.0,0.0,211.0,691.0,523.0,634.0,851.0,67.6
64,서울방배경찰서,2018,3.0,0.0,951.0,77.0,0.0,28.0,0.0,2.0,0.0,0.0,8.0,3.0,1.0,128.0,0.0,291.0,0.0,37.0,0.0,83.0,0.0,0.0,0.0,523.0,0.0,3.0,429.0,210.0,430.0,7.0,26.0,238.0,258.0,110.0,430.0,0.0,0.0,0.0,0.0,0.0,0.0,0.0,0.0,0.0,0.0,0.0,0.0,0.0,0.0,3.0,0.0,1.0,1064.0,0.0,0.0,0.0,0.0,0.0,0.0,0.0,0.0,0.0,0.0,0.0,0.0,0.0,0.0,0.0,0.0,0.0,0.0,0.0,0.0,0.0,0.0,0.0,0.0,0.0,0.0,1.0,0.0,0.0,0.0,0.0,0.0,0.0,0.0,0.0,0.0,0.0,0.0,0.0,0.0,0.0,0.0,84.0,192.0,232.0,231.0,330.0,71.7
65,서울서대문경찰서,2018,3.0,9.0,1215.0,21.0,0.0,52.0,0.0,43.0,0.0,0.0,71.0,2.0,1.0,38.0,0.0,229.0,0.0,140.0,1.0,146.0,0.0,0.0,0.0,851.0,0.0,6.0,671.0,366.0,377.0,20.0,51.0,361.0,358.0,246.0,378.0,0.0,1.0,0.0,2.0,0.0,0.0,0.0,0.0,0.0,0.0,0.0,0.0,0.0,0.0,0.0,0.0,0.0,1409.0,0.0,0.0,0.0,0.0,0.0,0.0,0.0,0.0,0.0,0.0,0.0,0.0,0.0,0.0,0.0,0.0,0.0,0.0,0.0,0.0,1.0,0.0,0.0,0.0,0.0,0.0,1.0,0.0,0.0,0.0,0.0,0.0,0.0,0.0,0.0,0.0,0.0,0.0,0.0,0.0,0.0,0.0,80.0,209.0,326.0,364.0,435.0,67.65
66,서울서부경찰서,2018,2.0,0.0,565.0,3.0,0.0,23.0,0.0,40.0,0.0,0.0,12.0,0.0,0.0,58.0,0.0,99.0,0.0,65.0,0.0,98.0,0.0,1.0,0.0,324.0,0.0,0.0,281.0,158.0,206.0,14.0,27.0,134.0,152.0,112.0,206.0,0.0,0.0,0.0,0.0,0.0,0.0,0.0,0.0,0.0,0.0,0.0,0.0,0.0,0.0,1.0,0.0,2.0,639.0,0.0,0.0,0.0,0.0,0.0,0.0,0.0,0.0,0.0,0.0,0.0,0.0,0.0,0.0,0.0,0.0,0.0,0.0,0.0,0.0,0.0,0.0,0.0,0.0,0.0,0.0,3.0,0.0,0.0,0.0,0.0,0.0,0.0,0.0,0.0,0.0,0.0,0.0,0.0,0.0,0.0,0.0,28.0,88.0,163.0,157.0,209.0,66.0
67,서울서초경찰서,2018,7.0,0.0,2247.0,174.0,1.0,116.0,0.0,47.0,0.0,0.0,49.0,13.0,7.0,148.0,0.0,275.0,0.0,153.0,8.0,303.0,1.0,2.0,0.0,1709.0,0.0,22.0,1245.0,680.0,716.0,35.0,49.0,817.0,741.0,283.0,716.0,0.0,0.0,0.0,30.0,0.0,0.0,0.0,0.0,0.0,0.0,0.0,0.0,0.0,0.0,9.0,0.0,0.0,2592.0,0.0,0.0,0.0,0.0,2.0,0.0,0.0,0.0,0.0,0.0,0.0,0.0,0.0,0.0,0.0,0.0,0.0,0.0,0.0,0.0,0.0,0.0,0.0,0.0,0.0,0.0,7.0,0.0,0.0,0.0,0.0,1.0,0.0,0.0,0.0,0.0,0.0,0.0,0.0,0.0,0.0,0.0,143.0,356.0,666.0,711.0,765.0,68.85
68,서울성동경찰서,2018,8.0,0.0,1527.0,5.0,0.0,67.0,0.0,32.0,0.0,0.0,106.0,1.0,2.0,145.0,0.0,359.0,0.0,58.0,3.0,191.0,0.0,0.0,0.0,981.0,0.0,5.0,808.0,339.0,598.0,25.0,57.0,441.0,432.0,192.0,598.0,0.0,0.0,0.0,1.0,0.0,0.0,0.0,0.0,0.0,0.0,0.0,0.0,0.0,0.0,2.0,0.0,0.0,1737.0,0.0,0.0,0.0,0.0,0.0,0.0,0.0,0.0,0.0,0.0,0.0,0.0,0.0,0.0,0.0,0.0,0.0,0.0,0.0,0.0,0.0,0.0,0.0,0.0,0.0,0.0,4.0,0.0,0.0,0.0,0.0,0.0,0.0,0.0,1.0,0.0,0.0,0.0,0.0,0.0,0.0,0.0,72.0,313.0,389.0,444.0,527.0,67.85
69,서울성북경찰서,2018,5.0,0.0,1014.0,4.0,1.0,58.0,0.0,33.0,0.0,0.0,28.0,0.0,1.0,157.0,0.0,214.0,0.0,101.0,2.0,123.0,0.0,0.0,1.0,533.0,0.0,11.0,466.0,286.0,391.0,23.0,46.0,272.0,265.0,146.0,391.0,0.0,0.0,0.0,4.0,0.0,0.0,0.0,0.0,0.0,0.0,0.0,1.0,0.0,0.0,0.0,0.0,0.0,1131.0,0.0,0.0,0.0,0.0,0.0,0.0,1.0,0.0,0.0,0.0,0.0,0.0,1.0,0.0,0.0,0.0,1.0,0.0,0.0,0.0,0.0,0.0,0.0,0.0,0.0,0.0,2.0,0.0,0.0,0.0,0.0,1.0,0.0,0.0,1.0,0.0,0.0,0.0,0.0,0.0,0.0,0.0,72.0,197.0,218.0,303.0,353.0,68.45
70,서울송파경찰서,2018,8.0,0.0,3346.0,80.0,0.0,164.0,0.0,200.0,0.0,0.0,128.0,3.0,1.0,464.0,0.0,555.0,0.0,97.0,1.0,385.0,0.0,0.0,2.0,2398.0,0.0,20.0,1862.0,981.0,1083.0,69.0,109.0,1115.0,1051.0,498.0,1084.0,1.0,0.0,0.0,8.0,0.0,0.0,0.0,0.0,0.0,1.0,0.0,0.0,0.0,0.0,4.0,0.0,0.0,3904.0,0.0,0.0,0.0,0.0,0.0,0.0,0.0,0.0,0.0,0.0,0.0,0.0,0.0,0.0,0.0,0.0,0.0,0.0,0.0,0.0,0.0,0.0,0.0,0.0,0.0,0.0,8.0,0.0,0.0,0.0,0.0,0.0,0.0,0.0,0.0,0.0,0.0,0.0,0.0,0.0,0.0,0.0,188.0,618.0,852.0,1026.0,1242.0,71.0
71,서울수서경찰서,2018,7.0,0.0,1669.0,151.0,0.0,70.0,0.0,76.0,0.0,0.0,31.0,5.0,0.0,268.0,1.0,214.0,0.0,55.0,2.0,186.0,0.0,1.0,0.0,1262.0,0.0,10.0,1030.0,529.0,445.0,30.0,72.0,648.0,563.0,245.0,446.0,0.0,0.0,0.0,4.0,0.0,0.0,0.0,0.0,0.0,0.0,0.0,1.0,0.0,0.0,2.0,0.0,0.0,1984.0,0.0,0.0,0.0,0.0,0.0,0.0,0.0,0.0,0.0,0.0,0.0,0.0,0.0,0.0,0.0,0.0,1.0,0.0,0.0,0.0,0.0,0.0,0.0,0.0,0.0,0.0,11.0,0.0,0.0,0.0,0.0,0.0,0.0,0.0,0.0,0.0,0.0,0.0,0.0,1.0,0.0,0.0,93.0,252.0,450.0,529.0,680.0,71.35
72,서울양천경찰서,2018,7.0,0.0,1613.0,301.0,0.0,108.0,1.0,4.0,0.0,0.0,32.0,3.0,1.0,467.0,0.0,236.0,0.0,65.0,0.0,206.0,0.0,0.0,2.0,1085.0,0.0,1.0,944.0,560.0,562.0,50.0,90.0,464.0,600.0,300.0,562.0,0.0,1.0,0.0,3.0,0.0,0.0,0.0,0.0,0.0,0.0,0.0,0.0,0.0,0.0,3.0,0.0,0.0,2055.0,0.0,0.0,0.0,0.0,0.0,0.0,0.0,0.0,0.0,0.0,0.0,0.0,0.0,0.0,0.0,0.0,0.0,0.0,0.0,0.0,0.0,0.0,0.0,0.0,0.0,0.0,4.0,0.0,0.0,0.0,0.0,0.0,0.0,0.0,0.0,0.0,0.0,0.0,0.0,0.0,0.0,0.0,133.0,284.0,460.0,514.0,675.0,70.1
73,서울영등포경찰서,2018,5.0,0.0,3203.0,150.0,0.0,91.0,0.0,6.0,0.0,0.0,21.0,5.0,3.0,528.0,0.0,798.0,0.0,87.0,0.0,253.0,0.0,0.0,0.0,1779.0,0.0,23.0,1808.0,722.0,946.0,57.0,86.0,1021.0,936.0,424.0,952.0,0.0,0.0,0.0,4.0,0.0,0.0,0.0,1.0,0.0,0.0,0.0,0.0,0.0,0.0,5.0,0.0,0.0,3449.0,4.0,0.0,0.0,0.0,3.0,0.0,0.0,0.0,0.0,0.0,0.0,0.0,1.0,0.0,0.0,0.0,1.0,0.0,0.0,0.0,0.0,0.0,0.0,0.0,0.0,0.0,7.0,0.0,0.0,1.0,0.0,0.0,0.0,0.0,0.0,0.0,0.0,0.0,0.0,0.0,0.0,0.0,182.0,524.0,710.0,806.0,1254.0,67.85
74,서울용산경찰서,2018,6.0,0.0,1686.0,206.0,0.0,73.0,0.0,118.0,0.0,0.0,30.0,4.0,3.0,320.0,0.0,366.0,0.0,81.0,1.0,258.0,0.0,0.0,0.0,1056.0,0.0,30.0,984.0,425.0,710.0,15.0,42.0,631.0,500.0,222.0,709.0,0.0,0.0,0.0,28.0,0.0,0.0,0.0,0.0,0.0,0.0,0.0,1.0,0.0,0.0,6.0,0.0,0.0,2071.0,0.0,0.0,0.0,1.0,0.0,0.0,0.0,0.0,0.0,0.0,0.0,0.0,0.0,0.0,0.0,0.0,0.0,0.0,0.0,0.0,0.0,0.0,0.0,0.0,0.0,0.0,10.0,0.0,1.0,0.0,0.0,0.0,0.0,1.0,0.0,0.0,0.0,0.0,0.0,0.0,0.0,0.0,121.0,408.0,474.0,496.0,620.0,69.9
75,서울은평경찰서,2018,3.0,0.0,895.0,30.0,0.0,49.0,0.0,256.0,0.0,0.0,17.0,1.0,0.0,304.0,0.0,295.0,1.0,105.0,0.0,74.0,0.0,0.0,0.0,466.0,0.0,4.0,418.0,253.0,579.0,23.0,37.0,205.0,247.0,158.0,580.0,0.0,0.0,0.0,0.0,0.0,0.0,0.0,0.0,0.0,0.0,0.0,0.0,0.0,0.0,0.0,0.0,0.0,1243.0,0.0,0.0,0.0,0.0,0.0,0.0,0.0,0.0,0.0,0.0,0.0,0.0,0.0,0.0,0.0,0.0,0.0,0.0,0.0,0.0,0.0,1.0,0.0,0.0,0.0,0.0,6.0,0.0,0.0,0.0,0.0,0.0,0.0,0.0,0.0,0.0,0.0,0.0,0.0,0.0,0.0,0.0,121.0,338.0,222.0,242.0,327.0,68.80000000000001
76,서울종로경찰서,2018,4.0,0.0,660.0,4.0,0.0,39.0,0.0,76.0,0.0,0.0,21.0,1.0,0.0,104.0,0.0,133.0,0.0,83.0,2.0,100.0,0.0,0.0,0.0,379.0,0.0,2.0,394.0,190.0,220.0,5.0,23.0,216.0,220.0,120.0,220.0,0.0,0.0,0.0,0.0,0.0,0.0,0.0,0.0,0.0,0.0,0.0,0.0,0.0,0.0,1.0,0.0,0.0,802.0,0.0,0.0,0.0,0.0,0.0,0.0,0.0,0.0,0.0,0.0,0.0,0.0,0.0,0.0,0.0,0.0,0.0,0.0,0.0,0.0,0.0,0.0,0.0,0.0,0.0,0.0,1.0,0.0,0.0,0.0,0.0,0.0,0.0,0.0,0.0,0.0,0.0,0.0,0.0,0.0,0.0,0.0,42.0,84.0,174.0,187.0,317.0,72.85
77,서울종암경찰서,2018,3.0,0.0,734.0,6.0,0.0,41.0,0.0,26.0,0.0,0.0,29.0,0.0,2.0,58.0,0.0,75.0,0.0,142.0,1.0,125.0,0.0,1.0,0.0,431.0,0.0,4.0,397.0,208.0,234.0,18.0,24.0,209.0,235.0,119.0,234.0,0.0,0.0,0.0,1.0,0.0,0.0,0.0,0.0,0.0,0.0,0.0,0.0,0.0,0.0,1.0,0.0,0.0,836.0,0.0,0.0,0.0,0.0,0.0,0.0,0.0,0.0,0.0,0.0,0.0,0.0,0.0,0.0,0.0,0.0,0.0,0.0,0.0,0.0,0.0,0.0,0.0,0.0,0.0,0.0,1.0,0.0,0.0,0.0,0.0,0.0,0.0,0.0,0.0,0.0,0.0,0.0,0.0,0.0,0.0,0.0,32.0,141.0,190.0,221.0,255.0,67.65
78,서울중랑경찰서,2018,8.0,0.0,1687.0,177.0,1.0,67.0,0.0,54.0,0.0,0.0,28.0,2.0,1.0,515.0,0.0,188.0,0.0,21.0,1.0,180.0,0.0,0.0,0.0,1104.0,0.0,10.0,955.0,500.0,567.0,42.0,90.0,471.0,557.0,295.0,567.0,0.0,0.0,0.0,2.0,0.0,0.0,0.0,0.0,0.0,0.0,0.0,0.0,0.0,0.0,1.0,0.0,0.0,2014.0,0.0,0.0,0.0,0.0,1.0,0.0,0.0,0.0,0.0,0.0,0.0,0.0,0.0,0.0,0.0,0.0,0.0,0.0,0.0,0.0,0.0,0.0,0.0,0.0,0.0,0.0,2.0,0.0,0.0,0.0,0.0,0.0,0.0,0.0,2.0,0.0,0.0,0.0,0.0,0.0,0.0,0.0,87.0,309.0,400.0,562.0,664.0,66.8
79,서울중부경찰서,2018,3.0,0.0,710.0,11.0,0.0,36.0,0.0,49.0,0.0,0.0,62.0,0.0,2.0,133.0,0.0,179.0,0.0,45.0,0.0,74.0,0.0,0.0,0.0,430.0,0.0,8.0,379.0,167.0,325.0,3.0,11.0,246.0,191.0,95.0,325.0,0.0,0.0,0.0,0.0,0.0,0.0,0.0,0.0,0.0,0.0,0.0,0.0,0.0,0.0,2.0,0.0,0.0,863.0,0.0,0.0,0.0,0.0,0.0,0.0,0.0,0.0,0.0,0.0,0.0,0.0,0.0,0.0,0.0,0.0,3.0,0.0,0.0,0.0,0.0,0.0,0.0,0.0,0.0,0.0,3.0,0.0,0.0,0.0,0.0,0.0,0.0,0.0,0.0,0.0,0.0,0.0,0.0,0.0,0.0,0.0,47.0,164.0,209.0,219.0,232.0,69.55
80,서울혜화경찰서,2018,4.0,1.0,800.0,3.0,0.0,29.0,0.0,6.0,0.0,0.0,10.0,0.0,2.0,118.0,0.0,197.0,0.0,39.0,0.0,66.0,0.0,0.0,0.0,340.0,0.0,91.0,344.0,145.0,364.0,3.0,18.0,175.0,184.0,109.0,364.0,0.0,0.0,0.0,0.0,0.0,0.0,0.0,0.0,0.0,0.0,0.0,0.0,0.0,0.0,1.0,0.0,0.0,850.0,0.0,0.0,0.0,0.0,0.0,0.0,0.0,0.0,0.0,0.0,0.0,0.0,0.0,0.0,0.0,0.0,0.0,0.0,0.0,0.0,0.0,0.0,0.0,0.0,0.0,0.0,1.0,0.0,0.0,0.0,0.0,0.0,0.0,0.0,1.0,0.0,0.0,0.0,0.0,0.0,0.0,0.0,33.0,119.0,179.0,270.0,252.0,65.15
81,충남세종경찰서,2018,14.0,0.0,1043.0,158.0,0.0,57.0,3.0,16.0,0.0,0.0,56.0,5.0,5.0,19.0,0.0,256.0,0.0,10.0,0.0,637.0,0.0,1.0,0.0,409.0,0.0,5.0,516.0,284.0,547.0,29.0,35.0,285.0,322.0,129.0,547.0,0.0,0.0,0.0,9.0,0.0,0.0,0.0,0.0,2.0,0.0,0.0,0.0,0.0,0.0,3.0,0.0,0.0,1325.0,0.0,0.0,0.0,0.0,0.0,0.0,0.0,0.0,0.0,0.0,0.0,0.0,0.0,0.0,0.0,0.0,1.0,0.0,0.0,0.0,0.0,1.0,1.0,0.0,0.0,0.0,5.0,0.0,0.0,0.0,0.0,0.0,0.0,0.0,0.0,0.0,0.0,0.0,0.0,0.0,0.0,0.0,74.0,200.0,248.0,303.0,522.0,64.05
82,경기수원남부경찰서,2019,5.0,0.0,3795.0,226.0,0.0,145.0,0.0,10.0,0.0,0.0,43.0,5.0,0.0,150.0,0.0,1806.0,0.0,46.0,1.0,582.0,0.0,1.0,0.0,1614.0,2.0,17.0,1108.0,595.0,2521.0,43.0,59.0,738.0,641.0,221.0,2522.0,0.0,0.0,0.0,10.0,0.0,0.0,0.0,0.0,0.0,0.0,0.0,1.0,0.0,0.0,11.0,0.0,0.0,4185.0,2.0,0.0,0.0,0.0,0.0,0.0,0.0,0.0,0.0,0.0,0.0,0.0,0.0,0.0,0.0,0.0,3.0,0.0,0.0,0.0,0.0,0.0,0.0,0.0,0.0,0.0,12.0,0.0,0.0,0.0,0.0,0.0,0.0,0.0,0.0,0.0,0.0,0.0,0.0,0.0,0.0,0.0,580.0,980.0,660.0,683.0,1321.0,69.30000000000001
83,경기수원서부경찰서,2019,4.0,0.0,1560.0,76.0,0.0,81.0,2.0,158.0,0.0,0.0,61.0,0.0,3.0,112.0,0.0,413.0,0.0,15.0,1.0,342.0,0.0,0.0,0.0,1048.0,1.0,7.0,800.0,415.0,727.0,28.0,60.0,478.0,474.0,174.0,728.0,0.0,0.0,0.0,1.0,0.0,0.0,0.0,0.0,0.0,0.0,0.0,0.0,0.0,0.0,1.0,0.0,0.0,1934.0,1.0,0.0,0.0,0.0,0.0,0.0,0.0,0.0,0.0,0.0,0.0,0.0,0.0,0.0,0.0,0.0,0.0,0.0,0.0,0.0,0.0,0.0,0.0,0.0,0.0,0.0,5.0,0.0,0.0,0.0,0.0,0.0,0.0,0.0,0.0,0.0,0.0,0.0,0.0,0.0,0.0,0.0,87.0,208.0,404.0,450.0,793.0,68.45
84,경기수원중부경찰서,2019,2.0,0.0,2425.0,154.0,0.0,70.0,0.0,67.0,0.0,0.0,27.0,1.0,4.0,299.0,1.0,854.0,0.0,147.0,1.0,310.0,0.0,0.0,1.0,1103.0,0.0,24.0,1004.0,603.0,1138.0,54.0,87.0,515.0,635.0,316.0,1138.0,0.0,0.0,0.0,12.0,0.0,0.0,0.0,0.0,0.0,0.0,0.0,0.0,0.0,0.0,0.0,0.0,1.0,2730.0,0.0,0.0,0.0,0.0,0.0,0.0,0.0,0.0,0.0,0.0,0.0,0.0,0.0,0.0,0.0,0.0,0.0,0.0,0.0,0.0,0.0,0.0,0.0,0.0,0.0,0.0,2.0,0.0,0.0,0.0,0.0,0.0,0.0,0.0,0.0,0.0,0.0,0.0,0.0,0.0,0.0,0.0,191.0,334.0,537.0,685.0,998.0,70.8
85,경남마산동부경찰서,2019,1.0,0.0,594.0,193.0,0.0,63.0,0.0,147.0,0.0,0.0,28.0,1.0,0.0,113.0,0.0,436.0,0.0,55.0,0.0,171.0,0.0,0.0,0.0,246.0,0.0,4.0,240.0,163.0,623.0,12.0,18.0,126.0,143.0,104.0,623.0,0.0,0.0,0.0,7.0,0.0,0.0,0.0,0.0,0.0,0.0,0.0,0.0,0.0,0.0,1.0,0.0,0.0,1011.0,0.0,0.0,0.0,0.0,0.0,0.0,0.0,0.0,0.0,0.0,0.0,1.0,0.0,0.0,0.0,0.0,2.0,0.0,0.0,0.0,0.0,0.0,0.0,0.0,0.0,0.0,3.0,0.0,0.0,0.0,0.0,1.0,0.0,0.0,0.0,0.0,0.0,0.0,0.0,0.0,0.0,0.0,156.0,224.0,156.0,177.0,313.0,67.9
86,경남마산중부경찰서,2019,0.0,0.0,862.0,90.0,0.0,51.0,0.0,0.0,0.0,0.0,12.0,1.0,0.0,59.0,0.0,360.0,0.0,68.0,6.0,105.0,0.0,0.0,0.0,412.0,1.0,3.0,305.0,198.0,512.0,14.0,19.0,127.0,182.0,161.0,512.0,0.0,0.0,0.0,0.0,0.0,0.0,0.0,0.0,0.0,0.0,0.0,0.0,0.0,0.0,1.0,0.0,0.0,1011.0,0.0,0.0,0.0,0.0,0.0,0.0,0.0,0.0,0.0,0.0,0.0,0.0,0.0,0.0,0.0,0.0,1.0,0.0,0.0,0.0,0.0,0.0,0.0,0.0,0.0,0.0,2.0,0.0,0.0,0.0,0.0,0.0,0.0,0.0,0.0,0.0,0.0,0.0,0.0,0.0,0.0,0.0,70.0,112.0,258.0,260.0,315.0,70.15
87,경남진주경찰서,2019,0.0,0.0,1386.0,129.0,0.0,84.0,3.0,5.0,0.0,0.0,5.0,2.0,1.0,157.0,0.0,561.0,0.0,36.0,2.0,445.0,0.0,1.0,0.0,398.0,0.0,9.0,430.0,272.0,910.0,18.0,45.0,186.0,275.0,178.0,910.0,0.0,0.0,0.0,59.0,0.0,0.0,0.0,0.0,0.0,0.0,0.0,0.0,0.0,0.0,2.0,0.0,0.0,1548.0,0.0,0.0,0.0,0.0,0.0,0.0,0.0,0.0,0.0,0.0,0.0,0.0,0.0,0.0,0.0,0.0,0.0,1.0,0.0,0.0,0.0,0.0,0.0,0.0,0.0,0.0,2.0,0.0,0.0,0.0,0.0,0.0,0.0,0.0,0.0,0.0,0.0,0.0,0.0,0.0,0.0,0.0,103.0,203.0,292.0,325.0,689.0,69.35
88,경남진해경찰서,2019,1.0,0.0,782.0,23.0,0.0,53.0,0.0,108.0,0.0,0.0,11.0,22.0,0.0,120.0,0.0,137.0,1.0,6.0,1.0,172.0,0.0,0.0,0.0,518.0,0.0,1.0,433.0,229.0,316.0,20.0,29.0,211.0,278.0,124.0,316.0,1.0,0.0,1.0,10.0,0.0,0.0,0.0,0.0,0.0,0.0,0.0,0.0,0.0,0.0,3.0,0.0,0.0,959.0,0.0,0.0,0.0,0.0,0.0,0.0,0.0,0.0,0.0,0.0,0.0,0.0,0.0,0.0,0.0,0.0,0.0,0.0,0.0,0.0,0.0,0.0,0.0,0.0,0.0,0.0,1.0,0.0,0.0,0.0,0.0,0.0,0.0,0.0,1.0,2.0,0.0,0.0,0.0,0.0,0.0,0.0,43.0,90.0,239.0,293.0,313.0,67.9
89,경남창원서부경찰서,2019,0.0,0.0,1069.0,324.0,0.0,29.0,0.0,5.0,0.0,3.0,13.0,4.0,1.0,51.0,0.0,544.0,1.0,11.0,0.0,361.0,0.0,0.0,0.0,463.0,0.0,7.0,424.0,257.0,762.0,19.0,21.0,198.0,284.0,159.0,762.0,0.0,0.0,0.0,30.0,0.0,0.0,0.0,0.0,0.0,0.0,1.0,0.0,0.0,0.0,2.0,0.0,0.0,1402.0,0.0,0.0,0.0,0.0,0.0,0.0,0.0,0.0,0.0,0.0,0.0,0.0,0.0,0.0,0.0,0.0,1.0,0.0,0.0,0.0,0.0,0.0,0.0,0.0,0.0,0.0,3.0,0.0,0.0,0.0,0.0,2.0,1.0,0.0,1.0,0.0,0.0,0.0,0.0,0.0,0.0,0.0,176.0,188.0,297.0,304.0,478.0,70.0
90,경남창원중부경찰서,2019,0.0,0.0,900.0,166.0,0.0,30.0,0.0,52.0,0.0,0.0,7.0,8.0,0.0,109.0,0.0,361.0,0.0,1.0,3.0,193.0,0.0,0.0,0.0,476.0,0.0,4.0,334.0,206.0,615.0,19.0,23.0,218.0,210.0,70.0,615.0,0.0,0.0,0.0,1.0,0.0,0.0,0.0,0.0,0.0,0.0,0.0,0.0,0.0,0.0,4.0,0.0,1.0,1148.0,0.0,0.0,0.0,0.0,1.0,0.0,0.0,0.0,0.0,0.0,0.0,0.0,0.0,0.0,0.0,0.0,0.0,0.0,0.0,0.0,0.0,0.0,0.0,0.0,0.0,0.0,0.0,0.0,0.0,0.0,0.0,0.0,0.0,0.0,0.0,0.0,0.0,0.0,0.0,0.0,0.0,0.0,91.0,171.0,305.0,192.0,396.0,70.15
91,서울강남경찰서,2019,1.0,0.0,2669.0,251.0,0.0,105.0,0.0,337.0,0.0,0.0,58.0,0.0,4.0,873.0,1.0,900.0,0.0,39.0,2.0,315.0,1.0,1.0,0.0,1251.0,0.0,34.0,1432.0,605.0,1384.0,16.0,42.0,1035.0,702.0,239.0,1387.0,0.0,0.0,0.0,21.0,0.0,0.0,0.0,0.0,0.0,0.0,0.0,0.0,0.0,0.0,5.0,0.0,0.0,3379.0,0.0,0.0,0.0,0.0,1.0,0.0,0.0,0.0,0.0,0.0,0.0,0.0,0.0,0.0,0.0,0.0,0.0,0.0,0.0,0.0,0.0,0.0,0.0,1.0,0.0,1.0,13.0,0.0,0.0,0.0,0.0,0.0,0.0,0.0,0.0,0.0,0.0,0.0,0.0,0.0,0.0,0.0,187.0,728.0,736.0,850.0,920.0,67.19999999999999
92,서울강동경찰서,2019,1.0,0.0,1404.0,92.0,0.0,83.0,0.0,79.0,0.0,0.0,81.0,0.0,0.0,64.0,0.0,143.0,0.0,28.0,0.0,285.0,0.0,0.0,0.0,1217.0,0.0,3.0,888.0,512.0,340.0,42.0,43.0,440.0,509.0,343.0,363.0,0.0,0.0,0.0,8.0,0.0,0.0,0.0,0.0,0.0,0.0,0.0,0.0,0.0,0.0,2.0,0.0,0.0,1728.0,0.0,1.0,0.0,0.0,0.0,0.0,0.0,0.0,0.0,0.0,0.0,0.0,0.0,0.0,0.0,0.0,0.0,0.0,0.0,0.0,0.0,0.0,0.0,0.0,0.0,0.0,0.0,0.0,0.0,0.0,0.0,0.0,0.0,0.0,0.0,0.0,0.0,1.0,0.0,0.0,0.0,0.0,70.0,244.0,407.0,460.0,559.0,71.15
93,서울강북경찰서,2019,2.0,0.0,1235.0,5.0,0.0,62.0,0.0,34.0,0.0,0.0,149.0,2.0,0.0,139.0,0.0,170.0,0.0,114.0,0.0,148.0,0.0,0.0,0.0,909.0,0.0,5.0,734.0,368.0,385.0,37.0,47.0,394.0,386.0,238.0,385.0,0.0,0.0,0.0,1.0,0.0,0.0,0.0,0.0,0.0,0.0,0.0,0.0,0.0,0.0,2.0,0.0,0.0,1483.0,0.0,0.0,0.0,0.0,0.0,0.0,0.0,0.0,0.0,0.0,0.0,0.0,0.0,0.0,0.0,0.0,0.0,0.0,0.0,0.0,0.0,0.0,0.0,0.0,0.0,0.0,1.0,0.0,0.0,0.0,0.0,0.0,0.0,0.0,0.0,0.0,0.0,0.0,0.0,0.0,0.0,0.0,69.0,212.0,305.0,405.0,496.0,72.75
94,서울강서경찰서,2019,2.0,0.0,1722.0,312.0,0.0,59.0,0.0,66.0,1.0,0.0,127.0,5.0,1.0,1303.0,1.0,292.0,0.0,10.0,0.0,220.0,1.0,0.0,0.0,444.0,0.0,12.0,991.0,510.0,788.0,41.0,59.0,564.0,529.0,307.0,789.0,0.0,0.0,0.0,9.0,0.0,0.0,0.0,0.0,0.0,0.0,0.0,0.0,0.0,0.0,5.0,0.0,0.0,2263.0,0.0,0.0,0.0,0.0,1.0,0.0,0.0,0.0,0.0,0.0,0.0,0.0,0.0,0.0,0.0,0.0,0.0,0.0,0.0,0.0,0.0,0.0,0.0,0.0,0.0,1.0,8.0,0.0,0.0,0.0,0.0,2.0,0.0,0.0,0.0,0.0,0.0,0.0,0.0,0.0,0.0,0.0,113.0,366.0,475.0,559.0,776.0,69.8
95,서울관악경찰서,2019,2.0,0.0,1469.0,475.0,0.0,69.0,0.0,10.0,0.0,0.0,29.0,2.0,2.0,298.0,0.0,573.0,0.0,25.0,2.0,206.0,0.0,1.0,0.0,929.0,0.0,16.0,795.0,377.0,882.0,22.0,36.0,501.0,393.0,220.0,882.0,0.0,0.0,0.0,1.0,0.0,0.0,0.0,0.0,0.0,0.0,0.0,0.0,0.0,0.0,1.0,0.0,0.0,2045.0,0.0,0.0,0.0,0.0,0.0,0.0,0.0,0.0,0.0,0.0,0.0,0.0,0.0,0.0,0.0,0.0,1.0,0.0,0.0,0.0,0.0,0.0,0.0,0.0,0.0,0.0,4.0,0.0,0.0,0.0,0.0,1.0,0.0,0.0,1.0,0.0,0.0,0.0,0.0,0.0,0.0,0.0,117.0,342.0,422.0,482.0,691.0,65.5
96,서울광진경찰서,2019,1.0,0.0,1279.0,156.0,0.0,31.0,0.0,6.0,0.0,0.0,17.0,3.0,1.0,145.0,0.0,355.0,0.0,16.0,2.0,195.0,0.0,0.0,0.0,760.0,0.0,13.0,611.0,259.0,620.0,30.0,34.0,347.0,302.0,155.0,622.0,0.0,0.0,0.0,4.0,0.0,0.0,0.0,0.0,0.0,0.0,0.0,0.0,0.0,0.0,3.0,0.0,0.0,1480.0,0.0,0.0,0.0,0.0,0.0,0.0,0.0,0.0,0.0,0.0,0.0,0.0,0.0,0.0,0.0,0.0,0.0,0.0,0.0,0.0,0.0,0.0,0.0,0.0,0.0,0.0,3.0,0.0,0.0,0.0,0.0,0.0,0.0,0.0,0.0,0.0,0.0,0.0,0.0,0.0,0.0,0.0,85.0,233.0,290.0,379.0,503.0,68.85
97,서울구로경찰서,2019,1.0,0.0,1391.0,147.0,0.0,80.0,0.0,55.0,0.0,0.0,18.0,3.0,0.0,323.0,0.0,196.0,0.0,32.0,0.0,193.0,0.0,0.0,0.0,937.0,0.0,8.0,846.0,410.0,436.0,53.0,59.0,479.0,429.0,236.0,436.0,0.0,0.0,0.0,1.0,0.0,0.0,0.0,0.0,0.0,0.0,0.0,0.0,0.0,0.0,0.0,0.0,0.0,1684.0,0.0,0.0,0.0,0.0,0.0,0.0,0.0,0.0,0.0,0.0,0.0,0.0,0.0,1.0,0.0,0.0,0.0,0.0,0.0,0.0,0.0,0.0,0.0,0.0,0.0,0.0,6.0,0.0,0.0,0.0,0.0,0.0,0.0,0.0,0.0,0.0,0.0,0.0,0.0,0.0,0.0,0.0,75.0,207.0,390.0,469.0,551.0,67.69999999999999
98,서울금천경찰서,2019,1.0,0.0,1084.0,103.0,0.0,32.0,0.0,5.0,0.0,0.0,21.0,0.0,1.0,119.0,0.0,172.0,0.0,23.0,0.0,176.0,1.0,1.0,0.0,744.0,0.0,9.0,629.0,271.0,346.0,19.0,42.0,330.0,334.0,175.0,346.0,0.0,0.0,0.0,3.0,0.0,0.0,0.0,0.0,0.0,0.0,0.0,0.0,0.0,0.0,0.0,0.0,0.0,1240.0,0.0,0.0,0.0,0.0,0.0,0.0,0.0,0.0,0.0,0.0,0.0,0.0,0.0,0.0,0.0,0.0,1.0,0.0,0.0,0.0,0.0,0.0,0.0,0.0,0.0,0.0,2.0,0.0,0.0,0.0,0.0,0.0,0.0,0.0,0.0,0.0,0.0,0.0,0.0,0.0,0.0,0.0,65.0,177.0,254.0,333.0,417.0,66.9
99,서울남대문경찰서,2019,1.0,0.0,682.0,6.0,0.0,26.0,0.0,0.0,0.0,0.0,6.0,0.0,0.0,82.0,0.0,63.0,0.0,68.0,0.0,43.0,1.0,0.0,0.0,462.0,0.0,2.0,363.0,188.0,170.0,2.0,11.0,214.0,234.0,90.0,170.0,0.0,0.0,0.0,0.0,0.0,0.0,0.0,0.0,0.0,0.0,0.0,0.0,0.0,0.0,3.0,0.0,0.0,716.0,0.0,0.0,0.0,0.0,0.0,0.0,0.0,0.0,0.0,0.0,0.0,0.0,0.0,0.0,0.0,0.0,0.0,0.0,0.0,0.0,0.0,0.0,0.0,0.0,0.0,0.0,2.0,0.0,0.0,0.0,0.0,0.0,0.0,0.0,0.0,0.0,0.0,0.0,0.0,0.0,0.0,0.0,14.0,61.0,150.0,272.0,224.0,75.5
100,서울노원경찰서,2019,5.0,0.0,1670.0,63.0,0.0,99.0,0.0,79.0,0.0,0.0,27.0,1.0,0.0,260.0,0.0,224.0,0.0,104.0,3.0,321.0,0.0,1.0,0.0,1023.0,0.0,6.0,866.0,528.0,549.0,38.0,89.0,450.0,523.0,294.0,549.0,0.0,0.0,0.0,5.0,0.0,0.0,0.0,0.0,0.0,0.0,0.0,0.0,0.0,0.0,6.0,0.0,1.0,1929.0,0.0,0.0,0.0,0.0,0.0,0.0,0.0,0.0,0.0,0.0,0.0,0.0,0.0,0.0,0.0,0.0,0.0,0.0,0.0,0.0,0.0,0.0,0.0,0.0,0.0,0.0,2.0,0.0,0.0,0.0,0.0,0.0,0.0,0.0,0.0,0.0,0.0,0.0,0.0,0.0,0.0,0.0,72.0,282.0,452.0,593.0,544.0,71.15
101,서울도봉경찰서,2019,0.0,0.0,873.0,4.0,0.0,44.0,0.0,8.0,0.0,0.0,39.0,1.0,2.0,212.0,0.0,84.0,0.0,69.0,1.0,179.0,0.0,0.0,0.0,418.0,0.0,2.0,403.0,297.0,268.0,21.0,49.0,179.0,247.0,204.0,268.0,0.0,0.0,0.0,1.0,0.0,0.0,0.0,0.0,0.0,0.0,0.0,0.0,0.0,0.0,2.0,0.0,0.0,963.0,0.0,1.0,0.0,0.0,0.0,0.0,0.0,1.0,0.0,0.0,0.0,0.0,0.0,0.0,0.0,0.0,0.0,0.0,0.0,0.0,0.0,0.0,0.0,0.0,0.0,0.0,0.0,0.0,0.0,0.0,0.0,0.0,0.0,0.0,0.0,0.0,0.0,0.0,0.0,0.0,0.0,0.0,45.0,129.0,193.0,292.0,309.0,72.9
102,서울동대문경찰서,2019,0.0,0.0,1551.0,16.0,0.0,50.0,0.0,39.0,0.0,0.0,83.0,3.0,2.0,521.0,0.0,269.0,0.0,38.0,2.0,163.0,0.0,0.0,0.0,731.0,1.0,9.0,875.0,391.0,473.0,24.0,53.0,395.0,467.0,327.0,473.0,0.0,0.0,0.0,1.0,0.0,0.0,0.0,0.0,0.0,0.0,0.0,0.0,0.0,0.0,4.0,0.0,0.0,1732.0,0.0,0.0,0.0,0.0,0.0,0.0,0.0,0.0,0.0,0.0,0.0,0.0,0.0,0.0,0.0,0.0,1.0,0.0,0.0,0.0,0.0,0.0,0.0,0.0,0.0,0.0,0.0,0.0,0.0,0.0,0.0,0.0,0.0,0.0,0.0,0.0,1.0,0.0,0.0,0.0,0.0,0.0,81.0,200.0,430.0,531.0,497.0,70.75
103,서울동작경찰서,2019,3.0,0.0,1501.0,7.0,0.0,60.0,0.0,33.0,0.0,0.0,30.0,3.0,2.0,290.0,0.0,261.0,0.0,88.0,1.0,141.0,0.0,0.0,0.0,843.0,0.0,5.0,785.0,402.0,447.0,33.0,54.0,483.0,373.0,244.0,447.0,0.0,0.0,0.0,0.0,0.0,0.0,0.0,0.0,0.0,0.0,0.0,0.0,1.0,0.0,1.0,0.0,0.0,1626.0,1.0,0.0,0.0,0.0,0.0,0.0,0.0,0.0,0.0,0.0,0.0,0.0,1.0,0.0,0.0,0.0,0.0,0.0,0.0,0.0,0.0,1.0,0.0,0.0,0.0,0.0,3.0,0.0,0.0,0.0,0.0,0.0,0.0,0.0,0.0,0.0,0.0,0.0,0.0,0.0,0.0,0.0,80.0,202.0,392.0,480.0,480.0,66.19999999999999
104,서울마포경찰서,2019,4.0,0.0,1774.0,301.0,0.0,60.0,0.0,59.0,1.0,0.0,50.0,0.0,0.0,376.0,0.0,606.0,0.0,57.0,2.0,238.0,0.0,1.0,0.0,962.0,1.0,6.0,827.0,383.0,1039.0,21.0,63.0,539.0,383.0,204.0,1039.0,0.0,0.0,0.0,7.0,0.0,0.0,0.0,0.0,0.0,0.0,0.0,0.0,0.0,0.0,6.0,0.0,0.0,2232.0,0.0,0.0,0.0,0.0,0.0,0.0,0.0,0.0,0.0,0.0,0.0,0.0,0.0,0.0,0.0,0.0,0.0,0.0,0.0,0.0,0.0,0.0,0.0,0.0,0.0,0.0,3.0,0.0,0.0,0.0,0.0,1.0,0.0,0.0,0.0,0.0,0.0,0.0,0.0,0.0,0.0,0.0,137.0,504.0,473.0,503.0,632.0,71.0
105,서울방배경찰서,2019,0.0,0.0,629.0,115.0,0.0,20.0,0.0,1.0,0.0,0.0,4.0,0.0,0.0,106.0,0.0,184.0,0.0,28.0,0.0,69.0,0.0,1.0,0.0,377.0,0.0,4.0,310.0,165.0,294.0,8.0,19.0,178.0,179.0,91.0,294.0,0.0,0.0,0.0,1.0,0.0,0.0,0.0,0.0,0.0,0.0,0.0,0.0,0.0,0.0,3.0,0.0,0.0,763.0,0.0,0.0,0.0,0.0,0.0,0.0,0.0,0.0,0.0,0.0,0.0,0.0,0.0,0.0,0.0,0.0,0.0,0.0,0.0,0.0,0.0,0.0,0.0,0.0,0.0,0.0,0.0,0.0,0.0,0.0,0.0,2.0,0.0,0.0,0.0,0.0,0.0,0.0,0.0,0.0,0.0,0.0,46.0,124.0,174.0,211.0,214.0,74.30000000000003
106,서울서대문경찰서,2019,4.0,0.0,1076.0,75.0,0.0,49.0,0.0,15.0,0.0,0.0,44.0,0.0,1.0,25.0,0.0,142.0,0.0,162.0,2.0,126.0,0.0,0.0,0.0,803.0,0.0,2.0,580.0,354.0,329.0,25.0,45.0,313.0,322.0,229.0,329.0,0.0,0.0,0.0,4.0,0.0,0.0,0.0,0.0,0.0,0.0,0.0,0.0,0.0,0.0,1.0,0.0,0.0,1254.0,0.0,0.0,0.0,0.0,0.0,0.0,0.0,0.0,0.0,0.0,0.0,0.0,0.0,0.0,0.0,0.0,0.0,0.0,0.0,0.0,0.0,0.0,0.0,0.0,0.0,0.0,4.0,0.0,0.0,0.0,0.0,0.0,0.0,0.0,0.0,0.0,0.0,0.0,0.0,0.0,0.0,0.0,67.0,172.0,292.0,358.0,374.0,70.55
107,서울서부경찰서,2019,3.0,0.0,458.0,1.0,0.0,21.0,0.0,12.0,0.0,1.0,6.0,0.0,2.0,35.0,0.0,51.0,0.0,37.0,0.0,88.0,0.0,0.0,0.0,288.0,0.0,1.0,238.0,150.0,114.0,10.0,14.0,107.0,159.0,98.0,114.0,0.0,0.0,0.0,0.0,0.0,0.0,0.0,0.0,0.0,0.0,0.0,0.0,0.0,0.0,1.0,0.0,0.0,499.0,0.0,0.0,0.0,0.0,0.0,0.0,0.0,0.0,0.0,0.0,0.0,0.0,0.0,0.0,0.0,0.0,0.0,0.0,0.0,0.0,0.0,0.0,0.0,0.0,0.0,0.0,2.0,0.0,0.0,0.0,0.0,0.0,0.0,0.0,0.0,0.0,0.0,0.0,0.0,0.0,0.0,0.0,16.0,82.0,119.0,139.0,146.0,69.15
108,서울서초경찰서,2019,2.0,0.0,1965.0,178.0,0.0,74.0,0.0,38.0,0.0,0.0,22.0,6.0,4.0,214.0,0.0,266.0,0.0,83.0,1.0,251.0,1.0,1.0,0.0,1435.0,0.0,17.0,1074.0,470.0,735.0,21.0,54.0,689.0,551.0,228.0,736.0,0.0,0.0,0.0,35.0,0.0,0.0,0.0,0.0,0.0,0.0,0.0,0.0,0.0,0.0,4.0,0.0,0.0,2232.0,0.0,0.0,0.0,0.0,1.0,0.0,0.0,0.0,0.0,0.0,0.0,0.0,0.0,0.0,0.0,0.0,0.0,0.0,0.0,0.0,0.0,0.0,0.0,0.0,1.0,0.0,6.0,0.0,0.0,0.0,0.0,0.0,0.0,0.0,0.0,0.0,0.0,0.0,0.0,0.0,0.0,0.0,103.0,276.0,627.0,716.0,557.0,71.95
109,서울성동경찰서,2019,1.0,0.0,1392.0,2.0,0.0,39.0,0.0,31.0,0.0,0.0,34.0,1.0,0.0,110.0,0.0,334.0,0.0,57.0,1.0,187.0,0.0,0.0,0.0,805.0,0.0,4.0,618.0,298.0,583.0,19.0,32.0,366.0,324.0,175.0,583.0,0.0,0.0,0.0,30.0,0.0,0.0,0.0,0.0,0.0,0.0,0.0,0.0,0.0,0.0,1.0,0.0,0.0,1467.0,1.0,0.0,0.0,0.0,0.0,0.0,0.0,0.0,0.0,0.0,0.0,0.0,0.0,0.0,0.0,0.0,0.0,0.0,0.0,0.0,0.0,0.0,0.0,0.0,0.0,0.0,0.0,0.0,0.0,0.0,0.0,0.0,0.0,0.0,0.0,0.0,0.0,0.0,0.0,0.0,0.0,0.0,73.0,166.0,385.0,450.0,425.0,72.95
110,서울성북경찰서,2019,3.0,0.0,921.0,48.0,0.0,41.0,0.0,1.0,0.0,0.0,12.0,1.0,0.0,108.0,0.0,167.0,1.0,74.0,3.0,148.0,0.0,0.0,0.0,518.0,0.0,6.0,459.0,253.0,314.0,18.0,36.0,265.0,226.0,166.0,315.0,0.0,0.0,0.0,2.0,0.0,0.0,0.0,0.0,0.0,0.0,0.0,0.0,0.0,0.0,1.0,0.0,0.0,1015.0,0.0,0.0,0.0,0.0,0.0,0.0,0.0,0.0,0.0,0.0,0.0,0.0,0.0,0.0,0.0,0.0,0.0,0.0,0.0,0.0,0.0,0.0,0.0,0.0,0.0,0.0,6.0,0.0,0.0,0.0,0.0,2.0,0.0,0.0,0.0,0.0,0.0,0.0,0.0,0.0,0.0,0.0,61.0,145.0,262.0,267.0,291.0,70.65
111,서울송파경찰서,2019,1.0,0.0,3162.0,127.0,0.0,95.0,0.0,100.0,0.0,0.0,124.0,3.0,3.0,318.0,0.0,537.0,0.0,56.0,1.0,277.0,0.0,1.0,0.0,2400.0,0.0,13.0,1823.0,857.0,929.0,84.0,99.0,1034.0,962.0,501.0,929.0,0.0,0.0,0.0,5.0,0.0,0.0,0.0,0.0,0.0,0.0,0.0,0.0,0.0,0.0,4.0,0.0,0.0,3589.0,0.0,1.0,0.0,0.0,0.0,0.0,0.0,0.0,0.0,0.0,0.0,0.0,0.0,0.0,0.0,0.0,3.0,0.0,0.0,0.0,0.0,0.0,0.0,0.0,0.0,1.0,6.0,0.0,0.0,0.0,0.0,0.0,0.0,0.0,0.0,0.0,0.0,0.0,0.0,0.0,0.0,0.0,202.0,577.0,789.0,927.0,1114.0,73.4
112,서울수서경찰서,2019,1.0,0.0,1567.0,118.0,0.0,65.0,0.0,86.0,0.0,0.0,10.0,2.0,2.0,219.0,1.0,240.0,0.0,46.0,0.0,126.0,0.0,0.0,0.0,1200.0,0.0,11.0,891.0,459.0,497.0,44.0,66.0,524.0,491.0,224.0,498.0,0.0,0.0,0.0,3.0,0.0,0.0,0.0,0.0,0.0,0.0,0.0,0.0,0.0,0.0,1.0,0.0,0.0,1828.0,0.0,0.0,0.0,1.0,2.0,0.0,0.0,1.0,0.0,0.0,0.0,0.0,0.0,0.0,0.0,0.0,1.0,0.0,0.0,0.0,0.0,0.0,0.0,0.0,0.0,0.0,8.0,0.0,0.0,0.0,1.0,1.0,0.0,0.0,0.0,0.0,0.0,0.0,0.0,0.0,0.0,0.0,59.0,216.0,422.0,544.0,606.0,71.1
113,서울양천경찰서,2019,2.0,0.0,1480.0,206.0,0.0,85.0,0.0,24.0,0.0,0.0,28.0,4.0,0.0,362.0,0.0,168.0,0.0,21.0,2.0,204.0,0.0,0.0,0.0,1056.0,0.0,8.0,895.0,485.0,445.0,57.0,66.0,475.0,503.0,279.0,445.0,0.0,0.0,0.0,2.0,0.0,0.0,0.0,0.0,0.0,0.0,0.0,0.0,0.0,0.0,4.0,0.0,0.0,1817.0,0.0,0.0,0.0,0.0,0.0,0.0,0.0,0.0,0.0,0.0,0.0,0.0,0.0,0.0,0.0,0.0,0.0,0.0,0.0,0.0,0.0,0.0,0.0,0.0,0.0,0.0,1.0,0.0,0.0,0.0,0.0,1.0,0.0,0.0,0.0,0.0,0.0,0.0,0.0,0.0,0.0,0.0,88.0,225.0,476.0,502.0,534.0,71.94999999999997
114,서울영등포경찰서,2019,8.0,0.0,2680.0,100.0,0.0,86.0,0.0,6.0,0.0,0.0,14.0,5.0,3.0,424.0,0.0,505.0,0.0,55.0,2.0,194.0,0.0,0.0,0.0,1696.0,0.0,10.0,1528.0,708.0,658.0,38.0,87.0,894.0,812.0,405.0,658.0,0.0,0.0,0.0,2.0,0.0,0.0,0.0,0.0,0.0,0.0,0.0,0.0,0.0,0.0,0.0,0.0,0.0,2886.0,1.0,0.0,0.0,0.0,1.0,0.0,0.0,0.0,0.0,0.0,0.0,0.0,0.0,0.0,0.0,0.0,0.0,0.0,0.0,0.0,0.0,0.0,0.0,0.0,0.0,0.0,4.0,0.0,0.0,0.0,0.0,0.0,0.0,0.0,0.0,0.0,0.0,0.0,0.0,0.0,0.0,0.0,147.0,388.0,569.0,779.0,1011.0,70.25
115,서울용산경찰서,2019,1.0,0.0,1347.0,104.0,0.0,63.0,0.0,55.0,0.0,0.0,38.0,1.0,3.0,308.0,0.0,231.0,0.0,38.0,1.0,197.0,0.0,0.0,0.0,814.0,0.0,15.0,791.0,319.0,498.0,14.0,28.0,482.0,400.0,186.0,498.0,0.0,0.0,0.0,24.0,0.0,0.0,0.0,0.0,0.0,0.0,0.0,0.0,1.0,0.0,3.0,0.0,0.0,1566.0,2.0,0.0,0.0,0.0,0.0,0.0,0.0,0.0,0.0,0.0,0.0,0.0,0.0,0.0,0.0,0.0,1.0,0.0,0.0,0.0,0.0,0.0,0.0,0.0,0.0,0.0,11.0,0.0,0.0,0.0,0.0,0.0,0.0,0.0,0.0,0.0,0.0,0.0,0.0,0.0,0.0,0.0,80.0,304.0,329.0,475.0,420.0,71.75
116,서울은평경찰서,2019,0.0,0.0,643.0,13.0,0.0,44.0,1.0,137.0,0.0,0.0,11.0,0.0,0.0,149.0,0.0,113.0,0.0,89.0,0.0,83.0,0.0,0.0,0.0,412.0,0.0,3.0,381.0,236.0,232.0,19.0,26.0,180.0,223.0,169.0,232.0,0.0,0.0,0.0,0.0,0.0,0.0,0.0,0.0,0.0,0.0,0.0,0.0,0.0,0.0,0.0,0.0,0.0,848.0,0.0,0.0,0.0,0.0,0.0,0.0,0.0,0.0,0.0,0.0,0.0,0.0,0.0,0.0,0.0,0.0,0.0,0.0,0.0,0.0,0.0,0.0,0.0,0.0,0.0,0.0,0.0,0.0,0.0,0.0,0.0,1.0,0.0,0.0,0.0,0.0,0.0,0.0,0.0,0.0,0.0,0.0,48.0,135.0,171.0,237.0,258.0,68.95
117,서울종로경찰서,2019,1.0,0.0,621.0,3.0,0.0,32.0,0.0,58.0,0.0,0.0,11.0,0.0,2.0,83.0,0.0,130.0,0.0,62.0,0.0,88.0,0.0,0.0,0.0,361.0,0.0,0.0,341.0,183.0,202.0,5.0,13.0,205.0,200.0,101.0,202.0,0.0,0.0,0.0,0.0,0.0,0.0,0.0,0.0,0.0,0.0,0.0,0.0,0.0,0.0,0.0,0.0,0.0,718.0,0.0,0.0,0.0,0.0,0.0,0.0,0.0,0.0,0.0,0.0,4.0,0.0,0.0,0.0,0.0,0.0,0.0,0.0,0.0,1.0,0.0,0.0,0.0,0.0,0.0,0.0,3.0,0.0,0.0,0.0,0.0,0.0,0.0,0.0,0.0,0.0,0.0,0.0,0.0,0.0,0.0,0.0,34.0,71.0,168.0,214.0,239.0,71.2
118,서울종암경찰서,2019,1.0,0.0,913.0,14.0,0.0,47.0,0.0,65.0,0.0,0.0,37.0,1.0,0.0,65.0,0.0,293.0,0.0,121.0,1.0,94.0,0.0,0.0,0.0,502.0,0.0,0.0,420.0,229.0,428.0,20.0,24.0,223.0,242.0,139.0,429.0,0.0,0.0,0.0,3.0,0.0,0.0,0.0,0.0,0.0,0.0,0.0,0.0,0.0,0.0,2.0,0.0,0.0,1071.0,0.0,0.0,0.0,0.0,0.0,0.0,0.0,0.0,0.0,0.0,0.0,0.0,0.0,0.0,0.0,0.0,0.0,0.0,0.0,0.0,0.0,0.0,0.0,0.0,0.0,0.0,1.0,0.0,0.0,0.0,0.0,0.0,0.0,0.0,0.0,0.0,0.0,0.0,0.0,0.0,0.0,0.0,124.0,194.0,207.0,257.0,295.0,71.25
119,서울중랑경찰서,2019,1.0,0.0,1543.0,74.0,0.0,62.0,0.0,66.0,0.0,0.0,23.0,5.0,2.0,384.0,0.0,99.0,0.0,34.0,0.0,185.0,0.0,0.0,0.0,1053.0,0.0,7.0,874.0,476.0,419.0,38.0,68.0,424.0,525.0,295.0,419.0,0.0,0.0,0.0,4.0,0.0,0.0,0.0,0.0,0.0,0.0,0.0,0.0,0.0,0.0,1.0,0.0,0.0,1755.0,0.0,0.0,0.0,0.0,0.0,0.0,1.0,0.0,0.0,0.0,0.0,1.0,0.0,0.0,0.0,0.0,1.0,0.0,0.0,0.0,0.0,0.0,0.0,0.0,0.0,0.0,5.0,0.0,0.0,0.0,0.0,0.0,0.0,0.0,0.0,0.0,1.0,0.0,0.0,0.0,0.0,0.0,76.0,249.0,391.0,503.0,550.0,67.35
120,서울중부경찰서,2019,0.0,0.0,605.0,27.0,0.0,34.0,0.0,5.0,0.0,0.0,61.0,0.0,0.0,146.0,0.0,119.0,0.0,52.0,0.0,48.0,0.0,0.0,0.0,364.0,0.0,3.0,351.0,151.0,230.0,4.0,14.0,187.0,191.0,106.0,230.0,0.0,0.0,0.0,0.0,0.0,0.0,0.0,0.0,0.0,0.0,0.0,0.0,0.0,0.0,0.0,0.0,0.0,730.0,0.0,0.0,0.0,0.0,0.0,0.0,0.0,0.0,0.0,0.0,0.0,0.0,0.0,0.0,0.0,0.0,0.0,0.0,0.0,0.0,0.0,0.0,0.0,0.0,0.0,0.0,2.0,0.0,0.0,0.0,0.0,0.0,0.0,0.0,0.0,0.0,0.0,0.0,0.0,0.0,0.0,0.0,32.0,108.0,166.0,227.0,199.0,67.94999999999999
121,서울혜화경찰서,2019,1.0,0.0,660.0,1.0,0.0,27.0,0.0,5.0,0.0,0.0,20.0,0.0,0.0,81.0,0.0,151.0,0.0,29.0,0.0,51.0,0.0,0.0,0.0,347.0,0.0,55.0,307.0,124.0,283.0,2.0,8.0,159.0,156.0,106.0,283.0,0.0,0.0,0.0,0.0,0.0,0.0,0.0,0.0,0.0,0.0,0.0,0.0,0.0,0.0,0.0,0.0,0.0,714.0,0.0,0.0,0.0,0.0,0.0,0.0,0.0,0.0,0.0,0.0,0.0,0.0,0.0,0.0,0.0,0.0,0.0,0.0,0.0,0.0,0.0,0.0,0.0,0.0,0.0,0.0,0.0,0.0,0.0,0.0,0.0,0.0,0.0,0.0,0.0,0.0,0.0,0.0,0.0,0.0,0.0,0.0,18.0,72.0,173.0,241.0,210.0,68.6
122,충남세종경찰서,2019,2.0,0.0,913.0,201.0,0.0,73.0,3.0,24.0,0.0,0.0,18.0,2.0,2.0,77.0,0.0,162.0,0.0,7.0,5.0,457.0,0.0,0.0,0.0,514.0,0.0,8.0,441.0,299.0,494.0,39.0,38.0,219.0,314.0,130.0,494.0,0.0,0.0,0.0,4.0,0.0,0.0,0.0,0.0,0.0,0.0,0.0,0.0,0.0,0.0,2.0,0.0,1.0,1218.0,1.0,0.0,0.0,0.0,0.0,0.0,0.0,0.0,0.0,0.0,0.0,0.0,0.0,0.0,0.0,0.0,0.0,0.0,0.0,0.0,0.0,0.0,0.0,0.0,0.0,0.0,8.0,0.0,0.0,0.0,0.0,0.0,0.0,0.0,0.0,0.0,0.0,0.0,0.0,0.0,0.0,0.0,44.0,170.0,265.0,319.0,436.0,69.94999999999999
