,jur_stn,연도,crm_wthr_눈,crm_wthr_만월,crm_wthr_맑음,crm_wthr_미상,crm_wthr_바람,crm_wthr_비,crm_wthr_안개,crm_wthr_암흑,crm_wthr_폭설,crm_wthr_폭풍우,crm_wthr_흐림,crm_clue_고발,crm_clue_고소,crm_clue_기타,crm_clue_변사체,crm_clue_불심검문,crm_clue_여죄,crm_clue_자수,crm_clue_진정,crm_clue_타인신고,crm_clue_탄원,crm_clue_탐문정보,crm_clue_투서,crm_clue_피해자신고,crm_clue_피해품발견,crm_clue_현행범,vic_sx_1,vic_sx_2,vic_sx_3,vic_age_0~12세,vic_age_10대,"vic_age_2,30대","vic_age_4,50대",vic_age_60세초과,vic_age_미상,crm_tm_미상,crm_tm_새벽,crm_tm_오전,crm_tm_오후,crm_tm_저녁,score_절폭
0,경기수원남부경찰서,2017,7.0,2.0,4072.0,1466.0,1.0,61.0,0.0,219.0,0.0,1.0,37.0,3.0,148.0,25.0,0.0,3.0,108.0,1.0,84.0,148.0,0.0,326.0,0.0,4224.0,22.0,774.0,3613.0,1912.0,341.0,43.0,560.0,2784.0,1817.0,318.0,344.0,691.0,1444.0,925.0,1122.0,1684.0,78.30000000000003
1,경기수원서부경찰서,2017,3.0,0.0,1869.0,1462.0,0.0,50.0,0.0,98.0,0.0,1.0,74.0,0.0,91.0,18.0,0.0,4.0,22.0,1.0,8.0,155.0,0.0,110.0,0.0,2729.0,10.0,409.0,2274.0,1063.0,220.0,21.0,402.0,1418.0,1196.0,297.0,223.0,340.0,749.0,512.0,749.0,1207.0,70.1
2,경기수원중부경찰서,2017,5.0,12.0,2849.0,1273.0,0.0,61.0,1.0,38.0,0.0,0.0,35.0,1.0,143.0,29.0,0.0,4.0,20.0,2.0,34.0,77.0,0.0,61.0,0.0,3048.0,5.0,850.0,2483.0,1413.0,378.0,36.0,359.0,1284.0,1738.0,484.0,373.0,362.0,769.0,623.0,938.0,1582.0,73.4
3,경남마산동부경찰서,2017,0.0,24.0,1312.0,563.0,1.0,12.0,0.0,39.0,0.0,0.0,3.0,0.0,111.0,19.0,0.0,3.0,58.0,1.0,12.0,75.0,0.0,65.0,0.0,1431.0,9.0,170.0,1126.0,658.0,170.0,4.0,146.0,593.0,798.0,243.0,170.0,226.0,426.0,294.0,348.0,660.0,73.15
4,경남마산중부경찰서,2017,0.0,20.0,955.0,257.0,0.0,11.0,1.0,111.0,0.0,0.0,22.0,0.0,73.0,36.0,0.0,0.0,75.0,0.0,1.0,47.0,0.0,19.0,0.0,1047.0,7.0,72.0,801.0,446.0,130.0,3.0,86.0,368.0,572.0,218.0,130.0,127.0,313.0,222.0,272.0,443.0,77.85
5,경남진주경찰서,2017,0.0,0.0,2121.0,1159.0,0.0,20.0,0.0,89.0,0.0,0.0,9.0,0.0,229.0,34.0,0.0,2.0,316.0,0.0,16.0,104.0,0.0,110.0,0.0,2423.0,5.0,159.0,2034.0,1115.0,249.0,15.0,270.0,1234.0,1154.0,479.0,246.0,487.0,667.0,475.0,633.0,1136.0,78.2
6,경남진해경찰서,2017,0.0,0.0,879.0,543.0,0.0,9.0,0.0,3.0,0.0,0.0,4.0,1.0,85.0,5.0,0.0,2.0,24.0,0.0,24.0,86.0,0.0,74.0,0.0,1060.0,2.0,75.0,778.0,492.0,168.0,5.0,105.0,440.0,561.0,159.0,168.0,202.0,317.0,200.0,240.0,479.0,77.7
7,경남창원서부경찰서,2017,0.0,1.0,591.0,984.0,1.0,5.0,0.0,152.0,0.0,0.0,10.0,2.0,105.0,21.0,0.0,0.0,103.0,0.0,20.0,83.0,0.0,38.0,0.0,1222.0,5.0,145.0,1112.0,569.0,63.0,10.0,84.0,561.0,831.0,195.0,63.0,207.0,347.0,277.0,379.0,534.0,76.35
8,경남창원중부경찰서,2017,0.0,0.0,930.0,1259.0,0.0,8.0,0.0,104.0,0.0,0.0,8.0,0.0,156.0,46.0,0.0,2.0,145.0,3.0,6.0,90.0,0.0,58.0,0.0,1641.0,4.0,158.0,1350.0,770.0,189.0,6.0,186.0,959.0,794.0,176.0,188.0,255.0,508.0,358.0,512.0,676.0,76.4
9,서울강남경찰서,2017,4.0,68.0,1764.0,2278.0,0.0,31.0,0.0,72.0,1.0,2.0,25.0,3.0,292.0,40.0,0.0,3.0,42.0,0.0,83.0,95.0,0.0,48.0,0.0,2877.0,28.0,734.0,2406.0,1529.0,310.0,4.0,274.0,2428.0,985.0,246.0,308.0,504.0,1030.0,757.0,898.0,1056.0,79.4
10,서울강동경찰서,2017,4.0,0.0,2885.0,955.0,0.0,51.0,0.0,189.0,0.0,0.0,44.0,4.0,299.0,32.0,2.0,2.0,12.0,3.0,97.0,48.0,0.0,34.0,0.0,2165.0,6.0,1424.0,2518.0,1346.0,264.0,21.0,297.0,1430.0,1673.0,444.0,263.0,477.0,808.0,695.0,858.0,1290.0,79.95
11,서울강북경찰서,2017,7.0,0.0,1998.0,429.0,0.0,63.0,0.0,712.0,0.0,0.0,55.0,0.0,95.0,33.0,0.0,2.0,31.0,1.0,87.0,68.0,0.0,36.0,0.0,1671.0,8.0,1232.0,2032.0,1172.0,60.0,16.0,303.0,1196.0,1287.0,403.0,59.0,295.0,840.0,532.0,562.0,1035.0,71.9
12,서울강서경찰서,2017,6.0,0.0,2638.0,1868.0,0.0,51.0,0.0,160.0,1.0,2.0,29.0,3.0,222.0,70.0,1.0,4.0,19.0,2.0,158.0,107.0,1.0,22.0,0.0,3178.0,12.0,956.0,2693.0,1721.0,341.0,36.0,390.0,1766.0,1725.0,496.0,342.0,369.0,969.0,795.0,1122.0,1500.0,73.0
13,서울관악경찰서,2017,4.0,0.0,3340.0,1451.0,1.0,71.0,0.0,249.0,0.0,1.0,63.0,4.0,228.0,80.0,1.0,3.0,32.0,3.0,34.0,111.0,0.0,31.0,0.0,3032.0,13.0,1608.0,3106.0,1727.0,347.0,19.0,413.0,2233.0,1593.0,575.0,347.0,485.0,1256.0,861.0,1022.0,1556.0,72.2
14,서울광진경찰서,2017,7.0,0.0,2351.0,1612.0,1.0,34.0,0.0,64.0,0.0,1.0,94.0,1.0,200.0,43.0,0.0,2.0,97.0,0.0,124.0,55.0,0.0,11.0,0.0,2595.0,13.0,1023.0,2468.0,1324.0,372.0,26.0,426.0,1714.0,1250.0,378.0,370.0,304.0,1087.0,629.0,870.0,1274.0,75.85
15,서울구로경찰서,2017,4.0,0.0,3188.0,1031.0,0.0,81.0,0.0,260.0,0.0,0.0,51.0,1.0,175.0,42.0,0.0,2.0,26.0,0.0,20.0,113.0,0.0,17.0,0.0,3150.0,28.0,1041.0,2726.0,1385.0,504.0,26.0,288.0,1546.0,1749.0,510.0,496.0,401.0,776.0,665.0,1002.0,1771.0,74.55000000000003
16,서울금천경찰서,2017,4.0,0.0,1991.0,912.0,0.0,31.0,0.0,100.0,0.0,0.0,37.0,2.0,120.0,34.0,0.0,3.0,40.0,2.0,22.0,54.0,0.0,48.0,0.0,1661.0,10.0,1079.0,1785.0,1018.0,272.0,18.0,176.0,1049.0,1222.0,339.0,271.0,310.0,634.0,447.0,656.0,1028.0,71.19999999999997
17,서울남대문경찰서,2017,2.0,0.0,1161.0,355.0,0.0,25.0,0.0,59.0,0.0,0.0,70.0,2.0,78.0,14.0,0.0,1.0,15.0,0.0,18.0,24.0,0.0,14.0,0.0,971.0,1.0,534.0,974.0,555.0,143.0,3.0,49.0,743.0,587.0,147.0,143.0,100.0,191.0,235.0,593.0,553.0,76.35
18,서울노원경찰서,2017,8.0,3.0,2745.0,1091.0,2.0,44.0,0.0,196.0,0.0,0.0,55.0,3.0,256.0,73.0,0.0,2.0,11.0,1.0,137.0,62.0,0.0,25.0,0.0,2738.0,3.0,833.0,2577.0,1462.0,105.0,18.0,536.0,1481.0,1495.0,508.0,106.0,490.0,799.0,624.0,912.0,1319.0,79.94999999999997
19,서울도봉경찰서,2017,8.0,11.0,1160.0,583.0,0.0,37.0,0.0,25.0,0.0,0.0,100.0,4.0,134.0,22.0,1.0,4.0,28.0,1.0,22.0,44.0,1.0,84.0,0.0,979.0,4.0,596.0,1114.0,649.0,161.0,14.0,153.0,567.0,792.0,237.0,161.0,286.0,360.0,248.0,397.0,633.0,76.45
20,서울동대문경찰서,2017,11.0,0.0,2432.0,921.0,2.0,86.0,0.0,301.0,0.0,1.0,70.0,5.0,266.0,26.0,0.0,2.0,47.0,0.0,179.0,51.0,0.0,28.0,0.0,2166.0,1.0,1053.0,2293.0,1263.0,268.0,16.0,254.0,1200.0,1503.0,579.0,272.0,334.0,691.0,602.0,933.0,1264.0,76.35
21,서울동작경찰서,2017,5.0,3.0,1646.0,978.0,3.0,46.0,0.0,191.0,0.0,0.0,134.0,3.0,167.0,29.0,1.0,1.0,14.0,2.0,49.0,56.0,0.0,22.0,0.0,1914.0,4.0,744.0,1759.0,972.0,275.0,11.0,261.0,1106.0,979.0,374.0,275.0,256.0,552.0,488.0,697.0,1013.0,77.6
22,서울마포경찰서,2017,5.0,1.0,2824.0,1804.0,1.0,36.0,0.0,47.0,0.0,0.0,9.0,1.0,208.0,52.0,0.0,7.0,29.0,4.0,43.0,71.0,0.0,31.0,0.0,2919.0,32.0,1330.0,2893.0,1523.0,311.0,11.0,533.0,2443.0,1082.0,347.0,311.0,450.0,1482.0,674.0,762.0,1359.0,75.55
23,서울방배경찰서,2017,2.0,0.0,514.0,309.0,1.0,17.0,0.0,73.0,0.0,0.0,7.0,0.0,85.0,17.0,0.0,1.0,7.0,1.0,7.0,17.0,0.0,6.0,0.0,537.0,5.0,240.0,600.0,244.0,79.0,3.0,49.0,326.0,355.0,114.0,76.0,107.0,144.0,167.0,205.0,300.0,81.1
24,서울서대문경찰서,2017,4.0,17.0,1939.0,706.0,1.0,23.0,0.0,126.0,0.0,0.0,119.0,3.0,87.0,21.0,0.0,0.0,21.0,0.0,129.0,64.0,0.0,10.0,0.0,2002.0,7.0,591.0,1848.0,971.0,116.0,14.0,294.0,1175.0,980.0,356.0,116.0,317.0,593.0,444.0,666.0,915.0,78.05
25,서울서부경찰서,2017,2.0,8.0,927.0,370.0,0.0,18.0,0.0,26.0,0.0,1.0,93.0,0.0,64.0,10.0,0.0,0.0,13.0,2.0,14.0,23.0,0.0,38.0,0.0,760.0,8.0,513.0,909.0,460.0,76.0,18.0,123.0,459.0,560.0,209.0,76.0,146.0,281.0,237.0,323.0,458.0,76.3
26,서울서초경찰서,2017,1.0,2.0,1267.0,1890.0,0.0,23.0,1.0,125.0,0.0,0.0,13.0,2.0,279.0,19.0,0.0,1.0,26.0,1.0,49.0,46.0,1.0,13.0,0.0,2037.0,17.0,831.0,1961.0,1080.0,281.0,9.0,192.0,1658.0,929.0,255.0,279.0,330.0,721.0,543.0,794.0,934.0,83.9
27,서울성동경찰서,2017,7.0,0.0,1631.0,710.0,1.0,41.0,0.0,177.0,0.0,0.0,68.0,1.0,128.0,43.0,1.0,1.0,21.0,3.0,9.0,27.0,0.0,22.0,0.0,1535.0,5.0,839.0,1564.0,761.0,310.0,10.0,181.0,974.0,912.0,249.0,309.0,221.0,514.0,383.0,607.0,910.0,75.1
28,서울성북경찰서,2017,1.0,1.0,1069.0,483.0,0.0,23.0,0.0,82.0,0.0,0.0,17.0,2.0,74.0,11.0,0.0,3.0,26.0,2.0,10.0,32.0,0.0,6.0,0.0,1018.0,2.0,490.0,1089.0,535.0,52.0,4.0,186.0,691.0,559.0,184.0,52.0,142.0,337.0,272.0,374.0,551.0,78.35
29,서울송파경찰서,2017,5.0,0.0,3610.0,1349.0,0.0,38.0,0.0,199.0,0.0,0.0,64.0,3.0,419.0,99.0,0.0,6.0,23.0,4.0,101.0,92.0,0.0,16.0,0.0,3179.0,19.0,1304.0,3084.0,1730.0,451.0,35.0,378.0,2047.0,1870.0,495.0,440.0,658.0,849.0,846.0,1291.0,1621.0,77.7
30,서울수서경찰서,2017,4.0,3.0,1395.0,1347.0,0.0,33.0,0.0,38.0,0.0,0.0,11.0,5.0,329.0,12.0,0.0,1.0,10.0,1.0,142.0,51.0,0.0,29.0,0.0,1593.0,10.0,648.0,1728.0,879.0,224.0,19.0,194.0,1134.0,981.0,280.0,223.0,368.0,470.0,535.0,688.0,770.0,81.6
31,서울양천경찰서,2017,1.0,1.0,2599.0,849.0,0.0,53.0,1.0,247.0,0.0,0.0,50.0,1.0,132.0,22.0,0.0,1.0,149.0,1.0,109.0,79.0,0.0,29.0,0.0,2545.0,13.0,720.0,2221.0,1253.0,327.0,42.0,422.0,1101.0,1485.0,429.0,322.0,309.0,713.0,573.0,903.0,1303.0,77.30000000000003
32,서울영등포경찰서,2017,18.0,0.0,3565.0,1728.0,2.0,52.0,1.0,82.0,0.0,0.0,55.0,1.0,327.0,66.0,1.0,9.0,33.0,1.0,49.0,98.0,1.0,33.0,0.0,3511.0,4.0,1369.0,3410.0,1696.0,397.0,23.0,320.0,2037.0,2087.0,640.0,396.0,496.0,1009.0,817.0,1330.0,1851.0,71.44999999999997
33,서울용산경찰서,2017,2.0,0.0,2243.0,1354.0,2.0,42.0,0.0,106.0,0.0,0.0,62.0,3.0,223.0,59.0,0.0,2.0,37.0,3.0,34.0,50.0,0.0,27.0,0.0,2013.0,15.0,1345.0,2401.0,1063.0,347.0,10.0,166.0,1871.0,1112.0,304.0,348.0,328.0,1253.0,678.0,595.0,957.0,77.05
34,서울은평경찰서,2017,3.0,8.0,1308.0,553.0,5.0,41.0,0.0,250.0,1.0,0.0,48.0,1.0,128.0,27.0,1.0,0.0,16.0,0.0,30.0,53.0,0.0,13.0,0.0,1394.0,5.0,549.0,1237.0,811.0,169.0,16.0,209.0,779.0,816.0,229.0,168.0,197.0,469.0,297.0,516.0,738.0,77.45
35,서울종로경찰서,2017,9.0,8.0,1323.0,650.0,0.0,21.0,0.0,72.0,0.0,0.0,105.0,6.0,119.0,19.0,0.0,3.0,19.0,2.0,48.0,48.0,0.0,11.0,0.0,1217.0,8.0,688.0,1444.0,596.0,148.0,6.0,93.0,865.0,784.0,290.0,150.0,226.0,376.0,319.0,557.0,710.0,79.05
36,서울종암경찰서,2017,4.0,0.0,874.0,527.0,0.0,27.0,0.0,49.0,0.0,0.0,20.0,2.0,53.0,11.0,0.0,1.0,11.0,1.0,20.0,38.0,0.0,5.0,0.0,941.0,2.0,416.0,908.0,474.0,119.0,12.0,102.0,449.0,631.0,188.0,119.0,124.0,294.0,248.0,352.0,483.0,74.7
37,서울중랑경찰서,2017,6.0,0.0,2481.0,1536.0,0.0,48.0,1.0,268.0,0.0,2.0,127.0,2.0,203.0,22.0,0.0,2.0,55.0,2.0,111.0,158.0,0.0,33.0,0.0,2729.0,6.0,1146.0,2676.0,1488.0,305.0,26.0,336.0,1419.0,1832.0,545.0,311.0,431.0,904.0,718.0,898.0,1518.0,71.94999999999997
38,서울중부경찰서,2017,5.0,1.0,1576.0,503.0,1.0,49.0,0.0,169.0,0.0,0.0,49.0,4.0,95.0,31.0,0.0,1.0,24.0,1.0,6.0,48.0,0.0,13.0,0.0,1485.0,9.0,636.0,1459.0,751.0,143.0,7.0,88.0,990.0,859.0,266.0,143.0,182.0,462.0,440.0,537.0,732.0,76.85
39,서울혜화경찰서,2017,1.0,0.0,1376.0,219.0,1.0,38.0,0.0,49.0,0.0,0.0,17.0,3.0,101.0,16.0,0.0,5.0,16.0,1.0,8.0,38.0,0.0,14.0,0.0,1016.0,2.0,481.0,1099.0,497.0,105.0,5.0,78.0,591.0,673.0,251.0,103.0,137.0,244.0,261.0,509.0,550.0,78.3
40,충남세종경찰서,2017,1.0,0.0,535.0,711.0,0.0,7.0,0.0,60.0,0.0,0.0,3.0,2.0,153.0,10.0,0.0,1.0,29.0,3.0,24.0,105.0,0.0,14.0,0.0,941.0,2.0,33.0,803.0,448.0,66.0,11.0,108.0,430.0,560.0,140.0,68.0,164.0,166.0,236.0,333.0,418.0,80.15
41,경기수원남부경찰서,2018,11.0,0.0,3874.0,1157.0,0.0,69.0,0.0,493.0,0.0,0.0,66.0,2.0,238.0,47.0,0.0,1.0,77.0,2.0,49.0,208.0,0.0,137.0,0.0,4260.0,14.0,635.0,3490.0,1807.0,373.0,31.0,548.0,2585.0,1772.0,373.0,361.0,577.0,1380.0,875.0,1082.0,1756.0,77.35
42,경기수원서부경찰서,2018,7.0,0.0,1943.0,1320.0,0.0,60.0,0.0,74.0,0.0,0.0,94.0,1.0,89.0,38.0,0.0,1.0,47.0,4.0,17.0,166.0,0.0,50.0,0.0,2708.0,6.0,371.0,2099.0,1193.0,206.0,18.0,306.0,1362.0,1282.0,326.0,204.0,336.0,651.0,499.0,872.0,1140.0,72.9
43,경기수원중부경찰서,2018,4.0,2.0,2869.0,1203.0,0.0,60.0,0.0,128.0,0.0,0.0,32.0,2.0,161.0,26.0,0.0,2.0,42.0,1.0,41.0,203.0,0.0,28.0,0.0,3112.0,7.0,673.0,2496.0,1476.0,326.0,26.0,343.0,1294.0,1778.0,544.0,313.0,437.0,703.0,631.0,1057.0,1470.0,73.7
44,경남마산동부경찰서,2018,0.0,22.0,1178.0,683.0,0.0,19.0,0.0,44.0,0.0,0.0,4.0,2.0,147.0,19.0,0.0,0.0,54.0,1.0,18.0,72.0,0.0,15.0,0.0,1458.0,3.0,161.0,1161.0,645.0,144.0,8.0,122.0,554.0,807.0,320.0,139.0,236.0,402.0,290.0,414.0,608.0,74.2
45,경남마산중부경찰서,2018,0.0,18.0,839.0,396.0,2.0,25.0,0.0,72.0,0.0,2.0,37.0,1.0,92.0,8.0,0.0,0.0,86.0,0.0,7.0,77.0,0.0,18.0,0.0,1030.0,2.0,70.0,805.0,482.0,104.0,8.0,65.0,356.0,614.0,249.0,99.0,153.0,326.0,194.0,292.0,426.0,78.15
46,경남진주경찰서,2018,0.0,0.0,1807.0,1278.0,0.0,15.0,0.0,105.0,0.0,1.0,112.0,2.0,247.0,31.0,0.0,1.0,437.0,1.0,10.0,64.0,0.0,29.0,0.0,2280.0,13.0,203.0,2025.0,1071.0,222.0,9.0,207.0,1154.0,1129.0,608.0,211.0,657.0,526.0,436.0,564.0,1135.0,78.1
47,경남진해경찰서,2018,0.0,0.0,812.0,557.0,0.0,12.0,0.0,5.0,0.0,0.0,6.0,2.0,129.0,7.0,0.0,0.0,56.0,0.0,35.0,57.0,0.0,13.0,0.0,1052.0,1.0,40.0,787.0,441.0,164.0,10.0,87.0,425.0,560.0,147.0,163.0,207.0,276.0,205.0,235.0,469.0,76.75
48,경남창원서부경찰서,2018,0.0,0.0,624.0,854.0,0.0,23.0,0.0,231.0,0.0,1.0,8.0,0.0,104.0,9.0,0.0,2.0,123.0,1.0,11.0,85.0,0.0,19.0,0.0,1263.0,3.0,121.0,998.0,646.0,97.0,6.0,79.0,513.0,849.0,195.0,99.0,243.0,299.0,257.0,376.0,566.0,74.85
49,경남창원중부경찰서,2018,0.0,0.0,1053.0,1173.0,1.0,19.0,0.0,98.0,0.0,0.0,14.0,1.0,153.0,27.0,0.0,0.0,179.0,0.0,6.0,101.0,0.0,30.0,0.0,1718.0,2.0,141.0,1357.0,740.0,261.0,5.0,182.0,914.0,817.0,188.0,252.0,317.0,533.0,421.0,459.0,628.0,76.85
50,서울강남경찰서,2018,2.0,1.0,1960.0,2057.0,0.0,33.0,0.0,76.0,0.0,0.0,12.0,1.0,293.0,27.0,0.0,4.0,50.0,1.0,91.0,74.0,0.0,45.0,0.0,3060.0,26.0,469.0,2283.0,1501.0,357.0,3.0,303.0,2293.0,944.0,253.0,345.0,565.0,988.0,779.0,846.0,963.0,81.1
51,서울강동경찰서,2018,3.0,2.0,2672.0,850.0,0.0,47.0,0.0,120.0,0.0,0.0,24.0,1.0,286.0,21.0,0.0,0.0,7.0,0.0,92.0,61.0,0.0,18.0,0.0,2135.0,1.0,1096.0,2197.0,1274.0,247.0,21.0,302.0,1308.0,1396.0,453.0,238.0,407.0,690.0,623.0,859.0,1139.0,76.75
52,서울강북경찰서,2018,3.0,0.0,2026.0,340.0,1.0,66.0,0.0,706.0,0.0,0.0,56.0,2.0,145.0,28.0,0.0,1.0,28.0,2.0,92.0,52.0,1.0,13.0,0.0,1888.0,1.0,945.0,1961.0,1175.0,62.0,17.0,269.0,1188.0,1205.0,460.0,59.0,345.0,751.0,531.0,657.0,914.0,72.8
53,서울강서경찰서,2018,2.0,0.0,2380.0,1826.0,0.0,55.0,0.0,128.0,0.0,1.0,20.0,15.0,280.0,64.0,0.0,1.0,12.0,1.0,217.0,133.0,0.0,20.0,0.0,2978.0,3.0,688.0,2525.0,1597.0,290.0,30.0,313.0,1649.0,1574.0,568.0,278.0,458.0,785.0,740.0,1057.0,1372.0,78.15
54,서울관악경찰서,2018,4.0,0.0,2433.0,1678.0,13.0,83.0,0.0,349.0,0.0,0.0,68.0,3.0,291.0,53.0,0.0,3.0,41.0,1.0,22.0,108.0,0.0,17.0,0.0,2965.0,8.0,1116.0,2800.0,1491.0,337.0,23.0,313.0,1996.0,1391.0,585.0,320.0,458.0,1000.0,786.0,1012.0,1372.0,74.95
55,서울광진경찰서,2018,1.0,2.0,1925.0,1649.0,0.0,37.0,0.0,110.0,0.0,0.0,53.0,2.0,222.0,48.0,0.0,2.0,41.0,0.0,150.0,73.0,0.0,13.0,0.0,2529.0,11.0,686.0,2285.0,1253.0,239.0,7.0,385.0,1571.0,1191.0,391.0,232.0,376.0,798.0,589.0,815.0,1199.0,75.44999999999997
56,서울구로경찰서,2018,10.0,0.0,3019.0,1089.0,1.0,87.0,0.0,190.0,0.0,1.0,102.0,2.0,198.0,15.0,1.0,1.0,26.0,1.0,12.0,156.0,0.0,11.0,0.0,3258.0,4.0,814.0,2706.0,1422.0,371.0,29.0,269.0,1503.0,1752.0,582.0,364.0,477.0,698.0,714.0,1030.0,1580.0,72.8
57,서울금천경찰서,2018,5.0,0.0,1749.0,1080.0,1.0,34.0,0.0,205.0,1.0,1.0,28.0,1.0,183.0,30.0,0.0,1.0,15.0,1.0,21.0,69.0,0.0,11.0,0.0,1886.0,6.0,880.0,1841.0,999.0,264.0,13.0,149.0,1013.0,1279.0,396.0,254.0,283.0,549.0,493.0,698.0,1081.0,69.05
58,서울남대문경찰서,2018,0.0,0.0,1053.0,373.0,0.0,36.0,0.0,73.0,0.0,0.0,46.0,2.0,111.0,14.0,0.0,2.0,21.0,0.0,29.0,41.0,0.0,5.0,0.0,930.0,3.0,423.0,891.0,584.0,106.0,3.0,42.0,668.0,588.0,179.0,101.0,99.0,166.0,235.0,585.0,496.0,78.35
59,서울노원경찰서,2018,4.0,0.0,2438.0,1005.0,0.0,54.0,4.0,211.0,0.0,0.0,47.0,3.0,313.0,64.0,0.0,4.0,7.0,2.0,98.0,68.0,0.0,18.0,0.0,2546.0,5.0,635.0,2153.0,1318.0,292.0,28.0,395.0,1235.0,1329.0,491.0,285.0,430.0,677.0,566.0,870.0,1220.0,78.1
60,서울도봉경찰서,2018,2.0,11.0,1285.0,632.0,0.0,40.0,0.0,35.0,0.0,0.0,83.0,0.0,152.0,21.0,0.0,1.0,23.0,4.0,40.0,58.0,0.0,34.0,0.0,1366.0,2.0,387.0,1213.0,724.0,151.0,11.0,137.0,641.0,859.0,292.0,148.0,243.0,341.0,346.0,464.0,694.0,78.15
61,서울동대문경찰서,2018,4.0,0.0,2321.0,899.0,3.0,49.0,0.0,294.0,0.0,0.0,26.0,3.0,250.0,46.0,0.0,0.0,48.0,1.0,174.0,94.0,0.0,8.0,0.0,2165.0,1.0,806.0,2223.0,1122.0,251.0,19.0,234.0,1170.0,1340.0,586.0,247.0,304.0,660.0,570.0,883.0,1179.0,74.5
62,서울동작경찰서,2018,1.0,0.0,1429.0,1065.0,0.0,56.0,0.0,93.0,0.0,0.0,119.0,3.0,184.0,20.0,0.0,1.0,9.0,0.0,82.0,74.0,0.0,10.0,0.0,1796.0,0.0,584.0,1668.0,854.0,241.0,10.0,209.0,1084.0,865.0,357.0,238.0,291.0,454.0,500.0,633.0,885.0,75.9
63,서울마포경찰서,2018,10.0,1.0,2749.0,1870.0,0.0,52.0,1.0,43.0,0.0,0.0,48.0,5.0,299.0,25.0,0.0,4.0,15.0,3.0,85.0,118.0,0.0,20.0,1.0,3121.0,12.0,1066.0,2905.0,1551.0,318.0,14.0,470.0,2421.0,1166.0,389.0,314.0,521.0,1434.0,736.0,844.0,1239.0,77.55000000000003
64,서울방배경찰서,2018,1.0,0.0,455.0,291.0,1.0,23.0,0.0,39.0,0.0,0.0,10.0,0.0,61.0,13.0,0.0,0.0,4.0,0.0,15.0,15.0,0.0,3.0,0.0,544.0,1.0,164.0,513.0,261.0,46.0,5.0,48.0,273.0,335.0,113.0,46.0,86.0,112.0,156.0,190.0,276.0,83.4
65,서울서대문경찰서,2018,2.0,22.0,1646.0,750.0,0.0,43.0,1.0,55.0,0.0,0.0,93.0,1.0,149.0,22.0,0.0,3.0,20.0,1.0,102.0,80.0,0.0,9.0,0.0,1731.0,2.0,492.0,1588.0,910.0,114.0,10.0,230.0,1066.0,847.0,348.0,111.0,315.0,462.0,411.0,624.0,800.0,76.8
66,서울서부경찰서,2018,0.0,2.0,930.0,360.0,0.0,21.0,0.0,36.0,0.0,0.0,10.0,3.0,81.0,8.0,0.0,0.0,7.0,1.0,16.0,31.0,0.0,17.0,0.0,815.0,0.0,380.0,832.0,447.0,80.0,2.0,109.0,427.0,510.0,231.0,80.0,131.0,247.0,206.0,307.0,468.0,75.15
67,서울서초경찰서,2018,2.0,0.0,1848.0,1354.0,0.0,44.0,0.0,125.0,0.0,1.0,21.0,3.0,297.0,22.0,0.0,2.0,17.0,1.0,46.0,68.0,0.0,17.0,0.0,2223.0,10.0,689.0,2003.0,1130.0,262.0,9.0,208.0,1673.0,976.0,274.0,255.0,354.0,734.0,643.0,800.0,864.0,84.25
68,서울성동경찰서,2018,1.0,0.0,1372.0,707.0,0.0,42.0,0.0,84.0,0.0,0.0,45.0,0.0,113.0,11.0,0.0,4.0,8.0,0.0,14.0,29.0,0.0,17.0,0.0,1447.0,5.0,603.0,1361.0,722.0,168.0,6.0,165.0,911.0,756.0,250.0,163.0,241.0,384.0,382.0,510.0,734.0,77.85
69,서울성북경찰서,2018,1.0,5.0,911.0,376.0,1.0,26.0,0.0,102.0,0.0,0.0,11.0,0.0,79.0,9.0,0.0,3.0,15.0,1.0,25.0,34.0,0.0,6.0,1.0,932.0,0.0,328.0,909.0,497.0,27.0,13.0,170.0,604.0,436.0,185.0,25.0,169.0,281.0,201.0,336.0,446.0,75.85
70,서울송파경찰서,2018,2.0,0.0,3977.0,1394.0,0.0,72.0,0.0,105.0,0.0,0.0,61.0,5.0,504.0,66.0,1.0,2.0,7.0,1.0,111.0,100.0,0.0,7.0,0.0,3638.0,8.0,1161.0,3301.0,1864.0,446.0,38.0,375.0,2194.0,1951.0,624.0,429.0,758.0,985.0,937.0,1322.0,1609.0,77.7
71,서울수서경찰서,2018,1.0,0.0,905.0,1550.0,0.0,24.0,0.0,79.0,0.0,2.0,18.0,3.0,362.0,24.0,0.0,0.0,11.0,2.0,120.0,45.0,0.0,18.0,0.0,1498.0,5.0,491.0,1518.0,846.0,215.0,12.0,151.0,1056.0,850.0,293.0,217.0,420.0,371.0,451.0,589.0,748.0,82.19999999999997
72,서울양천경찰서,2018,9.0,1.0,2145.0,953.0,1.0,60.0,0.0,134.0,0.0,0.0,65.0,2.0,161.0,12.0,0.0,2.0,48.0,2.0,109.0,77.0,0.0,19.0,0.0,2368.0,7.0,561.0,1902.0,1155.0,311.0,31.0,327.0,1014.0,1265.0,427.0,304.0,347.0,541.0,562.0,846.0,1072.0,79.4
73,서울영등포경찰서,2018,4.0,0.0,3328.0,1902.0,1.0,66.0,0.0,84.0,0.0,5.0,32.0,4.0,358.0,81.0,0.0,4.0,16.0,4.0,43.0,136.0,0.0,22.0,0.0,3623.0,8.0,1123.0,3396.0,1593.0,433.0,23.0,319.0,1913.0,2064.0,686.0,417.0,568.0,855.0,859.0,1313.0,1827.0,73.4
74,서울용산경찰서,2018,3.0,0.0,1468.0,1290.0,2.0,41.0,0.0,198.0,0.0,1.0,40.0,3.0,248.0,27.0,0.0,2.0,6.0,2.0,56.0,64.0,0.0,5.0,0.0,1723.0,16.0,891.0,1945.0,876.0,222.0,8.0,152.0,1440.0,931.0,295.0,217.0,325.0,886.0,529.0,572.0,731.0,77.7
75,서울은평경찰서,2018,2.0,13.0,1176.0,517.0,5.0,41.0,0.0,344.0,0.0,0.0,22.0,3.0,118.0,11.0,0.0,3.0,8.0,1.0,35.0,86.0,0.0,5.0,0.0,1430.0,5.0,415.0,1217.0,770.0,133.0,10.0,205.0,723.0,748.0,302.0,132.0,217.0,445.0,333.0,468.0,657.0,76.35
76,서울종로경찰서,2018,1.0,2.0,1097.0,507.0,0.0,28.0,0.0,112.0,0.0,1.0,92.0,1.0,116.0,13.0,1.0,1.0,9.0,2.0,41.0,49.0,0.0,8.0,0.0,1045.0,5.0,549.0,1209.0,475.0,156.0,4.0,57.0,729.0,635.0,263.0,152.0,213.0,324.0,237.0,448.0,618.0,82.35
77,서울종암경찰서,2018,2.0,0.0,746.0,541.0,0.0,36.0,0.0,47.0,0.0,0.0,15.0,1.0,83.0,20.0,0.0,1.0,9.0,3.0,15.0,48.0,0.0,4.0,0.0,894.0,1.0,308.0,812.0,476.0,99.0,4.0,90.0,396.0,580.0,219.0,98.0,128.0,239.0,226.0,325.0,469.0,74.1
78,서울중랑경찰서,2018,5.0,0.0,2276.0,1321.0,3.0,74.0,0.0,244.0,0.0,0.0,66.0,2.0,215.0,30.0,0.0,4.0,50.0,3.0,120.0,165.0,0.0,19.0,0.0,2533.0,1.0,847.0,2411.0,1312.0,266.0,29.0,289.0,1264.0,1553.0,597.0,257.0,420.0,706.0,615.0,929.0,1319.0,72.4
79,서울중부경찰서,2018,2.0,0.0,1670.0,319.0,0.0,32.0,0.0,199.0,0.0,2.0,22.0,1.0,100.0,48.0,0.0,2.0,9.0,0.0,10.0,33.0,0.0,9.0,0.0,1510.0,4.0,520.0,1390.0,746.0,110.0,3.0,96.0,929.0,839.0,269.0,110.0,235.0,421.0,363.0,529.0,698.0,79.15
80,서울혜화경찰서,2018,4.0,0.0,1222.0,232.0,0.0,36.0,0.0,56.0,0.0,0.0,24.0,3.0,64.0,10.0,0.0,1.0,18.0,0.0,7.0,51.0,0.0,9.0,0.0,990.0,2.0,419.0,1023.0,486.0,65.0,1.0,64.0,535.0,617.0,293.0,64.0,135.0,215.0,240.0,530.0,454.0,72.69999999999997
81,충남세종경찰서,2018,1.0,0.0,524.0,698.0,1.0,15.0,0.0,128.0,0.0,0.0,5.0,2.0,126.0,1.0,0.0,0.0,16.0,0.0,34.0,65.0,0.0,5.0,0.0,1090.0,2.0,31.0,834.0,471.0,67.0,15.0,121.0,439.0,555.0,176.0,66.0,190.0,171.0,253.0,346.0,412.0,80.30000000000003
82,경기수원남부경찰서,2019,0.0,3.0,3383.0,1403.0,0.0,49.0,0.0,296.0,0.0,2.0,51.0,3.0,186.0,22.0,0.0,3.0,44.0,5.0,50.0,217.0,0.0,123.0,0.0,3923.0,6.0,605.0,3081.0,1745.0,361.0,31.0,442.0,2469.0,1552.0,330.0,363.0,543.0,1231.0,885.0,1041.0,1487.0,77.44999999999997
83,경기수원서부경찰서,2019,1.0,0.0,1827.0,1198.0,0.0,18.0,0.0,134.0,0.0,0.0,75.0,1.0,76.0,19.0,0.0,0.0,33.0,7.0,11.0,182.0,0.0,14.0,0.0,2565.0,5.0,340.0,1958.0,1101.0,194.0,17.0,254.0,1255.0,1178.0,354.0,195.0,273.0,552.0,506.0,812.0,1110.0,73.15
84,경기수원중부경찰서,2019,4.0,1.0,2389.0,1022.0,0.0,49.0,0.0,112.0,0.0,0.0,31.0,3.0,126.0,17.0,0.0,3.0,85.0,1.0,40.0,186.0,0.0,16.0,0.0,2633.0,4.0,494.0,1970.0,1347.0,291.0,34.0,220.0,1063.0,1507.0,493.0,291.0,317.0,612.0,568.0,880.0,1231.0,78.1
85,경남마산동부경찰서,2019,0.0,16.0,831.0,844.0,0.0,14.0,0.0,30.0,0.0,0.0,3.0,1.0,85.0,26.0,0.0,1.0,48.0,0.0,19.0,67.0,0.0,0.0,0.0,1325.0,3.0,163.0,999.0,595.0,144.0,9.0,103.0,508.0,691.0,281.0,146.0,217.0,364.0,231.0,358.0,568.0,75.55
86,경남마산중부경찰서,2019,0.0,2.0,756.0,311.0,0.0,17.0,0.0,11.0,0.0,0.0,8.0,1.0,65.0,7.0,0.0,0.0,61.0,1.0,2.0,32.0,0.0,8.0,0.0,876.0,1.0,51.0,655.0,383.0,67.0,4.0,55.0,266.0,482.0,231.0,67.0,136.0,253.0,138.0,232.0,346.0,80.3
87,경남진주경찰서,2019,0.0,0.0,1586.0,964.0,0.0,15.0,0.0,98.0,0.0,0.0,15.0,1.0,184.0,9.0,0.0,3.0,200.0,1.0,9.0,78.0,0.0,24.0,0.0,2003.0,0.0,166.0,1555.0,922.0,201.0,13.0,191.0,830.0,1013.0,431.0,200.0,374.0,466.0,415.0,558.0,865.0,77.30000000000003
88,경남진해경찰서,2019,0.0,0.0,609.0,512.0,1.0,7.0,0.0,26.0,0.0,1.0,2.0,2.0,93.0,8.0,0.0,1.0,9.0,0.0,26.0,27.0,0.0,6.0,0.0,918.0,3.0,65.0,677.0,403.0,78.0,6.0,94.0,367.0,466.0,146.0,79.0,129.0,232.0,162.0,258.0,377.0,76.05
89,경남창원서부경찰서,2019,0.0,0.0,734.0,683.0,0.0,12.0,0.0,155.0,0.0,0.0,26.0,1.0,71.0,22.0,0.0,0.0,151.0,1.0,4.0,62.0,0.0,5.0,0.0,1184.0,2.0,107.0,947.0,522.0,141.0,1.0,54.0,494.0,707.0,213.0,141.0,208.0,317.0,216.0,350.0,519.0,78.55
90,경남창원중부경찰서,2019,0.0,0.0,879.0,1049.0,0.0,33.0,0.0,81.0,0.0,1.0,7.0,2.0,131.0,20.0,0.0,0.0,162.0,1.0,11.0,56.0,0.0,22.0,0.0,1541.0,7.0,97.0,1245.0,622.0,183.0,10.0,128.0,881.0,685.0,163.0,183.0,231.0,558.0,286.0,417.0,558.0,79.19999999999997
91,서울강남경찰서,2019,0.0,0.0,1761.0,1700.0,1.0,31.0,0.0,74.0,0.0,0.0,7.0,1.0,190.0,23.0,0.0,2.0,65.0,7.0,106.0,114.0,0.0,18.0,0.0,2663.0,17.0,368.0,1898.0,1322.0,354.0,6.0,202.0,1940.0,846.0,222.0,358.0,429.0,757.0,611.0,825.0,952.0,82.15
92,서울강동경찰서,2019,4.0,0.0,2312.0,796.0,0.0,47.0,0.0,143.0,0.0,1.0,59.0,4.0,221.0,19.0,0.0,0.0,21.0,1.0,84.0,82.0,0.0,4.0,0.0,1982.0,4.0,940.0,2048.0,1149.0,165.0,15.0,255.0,1152.0,1306.0,466.0,168.0,332.0,601.0,560.0,827.0,1042.0,77.5
93,서울강북경찰서,2019,0.0,0.0,2213.0,465.0,0.0,56.0,1.0,509.0,0.0,1.0,108.0,3.0,116.0,51.0,1.0,1.0,20.0,0.0,49.0,93.0,0.0,3.0,0.0,2195.0,3.0,818.0,2024.0,1241.0,88.0,24.0,279.0,1230.0,1250.0,475.0,95.0,357.0,743.0,563.0,693.0,997.0,74.1
94,서울강서경찰서,2019,4.0,0.0,2418.0,1426.0,1.0,46.0,1.0,200.0,0.0,1.0,17.0,2.0,164.0,25.0,0.0,3.0,40.0,1.0,180.0,123.0,0.0,21.0,0.0,2977.0,3.0,575.0,2299.0,1494.0,321.0,31.0,279.0,1540.0,1419.0,523.0,322.0,430.0,705.0,674.0,1028.0,1277.0,74.85
95,서울관악경찰서,2019,1.0,0.0,2231.0,1775.0,1.0,63.0,0.0,253.0,0.0,1.0,46.0,4.0,232.0,39.0,0.0,4.0,15.0,1.0,22.0,167.0,0.0,17.0,0.0,2932.0,1.0,937.0,2597.0,1496.0,278.0,14.0,273.0,1935.0,1291.0,579.0,279.0,429.0,971.0,750.0,945.0,1276.0,73.15
96,서울광진경찰서,2019,0.0,0.0,1606.0,1397.0,0.0,38.0,0.0,89.0,0.0,1.0,75.0,1.0,147.0,57.0,0.0,1.0,48.0,3.0,112.0,53.0,0.0,5.0,1.0,2203.0,6.0,569.0,1862.0,1113.0,231.0,15.0,299.0,1353.0,1016.0,291.0,232.0,337.0,626.0,520.0,709.0,1014.0,77.65
97,서울구로경찰서,2019,1.0,0.0,2789.0,1038.0,1.0,69.0,0.0,162.0,0.0,0.0,46.0,0.0,118.0,10.0,0.0,0.0,24.0,4.0,17.0,156.0,0.0,5.0,0.0,3136.0,2.0,634.0,2501.0,1294.0,311.0,23.0,248.0,1399.0,1569.0,552.0,315.0,400.0,669.0,649.0,959.0,1429.0,72.85
98,서울금천경찰서,2019,0.0,0.0,1267.0,994.0,0.0,29.0,0.0,232.0,0.0,1.0,25.0,0.0,126.0,22.0,0.0,0.0,14.0,2.0,4.0,71.0,0.0,6.0,0.0,1673.0,3.0,627.0,1368.0,937.0,243.0,16.0,116.0,791.0,1052.0,329.0,244.0,228.0,469.0,388.0,605.0,858.0,72.1
99,서울남대문경찰서,2019,1.0,0.0,994.0,465.0,0.0,28.0,0.0,47.0,0.0,1.0,46.0,2.0,68.0,5.0,0.0,2.0,20.0,12.0,28.0,41.0,0.0,6.0,0.0,1039.0,2.0,357.0,908.0,566.0,108.0,1.0,31.0,727.0,547.0,172.0,104.0,105.0,127.0,241.0,627.0,482.0,79.7
100,서울노원경찰서,2019,0.0,2.0,2354.0,839.0,0.0,33.0,0.0,269.0,0.0,1.0,59.0,2.0,227.0,82.0,0.0,2.0,19.0,5.0,77.0,79.0,0.0,7.0,0.0,2486.0,6.0,565.0,1964.0,1274.0,319.0,36.0,315.0,1195.0,1215.0,478.0,318.0,437.0,644.0,552.0,849.0,1075.0,79.5
101,서울도봉경찰서,2019,0.0,4.0,1017.0,652.0,0.0,35.0,0.0,56.0,0.0,1.0,56.0,1.0,74.0,14.0,0.0,0.0,11.0,4.0,39.0,59.0,0.0,5.0,0.0,1337.0,1.0,276.0,1075.0,601.0,145.0,8.0,108.0,555.0,715.0,288.0,147.0,189.0,322.0,256.0,424.0,630.0,79.65
102,서울동대문경찰서,2019,0.0,0.0,1957.0,836.0,0.0,41.0,0.0,218.0,0.0,0.0,42.0,1.0,170.0,40.0,0.0,1.0,16.0,2.0,146.0,86.0,0.0,4.0,0.0,1974.0,4.0,650.0,1873.0,988.0,233.0,12.0,145.0,1005.0,1179.0,519.0,234.0,265.0,591.0,540.0,744.0,954.0,75.8
103,서울동작경찰서,2019,0.0,0.0,1601.0,983.0,0.0,42.0,0.0,52.0,0.0,1.0,155.0,1.0,161.0,17.0,0.0,0.0,9.0,1.0,62.0,77.0,0.0,3.0,0.0,2020.0,1.0,482.0,1592.0,998.0,244.0,12.0,188.0,1081.0,905.0,405.0,243.0,260.0,449.0,521.0,680.0,924.0,76.75
104,서울마포경찰서,2019,0.0,2.0,1823.0,1680.0,0.0,35.0,0.0,90.0,0.0,1.0,14.0,0.0,139.0,30.0,0.0,7.0,26.0,1.0,34.0,104.0,1.0,11.0,0.0,2527.0,8.0,757.0,2171.0,1246.0,228.0,14.0,331.0,1853.0,910.0,306.0,231.0,347.0,1020.0,561.0,725.0,992.0,80.95
105,서울방배경찰서,2019,1.0,0.0,452.0,275.0,0.0,17.0,0.0,41.0,0.0,1.0,3.0,0.0,62.0,8.0,0.0,0.0,1.0,0.0,14.0,20.0,0.0,5.0,0.0,507.0,0.0,173.0,487.0,259.0,44.0,6.0,55.0,278.0,294.0,113.0,44.0,89.0,119.0,143.0,189.0,250.0,83.55
106,서울서대문경찰서,2019,0.0,13.0,1420.0,783.0,0.0,40.0,0.0,76.0,0.0,1.0,77.0,1.0,104.0,15.0,0.0,1.0,25.0,7.0,53.0,74.0,0.0,6.0,0.0,1701.0,5.0,418.0,1362.0,886.0,162.0,12.0,175.0,989.0,737.0,334.0,163.0,237.0,448.0,387.0,564.0,774.0,79.5
107,서울서부경찰서,2019,1.0,0.0,850.0,366.0,1.0,12.0,0.0,34.0,0.0,1.0,13.0,0.0,47.0,10.0,1.0,0.0,17.0,1.0,9.0,31.0,0.0,22.0,0.0,850.0,1.0,289.0,723.0,442.0,113.0,9.0,86.0,439.0,444.0,187.0,113.0,124.0,264.0,191.0,305.0,394.0,76.6
108,서울서초경찰서,2019,0.0,0.0,1941.0,1333.0,0.0,32.0,0.0,116.0,0.0,0.0,18.0,3.0,180.0,26.0,0.0,1.0,60.0,2.0,50.0,80.0,1.0,7.0,0.0,2395.0,7.0,628.0,1862.0,1270.0,308.0,13.0,265.0,1731.0,850.0,269.0,312.0,337.0,758.0,715.0,787.0,843.0,84.19999999999997
109,서울성동경찰서,2019,0.0,0.0,1306.0,734.0,0.0,24.0,0.0,74.0,0.0,0.0,29.0,0.0,86.0,17.0,0.0,0.0,11.0,0.0,16.0,35.0,0.0,5.0,0.0,1426.0,2.0,569.0,1327.0,656.0,184.0,11.0,130.0,863.0,722.0,258.0,183.0,234.0,389.0,353.0,503.0,688.0,78.30000000000003
110,서울성북경찰서,2019,0.0,0.0,689.0,247.0,0.0,17.0,0.0,65.0,0.0,0.0,23.0,0.0,68.0,7.0,0.0,1.0,7.0,1.0,12.0,40.0,0.0,1.0,1.0,676.0,2.0,225.0,619.0,394.0,28.0,4.0,84.0,398.0,343.0,184.0,28.0,116.0,196.0,209.0,228.0,292.0,79.5
111,서울송파경찰서,2019,0.0,0.0,3194.0,1287.0,2.0,51.0,0.0,99.0,0.0,0.0,38.0,1.0,342.0,29.0,0.0,1.0,40.0,2.0,86.0,95.0,0.0,5.0,0.0,3176.0,8.0,886.0,2786.0,1546.0,339.0,34.0,282.0,1878.0,1650.0,490.0,337.0,584.0,759.0,765.0,1148.0,1415.0,83.4
112,서울수서경찰서,2019,0.0,0.0,760.0,1205.0,0.0,22.0,0.0,63.0,0.0,0.0,17.0,1.0,225.0,11.0,0.0,1.0,10.0,5.0,88.0,45.0,0.0,5.0,0.0,1321.0,3.0,352.0,1205.0,712.0,150.0,10.0,140.0,803.0,729.0,231.0,154.0,307.0,345.0,375.0,479.0,561.0,83.65
113,서울양천경찰서,2019,3.0,0.0,1652.0,934.0,0.0,40.0,0.0,78.0,0.0,2.0,38.0,1.0,100.0,13.0,0.0,5.0,22.0,1.0,84.0,47.0,0.0,5.0,0.0,2019.0,1.0,449.0,1599.0,938.0,210.0,32.0,311.0,799.0,1007.0,387.0,211.0,251.0,447.0,450.0,689.0,910.0,80.4
114,서울영등포경찰서,2019,2.0,2.0,3214.0,1544.0,0.0,48.0,0.0,75.0,0.0,1.0,30.0,3.0,164.0,35.0,0.0,1.0,36.0,5.0,56.0,119.0,0.0,8.0,0.0,3552.0,3.0,934.0,3034.0,1568.0,314.0,21.0,257.0,1860.0,1755.0,708.0,315.0,480.0,761.0,755.0,1296.0,1624.0,73.05000000000003
115,서울용산경찰서,2019,0.0,0.0,1019.0,1405.0,0.0,27.0,0.0,102.0,0.0,0.0,9.0,1.0,196.0,18.0,0.0,1.0,8.0,1.0,69.0,45.0,0.0,7.0,0.0,1508.0,6.0,702.0,1577.0,788.0,197.0,4.0,106.0,1239.0,763.0,252.0,198.0,301.0,755.0,442.0,452.0,612.0,81.95
116,서울은평경찰서,2019,1.0,9.0,1059.0,607.0,7.0,22.0,0.0,258.0,0.0,1.0,11.0,0.0,91.0,12.0,0.0,4.0,15.0,0.0,26.0,72.0,0.0,2.0,0.0,1348.0,0.0,405.0,1077.0,749.0,149.0,15.0,142.0,715.0,699.0,255.0,149.0,184.0,343.0,262.0,505.0,681.0,75.95
117,서울종로경찰서,2019,1.0,12.0,1220.0,407.0,1.0,15.0,0.0,106.0,0.0,0.0,36.0,3.0,72.0,16.0,0.0,3.0,14.0,1.0,35.0,58.0,0.0,3.0,0.0,1094.0,0.0,499.0,1117.0,551.0,130.0,5.0,63.0,653.0,662.0,286.0,129.0,179.0,234.0,267.0,513.0,605.0,85.25
118,서울종암경찰서,2019,1.0,1.0,702.0,599.0,0.0,23.0,0.0,43.0,0.0,0.0,12.0,0.0,94.0,12.0,0.0,0.0,16.0,1.0,8.0,53.0,0.0,3.0,0.0,914.0,3.0,277.0,782.0,487.0,112.0,11.0,81.0,407.0,531.0,239.0,112.0,148.0,229.0,224.0,352.0,428.0,75.8
119,서울중랑경찰서,2019,3.0,0.0,2051.0,1395.0,0.0,49.0,0.0,225.0,0.0,0.0,75.0,1.0,163.0,16.0,0.0,0.0,33.0,3.0,126.0,158.0,0.0,10.0,0.0,2700.0,3.0,585.0,2145.0,1402.0,251.0,24.0,252.0,1185.0,1532.0,555.0,250.0,401.0,636.0,648.0,878.0,1235.0,71.85
120,서울중부경찰서,2019,2.0,0.0,1475.0,295.0,0.0,67.0,0.0,170.0,0.0,4.0,36.0,0.0,84.0,33.0,0.0,2.0,28.0,3.0,5.0,46.0,0.0,2.0,0.0,1377.0,1.0,468.0,1270.0,683.0,96.0,10.0,91.0,869.0,712.0,271.0,96.0,212.0,387.0,330.0,493.0,627.0,77.4
121,서울혜화경찰서,2019,0.0,0.0,999.0,265.0,1.0,32.0,0.0,30.0,0.0,1.0,14.0,0.0,63.0,10.0,0.0,1.0,6.0,0.0,16.0,65.0,0.0,3.0,0.0,841.0,4.0,333.0,806.0,449.0,87.0,3.0,43.0,476.0,496.0,238.0,86.0,109.0,192.0,206.0,425.0,410.0,74.6
122,충남세종경찰서,2019,0.0,0.0,559.0,759.0,1.0,9.0,0.0,87.0,0.0,0.0,3.0,3.0,114.0,6.0,0.0,0.0,17.0,2.0,26.0,55.0,0.0,5.0,0.0,1153.0,0.0,37.0,792.0,542.0,84.0,9.0,133.0,493.0,550.0,149.0,84.0,149.0,153.0,255.0,406.0,455.0,80.05000000000003
