관할서,연도,crm_wthr_눈,crm_wthr_만월,crm_wthr_맑음,crm_wthr_미상,crm_wthr_바람,crm_wthr_비,crm_wthr_안개,crm_wthr_암흑,crm_wthr_폭설,crm_wthr_폭풍우,crm_wthr_흐림,crm_clue_고발,crm_clue_고소,crm_clue_기타,crm_clue_변사체,crm_clue_불심검문,crm_clue_여죄,crm_clue_자수,crm_clue_진정,crm_clue_타인신고,crm_clue_탄원,crm_clue_탐문정보,crm_clue_투서,crm_clue_피해자신고,crm_clue_피해품발견,crm_clue_현행범,vic_sx_1,vic_sx_2,vic_sx_3,vic_age_0_12세,vic_age_10대,vic_age_2_30대,vic_age_4_50대,vic_age_60세초과,vic_age_미상,crm_tm_미상,crm_tm_새벽,crm_tm_오전,crm_tm_오후,crm_tm_저녁,절도폭력_발생수,절도폭력_검거수,절도폭력_검거율,화재건수,화재_사망,화재_부상,화재_인명피해_계,화재_부동산피해_천원,화재_동산피해_천원,화재_재산피해_천원,화재_재산피해_건당천원,cctv_개수,공원_개수,배치인원_수,보안등_개수,비상벨_개수,유흥업소_개수,일인가구수,자살건수,자살_사망률_10만명당,자살_연령표준화사망률_10만명당,총_인구수,기초수급_19세이하,기초수급_20_34세,기초수급_35_59세,기초수급_60세이상,기초수급_총합,외국인수,score_절폭
경기수원남부경찰서,2017,7.0,2.0,4072.0,1466.0,1.0,61.0,0.0,219.0,0.0,1.0,37.0,3.0,148.0,25.0,0.0,3.0,108.0,1.0,84.0,148.0,0.0,326.0,0.0,4224.0,22.0,774.0,3613.0,1912.0,341.0,43.0,560.0,2784.0,1817.0,318.0,344.0,691.0,1444.0,925.0,1122.0,1684.0,5866,4324,0.737,118.0,2,24.0,26.0,1084718.0,756962.0,1841679.0,21376.0,4719,148,395,3671,5.0,223,52811.0,23,13.5,12.2,498926,39101,9131,40639,50273,139144,15295,78.30000000000003
경기수원서부경찰서,2017,3.0,0.0,1869.0,1462.0,0.0,50.0,0.0,98.0,0.0,1.0,74.0,0.0,91.0,18.0,0.0,4.0,22.0,1.0,8.0,155.0,0.0,110.0,0.0,2729.0,10.0,409.0,2274.0,1063.0,220.0,21.0,402.0,1418.0,1196.0,297.0,223.0,340.0,749.0,512.0,749.0,1207.0,5670,4141,0.73,159.0,1,7.0,8.0,581020.0,618198.0,1199217.0,10096.0,2919,102,258,3961,1.0,79,28612.0,44,16.2,14.9,290873,39101,9131,40639,50273,139144,24040,70.1
경기수원중부경찰서,2017,5.0,12.0,2849.0,1273.0,0.0,61.0,1.0,38.0,0.0,0.0,35.0,1.0,143.0,29.0,0.0,4.0,20.0,2.0,34.0,77.0,0.0,61.0,0.0,3048.0,5.0,850.0,2483.0,1413.0,378.0,36.0,359.0,1284.0,1738.0,484.0,373.0,362.0,769.0,623.0,938.0,1582.0,5187,4407,0.85,124.0,0,10.0,10.0,458268.0,811849.0,1270116.0,13711.0,4447,96,333,6736,8.0,157,41116.0,20,13.7,12.2,412829,39101,9131,40639,50273,139144,18967,73.4
경남마산동부경찰서,2017,0.0,24.0,1312.0,563.0,1.0,12.0,0.0,39.0,0.0,0.0,3.0,0.0,111.0,19.0,0.0,3.0,58.0,1.0,12.0,75.0,0.0,65.0,0.0,1431.0,9.0,170.0,1126.0,658.0,170.0,4.0,146.0,593.0,798.0,243.0,170.0,226.0,426.0,294.0,348.0,660.0,3557,2726,0.7659999999999999,95.0,2,2.0,4.0,184825.0,119858.0,304683.0,3207.0,1218,65,185,5647,11.0,337,20165.0,7,6.9,7.1,202864,54889,11055,56994,66509,189447,4184,73.15
경남마산중부경찰서,2017,0.0,20.0,955.0,257.0,0.0,11.0,1.0,111.0,0.0,0.0,22.0,0.0,73.0,36.0,0.0,0.0,75.0,0.0,1.0,47.0,0.0,19.0,0.0,1047.0,7.0,72.0,801.0,446.0,130.0,3.0,86.0,368.0,572.0,218.0,130.0,127.0,313.0,222.0,272.0,443.0,3498,2641,0.755,114.0,0,1.0,1.0,542237.0,605513.0,1147750.0,10068.0,913,55,142,6843,12.0,487,21519.0,13,14.4,11.6,202864,54889,11055,56994,66509,189447,3268,77.85
경남진주경찰서,2017,0.0,0.0,2121.0,1159.0,0.0,20.0,0.0,89.0,0.0,0.0,9.0,0.0,229.0,34.0,0.0,2.0,316.0,0.0,16.0,104.0,0.0,110.0,0.0,2423.0,5.0,159.0,2034.0,1115.0,249.0,15.0,270.0,1234.0,1154.0,479.0,246.0,487.0,667.0,475.0,633.0,1136.0,3253,2600,0.799,264.0,0,8.0,8.0,805014.0,980462.0,1785476.0,6763.0,2709,127,289,6153,18.0,370,41623.0,22,12.6,8.6,353209,27844,6520,29128,28780,92272,7875,78.2
경남진해경찰서,2017,0.0,0.0,879.0,543.0,0.0,9.0,0.0,3.0,0.0,0.0,4.0,1.0,85.0,5.0,0.0,2.0,24.0,0.0,24.0,86.0,0.0,74.0,0.0,1060.0,2.0,75.0,778.0,492.0,168.0,5.0,105.0,440.0,561.0,159.0,168.0,202.0,317.0,200.0,240.0,479.0,4274,2983,0.698,100.0,0,1.0,1.0,112921.0,138531.0,251452.0,2515.0,1142,106,137,3218,39.0,304,19022.0,10,10.9,10.6,186658,54889,11055,56994,66509,189447,5558,77.7
경남창원서부경찰서,2017,0.0,1.0,591.0,984.0,1.0,5.0,0.0,152.0,0.0,0.0,10.0,2.0,105.0,21.0,0.0,0.0,103.0,0.0,20.0,83.0,0.0,38.0,0.0,1222.0,5.0,145.0,1112.0,569.0,63.0,10.0,84.0,561.0,831.0,195.0,63.0,207.0,347.0,277.0,379.0,534.0,4298,3427,0.797,191.0,1,2.0,3.0,746756.0,2847490.0,3594246.0,18818.0,1050,140,155,6078,9.0,332,20665.0,18,14.6,13.6,185322,54889,11055,56994,66509,189447,4264,76.35
경남창원중부경찰서,2017,0.0,0.0,930.0,1259.0,0.0,8.0,0.0,104.0,0.0,0.0,8.0,0.0,156.0,46.0,0.0,2.0,145.0,3.0,6.0,90.0,0.0,58.0,0.0,1641.0,4.0,158.0,1350.0,770.0,189.0,6.0,186.0,959.0,794.0,176.0,188.0,255.0,508.0,358.0,512.0,676.0,3608,3167,0.878,111.0,3,11.0,14.0,227870.0,287653.0,515523.0,4644.0,1429,136,201,2895,21.0,566,26038.0,15,13.4,13.9,295969,54889,11055,56994,66509,189447,8214,76.4
서울강남경찰서,2017,4.0,68.0,1764.0,2278.0,0.0,31.0,0.0,72.0,1.0,2.0,25.0,3.0,292.0,40.0,0.0,3.0,42.0,0.0,83.0,95.0,0.0,48.0,0.0,2877.0,28.0,734.0,2406.0,1529.0,310.0,4.0,274.0,2428.0,985.0,246.0,308.0,504.0,1030.0,757.0,898.0,1056.0,1954,1409,0.721,502.0,0,11.0,11.0,771016.0,794242.0,1565258.0,3118.0,3095,24,421,5031,585.0,297,44473.0,35,12.2,10.9,325815,17789,8699,25298,33903,85689,6723,79.4
서울강동경찰서,2017,4.0,0.0,2885.0,955.0,0.0,51.0,0.0,189.0,0.0,0.0,44.0,4.0,299.0,32.0,2.0,2.0,12.0,3.0,97.0,48.0,0.0,34.0,0.0,2165.0,6.0,1424.0,2518.0,1346.0,264.0,21.0,297.0,1430.0,1673.0,444.0,263.0,477.0,808.0,695.0,858.0,1290.0,1950,1462,0.75,269.0,0,12.0,12.0,188487.0,230106.0,418593.0,1556.0,2619,72,393,7505,1.0,213,41050.0,24,11.0,9.7,423978,19558,5976,23078,25727,74339,8196,79.95
서울강북경찰서,2017,7.0,0.0,1998.0,429.0,0.0,63.0,0.0,712.0,0.0,0.0,55.0,0.0,95.0,33.0,0.0,2.0,31.0,1.0,87.0,68.0,0.0,36.0,0.0,1671.0,8.0,1232.0,2032.0,1172.0,60.0,16.0,303.0,1196.0,1287.0,403.0,59.0,295.0,840.0,532.0,562.0,1035.0,1738,1475,0.8490000000000001,186.0,0,6.0,6.0,134341.0,204805.0,339146.0,1823.0,2299,41,347,8430,21.0,184,39082.0,21,12.9,10.0,313698,29508,9281,35737,43051,117577,6487,71.9
서울강서경찰서,2017,6.0,0.0,2638.0,1868.0,0.0,51.0,0.0,160.0,1.0,2.0,29.0,3.0,222.0,70.0,1.0,4.0,19.0,2.0,158.0,107.0,1.0,22.0,0.0,3178.0,12.0,956.0,2693.0,1721.0,341.0,36.0,390.0,1766.0,1725.0,496.0,342.0,369.0,969.0,795.0,1122.0,1500.0,1377,1092,0.7929999999999999,364.0,3,22.0,25.0,342521.0,364350.0,706871.0,1942.0,2377,139,500,8573,735.0,289,68237.0,40,13.2,11.8,581675,31758,14649,51392,65237,163036,12532,73.0
서울관악경찰서,2017,4.0,0.0,3340.0,1451.0,1.0,71.0,0.0,249.0,0.0,1.0,63.0,4.0,228.0,80.0,1.0,3.0,32.0,3.0,34.0,111.0,0.0,31.0,0.0,3032.0,13.0,1608.0,3106.0,1727.0,347.0,19.0,413.0,2233.0,1593.0,575.0,347.0,485.0,1256.0,861.0,1022.0,1556.0,1391,1241,0.892,286.0,3,20.0,23.0,320771.0,333919.0,654690.0,2289.0,4825,78,493,11882,814.0,272,106865.0,28,11.4,10.0,511222,21840,9395,31669,38508,101412,29335,72.2
서울광진경찰서,2017,7.0,0.0,2351.0,1612.0,1.0,34.0,0.0,64.0,0.0,1.0,94.0,1.0,200.0,43.0,0.0,2.0,97.0,0.0,124.0,55.0,0.0,11.0,0.0,2595.0,13.0,1023.0,2468.0,1324.0,372.0,26.0,426.0,1714.0,1250.0,378.0,370.0,304.0,1087.0,629.0,870.0,1274.0,1105,1061,0.96,200.0,1,6.0,7.0,230322.0,203420.0,433742.0,2169.0,6459,34,380,9132,1329.0,93,54866.0,17,9.4,9.5,363934,18260,4472,17579,18554,58865,21216,75.85
서울구로경찰서,2017,4.0,0.0,3188.0,1031.0,0.0,81.0,0.0,260.0,0.0,0.0,51.0,1.0,175.0,42.0,0.0,2.0,26.0,0.0,20.0,113.0,0.0,17.0,0.0,3150.0,28.0,1041.0,2726.0,1385.0,504.0,26.0,288.0,1546.0,1749.0,510.0,496.0,401.0,776.0,665.0,1002.0,1771.0,3398,2698,0.794,260.0,1,5.0,6.0,112488.0,348080.0,460568.0,1771.0,3659,45,395,7816,605.0,107,42984.0,20,9.7,9.0,436869,16732,4593,17586,25170,64081,49996,74.55000000000003
서울금천경찰서,2017,4.0,0.0,1991.0,912.0,0.0,31.0,0.0,100.0,0.0,0.0,37.0,2.0,120.0,34.0,0.0,3.0,40.0,2.0,22.0,54.0,0.0,48.0,0.0,1661.0,10.0,1079.0,1785.0,1018.0,272.0,18.0,176.0,1049.0,1222.0,339.0,271.0,310.0,634.0,447.0,656.0,1028.0,3318,2513,0.757,174.0,2,7.0,9.0,163006.0,442543.0,605549.0,3480.0,4226,50,274,6260,465.0,118,32928.0,17,14.9,11.9,249930,18041,5505,22825,27046,73417,30317,71.19999999999997
서울남대문경찰서,2017,2.0,0.0,1161.0,355.0,0.0,25.0,0.0,59.0,0.0,0.0,70.0,2.0,78.0,14.0,0.0,1.0,15.0,0.0,18.0,24.0,0.0,14.0,0.0,971.0,1.0,534.0,974.0,555.0,143.0,3.0,49.0,743.0,587.0,147.0,143.0,100.0,191.0,235.0,593.0,553.0,2678,2484,0.9279999999999999,198.0,5,14.0,19.0,199688.0,285704.0,485392.0,2451.0,725,16,186,1137,153.0,88,3454.0,7,11.5,6.4,77492,5355,1318,9075,14915,30663,1948,76.35
서울노원경찰서,2017,8.0,3.0,2745.0,1091.0,2.0,44.0,0.0,196.0,0.0,0.0,55.0,3.0,256.0,73.0,0.0,2.0,11.0,1.0,137.0,62.0,0.0,25.0,0.0,2738.0,3.0,833.0,2577.0,1462.0,105.0,18.0,536.0,1481.0,1495.0,508.0,106.0,490.0,799.0,624.0,912.0,1319.0,1438,1270,0.883,279.0,3,18.0,21.0,284890.0,281931.0,566821.0,2032.0,1998,167,415,4078,61.0,63,49265.0,40,14.0,11.4,543499,38389,18533,60426,71656,189004,6539,79.94999999999997
서울도봉경찰서,2017,8.0,11.0,1160.0,583.0,0.0,37.0,0.0,25.0,0.0,0.0,100.0,4.0,134.0,22.0,1.0,4.0,28.0,1.0,22.0,44.0,1.0,84.0,0.0,979.0,4.0,596.0,1114.0,649.0,161.0,14.0,153.0,567.0,792.0,237.0,161.0,286.0,360.0,248.0,397.0,633.0,1392,1101,0.7909999999999999,192.0,2,6.0,8.0,76077.0,212759.0,288836.0,1504.0,10,71,273,6337,622.0,68,29469.0,29,16.7,11.6,332586,26072,6713,23774,26428,82987,4145,76.45
서울동대문경찰서,2017,11.0,0.0,2432.0,921.0,2.0,86.0,0.0,301.0,0.0,1.0,70.0,5.0,266.0,26.0,0.0,2.0,47.0,0.0,179.0,51.0,0.0,28.0,0.0,2166.0,1.0,1053.0,2293.0,1263.0,268.0,16.0,254.0,1200.0,1503.0,579.0,272.0,334.0,691.0,602.0,933.0,1264.0,1158,978,0.845,200.0,1,2.0,3.0,475285.0,647169.0,1122454.0,5612.0,26,14,429,10730,2.0,150,54030.0,9,5.2,4.1,357380,19631,5890,25660,38161,89342,20374,76.35
서울동작경찰서,2017,5.0,3.0,1646.0,978.0,3.0,46.0,0.0,191.0,0.0,0.0,134.0,3.0,167.0,29.0,1.0,1.0,14.0,2.0,49.0,56.0,0.0,22.0,0.0,1914.0,4.0,744.0,1759.0,972.0,275.0,11.0,261.0,1106.0,979.0,374.0,275.0,256.0,552.0,488.0,697.0,1013.0,1744,1299,0.745,222.0,3,10.0,13.0,128070.0,149074.0,277144.0,1248.0,2033,53,353,8848,732.0,83,54355.0,24,11.9,9.1,400236,14196,4680,17033,24105,60014,18592,77.6
서울마포경찰서,2017,5.0,1.0,2824.0,1804.0,1.0,36.0,0.0,47.0,0.0,0.0,9.0,1.0,208.0,52.0,0.0,7.0,29.0,4.0,43.0,71.0,0.0,31.0,0.0,2919.0,32.0,1330.0,2893.0,1523.0,311.0,11.0,533.0,2443.0,1082.0,347.0,311.0,450.0,1482.0,674.0,762.0,1359.0,1741,1354,0.778,235.0,1,7.0,8.0,1051681.0,307348.0,1359029.0,5783.0,2317,82,458,7628,617.0,121,54162.0,29,15.0,12.9,368841,11417,5092,17224,23663,57396,13842,75.55
서울방배경찰서,2017,2.0,0.0,514.0,309.0,1.0,17.0,0.0,73.0,0.0,0.0,7.0,0.0,85.0,17.0,0.0,1.0,7.0,1.0,7.0,17.0,0.0,6.0,0.0,537.0,5.0,240.0,600.0,244.0,79.0,3.0,49.0,326.0,355.0,114.0,76.0,107.0,144.0,167.0,205.0,300.0,1610,1438,0.893,242.0,2,13.0,15.0,284206.0,411461.0,695667.0,2875.0,2691,25,141,3231,1.0,24,10671.0,24,10.6,9.8,151407,9682,3940,10763,13078,37463,2364,81.1
서울서대문경찰서,2017,4.0,17.0,1939.0,706.0,1.0,23.0,0.0,126.0,0.0,0.0,119.0,3.0,87.0,21.0,0.0,0.0,21.0,0.0,129.0,64.0,0.0,10.0,0.0,2002.0,7.0,591.0,1848.0,971.0,116.0,14.0,294.0,1175.0,980.0,356.0,116.0,317.0,593.0,444.0,666.0,915.0,2309,1924,0.833,232.0,1,15.0,16.0,181371.0,216202.0,397573.0,1714.0,2938,58,322,6938,330.0,75,43418.0,15,9.5,7.8,321345,15922,4130,15037,21841,56930,14763,78.05
서울서부경찰서,2017,2.0,8.0,927.0,370.0,0.0,18.0,0.0,26.0,0.0,1.0,93.0,0.0,64.0,10.0,0.0,0.0,13.0,2.0,14.0,23.0,0.0,38.0,0.0,760.0,8.0,513.0,909.0,460.0,76.0,18.0,123.0,459.0,560.0,209.0,76.0,146.0,281.0,237.0,323.0,458.0,2358,1909,0.81,159.0,0,3.0,3.0,100299.0,117901.0,218200.0,1372.0,1870,46,221,3546,178.0,96,21096.0,36,14.6,13.4,187131,35570,9856,33199,43112,121737,3345,76.3
서울서초경찰서,2017,1.0,2.0,1267.0,1890.0,0.0,23.0,1.0,125.0,0.0,0.0,13.0,2.0,279.0,19.0,0.0,1.0,26.0,1.0,49.0,46.0,1.0,13.0,0.0,2037.0,17.0,831.0,1961.0,1080.0,281.0,9.0,192.0,1658.0,929.0,255.0,279.0,330.0,721.0,543.0,794.0,934.0,2050,2049,1.0,242.0,2,13.0,15.0,284206.0,411461.0,695667.0,2875.0,4237,88,339,4405,0.0,115,29403.0,24,10.6,9.8,289695,9682,3940,10763,13078,37463,5621,83.9
서울성동경찰서,2017,7.0,0.0,1631.0,710.0,1.0,41.0,0.0,177.0,0.0,0.0,68.0,1.0,128.0,43.0,1.0,1.0,21.0,3.0,9.0,27.0,0.0,22.0,0.0,1535.0,5.0,839.0,1564.0,761.0,310.0,10.0,181.0,974.0,912.0,249.0,309.0,221.0,514.0,383.0,607.0,910.0,4245,2731,0.643,197.0,1,11.0,12.0,228269.0,393055.0,621324.0,3154.0,3241,54,320,6228,641.0,62,39067.0,17,11.3,8.5,302367,12936,4150,16981,20999,55066,12604,75.1
서울성북경찰서,2017,1.0,1.0,1069.0,483.0,0.0,23.0,0.0,82.0,0.0,0.0,17.0,2.0,74.0,11.0,0.0,3.0,26.0,2.0,10.0,32.0,0.0,6.0,0.0,1018.0,2.0,490.0,1089.0,535.0,52.0,4.0,186.0,691.0,559.0,184.0,52.0,142.0,337.0,272.0,374.0,551.0,4141,2722,0.657,183.0,1,8.0,9.0,182471.0,218169.0,400640.0,2189.0,2015,29,252,7048,418.0,36,33466.0,27,12.0,10.9,257352,25191,7588,27582,36260,96621,9006,78.35
서울송파경찰서,2017,5.0,0.0,3610.0,1349.0,0.0,38.0,0.0,199.0,0.0,0.0,64.0,3.0,419.0,99.0,0.0,6.0,23.0,4.0,101.0,92.0,0.0,16.0,0.0,3179.0,19.0,1304.0,3084.0,1730.0,451.0,35.0,378.0,2047.0,1870.0,495.0,440.0,658.0,849.0,846.0,1291.0,1621.0,3574,2759,0.772,318.0,3,13.0,16.0,250145.0,389082.0,639227.0,2010.0,2096,140,538,8817,815.0,241,58848.0,49,14.6,13.9,633953,22691,6369,20709,23297,73066,12233,77.7
서울수서경찰서,2017,4.0,3.0,1395.0,1347.0,0.0,33.0,0.0,38.0,0.0,0.0,11.0,5.0,329.0,12.0,0.0,1.0,10.0,1.0,142.0,51.0,0.0,29.0,0.0,1593.0,10.0,648.0,1728.0,879.0,224.0,19.0,194.0,1134.0,981.0,280.0,223.0,368.0,470.0,535.0,688.0,770.0,4128,3063,0.742,502.0,0,11.0,11.0,771016.0,794242.0,1565258.0,3118.0,3124,70,312,3031,667.0,115,20264.0,35,12.2,10.9,230349,17789,8699,25298,33903,85689,2622,81.6
서울양천경찰서,2017,1.0,1.0,2599.0,849.0,0.0,53.0,1.0,247.0,0.0,0.0,50.0,1.0,132.0,22.0,0.0,1.0,149.0,1.0,109.0,79.0,0.0,29.0,0.0,2545.0,13.0,720.0,2221.0,1253.0,327.0,42.0,422.0,1101.0,1485.0,429.0,322.0,309.0,713.0,573.0,903.0,1303.0,3718,2636,0.7090000000000001,244.0,0,7.0,7.0,110271.0,190360.0,300631.0,1232.0,2921,95,376,7113,612.0,72,33088.0,19,8.0,8.4,452111,24995,5904,22585,27458,80942,8152,77.30000000000003
서울영등포경찰서,2017,18.0,0.0,3565.0,1728.0,2.0,52.0,1.0,82.0,0.0,0.0,55.0,1.0,327.0,66.0,1.0,9.0,33.0,1.0,49.0,98.0,1.0,33.0,0.0,3511.0,4.0,1369.0,3410.0,1696.0,397.0,23.0,320.0,2037.0,2087.0,640.0,396.0,496.0,1009.0,817.0,1330.0,1851.0,3362,2779,0.8270000000000001,239.0,1,16.0,17.0,300321.0,793273.0,1093594.0,4576.0,3775,44,513,7951,850.0,342,51151.0,19,10.5,8.8,393560,11186,3242,18072,26462,58962,54145,71.44999999999997
서울용산경찰서,2017,2.0,0.0,2243.0,1354.0,2.0,42.0,0.0,106.0,0.0,0.0,62.0,3.0,223.0,59.0,0.0,2.0,37.0,3.0,34.0,50.0,0.0,27.0,0.0,2013.0,15.0,1345.0,2401.0,1063.0,347.0,10.0,166.0,1871.0,1112.0,304.0,348.0,328.0,1253.0,678.0,595.0,957.0,3264,2666,0.8170000000000001,167.0,0,6.0,6.0,112190.0,150720.0,262910.0,1574.0,2051,45,343,9980,949.0,122,33076.0,16,14.2,12.8,223898,8547,2220,13967,20627,45361,17629,77.05
서울은평경찰서,2017,3.0,8.0,1308.0,553.0,5.0,41.0,0.0,250.0,1.0,0.0,48.0,1.0,128.0,27.0,1.0,0.0,16.0,0.0,30.0,53.0,0.0,13.0,0.0,1394.0,5.0,549.0,1237.0,811.0,169.0,16.0,209.0,779.0,816.0,229.0,168.0,197.0,469.0,297.0,516.0,738.0,3198,2591,0.81,159.0,0,3.0,3.0,100299.0,117901.0,218200.0,1372.0,1796,54,203,4502,237.0,117,28408.0,36,14.6,13.4,299663,35570,9856,33199,43112,121737,5068,77.45
서울종로경찰서,2017,9.0,8.0,1323.0,650.0,0.0,21.0,0.0,72.0,0.0,0.0,105.0,6.0,119.0,19.0,0.0,3.0,19.0,2.0,48.0,48.0,0.0,11.0,0.0,1217.0,8.0,688.0,1444.0,596.0,148.0,6.0,93.0,865.0,784.0,290.0,150.0,226.0,376.0,319.0,557.0,710.0,3353,2869,0.856,234.0,1,3.0,4.0,193128.0,884537.0,1077665.0,4605.0,805,29,285,5259,46.0,150,33123.0,12,15.9,12.4,77278,5135,1361,8423,14194,29113,3191,79.05
서울종암경찰서,2017,4.0,0.0,874.0,527.0,0.0,27.0,0.0,49.0,0.0,0.0,20.0,2.0,53.0,11.0,0.0,1.0,11.0,1.0,20.0,38.0,0.0,5.0,0.0,941.0,2.0,416.0,908.0,474.0,119.0,12.0,102.0,449.0,631.0,188.0,119.0,124.0,294.0,248.0,352.0,483.0,4755,3660,0.77,183.0,1,8.0,9.0,182471.0,218169.0,400640.0,2189.0,1855,22,176,5751,329.0,21,22341.0,27,12.0,10.9,186703,25191,7588,27582,36260,96621,6332,74.7
서울중랑경찰서,2017,6.0,0.0,2481.0,1536.0,0.0,48.0,1.0,268.0,0.0,2.0,127.0,2.0,203.0,22.0,0.0,2.0,55.0,2.0,111.0,158.0,0.0,33.0,0.0,2729.0,6.0,1146.0,2676.0,1488.0,305.0,26.0,336.0,1419.0,1832.0,545.0,311.0,431.0,904.0,718.0,898.0,1518.0,4412,3216,0.7290000000000001,196.0,2,5.0,7.0,171049.0,161317.0,332366.0,1696.0,4469,54,406,8132,1584.0,115,47543.0,31,15.3,11.9,396892,35497,7734,33946,40832,118009,8475,71.94999999999997
서울중부경찰서,2017,5.0,1.0,1576.0,503.0,1.0,49.0,0.0,169.0,0.0,0.0,49.0,4.0,95.0,31.0,0.0,1.0,24.0,1.0,6.0,48.0,0.0,13.0,0.0,1485.0,9.0,636.0,1459.0,751.0,143.0,7.0,88.0,990.0,859.0,266.0,143.0,182.0,462.0,440.0,537.0,732.0,4114,3266,0.794,198.0,5,14.0,19.0,199688.0,285704.0,485392.0,2451.0,1563,14,236,4933,278.0,206,17171.0,7,11.5,6.4,104135,5355,1318,9075,14915,30663,9434,76.85
서울혜화경찰서,2017,1.0,0.0,1376.0,219.0,1.0,38.0,0.0,49.0,0.0,0.0,17.0,3.0,101.0,16.0,0.0,5.0,16.0,1.0,8.0,38.0,0.0,14.0,0.0,1016.0,2.0,481.0,1099.0,497.0,105.0,5.0,78.0,591.0,673.0,251.0,103.0,137.0,244.0,261.0,509.0,550.0,5180,3818,0.737,234.0,1,3.0,4.0,193128.0,884537.0,1077665.0,4605.0,784,13,213,4256,24.0,143,39053.0,12,15.9,12.4,77492,5135,1361,8423,14194,29113,8717,78.3
충남세종경찰서,2017,1.0,0.0,535.0,711.0,0.0,7.0,0.0,60.0,0.0,0.0,3.0,2.0,153.0,10.0,0.0,1.0,29.0,3.0,24.0,105.0,0.0,14.0,0.0,941.0,2.0,33.0,803.0,448.0,66.0,11.0,108.0,430.0,560.0,140.0,68.0,164.0,166.0,236.0,333.0,418.0,4628,3329,0.7190000000000001,316.0,2,8.0,10.0,1687347.0,2351765.0,4039112.0,12782.0,2527,88,178,10410,39.0,66,31472.0,9,6.9,6.6,276589,9233,2033,8207,11006,30479,6761,80.15
경기수원남부경찰서,2018,11.0,0.0,3874.0,1157.0,0.0,69.0,0.0,493.0,0.0,0.0,66.0,2.0,238.0,47.0,0.0,1.0,77.0,2.0,49.0,208.0,0.0,137.0,0.0,4260.0,14.0,635.0,3490.0,1807.0,373.0,31.0,548.0,2585.0,1772.0,373.0,361.0,577.0,1380.0,875.0,1082.0,1756.0,4371,3452,0.79,116.0,1,8.0,9.0,615924.0,810377.0,1426301.0,16755.0,4719,148,395,3671,30.0,223,57117.0,15,8.6,8.5,499358,54994,14146,63160,82665,214965,15884,77.35
경기수원서부경찰서,2018,7.0,0.0,1943.0,1320.0,0.0,60.0,0.0,74.0,0.0,0.0,94.0,1.0,89.0,38.0,0.0,1.0,47.0,4.0,17.0,166.0,0.0,50.0,0.0,2708.0,6.0,371.0,2099.0,1193.0,206.0,18.0,306.0,1362.0,1282.0,326.0,204.0,336.0,651.0,499.0,872.0,1140.0,4164,3070,0.737,135.0,0,24.0,24.0,1347730.0,1099781.0,2447511.0,24691.0,2919,102,258,3961,28.0,79,29804.0,49,18.55,16.65,299424,54994,14146,63160,82665,214965,26522,72.9
경기수원중부경찰서,2018,4.0,2.0,2869.0,1203.0,0.0,60.0,0.0,128.0,0.0,0.0,32.0,2.0,161.0,26.0,0.0,2.0,42.0,1.0,41.0,203.0,0.0,28.0,0.0,3112.0,7.0,673.0,2496.0,1476.0,326.0,26.0,343.0,1294.0,1778.0,544.0,313.0,437.0,703.0,631.0,1057.0,1470.0,3777,2609,0.691,119.0,0,10.0,10.0,516852.0,543848.0,1060700.0,12500.0,4447,96,333,6736,21.0,157,42710.0,23,16.1,12.9,402384,54994,14146,63160,82665,214965,21525,73.7
경남마산동부경찰서,2018,0.0,22.0,1178.0,683.0,0.0,19.0,0.0,44.0,0.0,0.0,4.0,2.0,147.0,19.0,0.0,0.0,54.0,1.0,18.0,72.0,0.0,15.0,0.0,1458.0,3.0,161.0,1161.0,645.0,144.0,8.0,122.0,554.0,807.0,320.0,139.0,236.0,402.0,290.0,414.0,608.0,3206,2588,0.807,76.0,2,4.0,6.0,148990.0,109214.0,258204.0,3397.0,1218,65,185,5647,11.0,337,20069.0,15,15.1,13.4,197683,76386,17619,86290,108663,288958,4234,74.2
경남마산중부경찰서,2018,0.0,18.0,839.0,396.0,2.0,25.0,0.0,72.0,0.0,2.0,37.0,1.0,92.0,8.0,0.0,0.0,86.0,0.0,7.0,77.0,0.0,18.0,0.0,1030.0,2.0,70.0,805.0,482.0,104.0,8.0,65.0,356.0,614.0,249.0,99.0,153.0,326.0,194.0,292.0,426.0,4615,3211,0.696,105.0,0,2.0,2.0,236060.0,209335.0,445395.0,4242.0,913,55,142,6843,13.0,487,21903.0,14,15.6,16.5,197683,76386,17619,86290,108663,288958,3580,78.15
경남진주경찰서,2018,0.0,0.0,1807.0,1278.0,0.0,15.0,0.0,105.0,0.0,1.0,112.0,2.0,247.0,31.0,0.0,1.0,437.0,1.0,10.0,64.0,0.0,29.0,0.0,2280.0,13.0,203.0,2025.0,1071.0,222.0,9.0,207.0,1154.0,1129.0,608.0,211.0,657.0,526.0,436.0,564.0,1135.0,4499,3145,0.6990000000000001,234.0,0,2.0,2.0,591462.0,603250.0,1194712.0,5106.0,2709,127,289,6153,40.0,370,42140.0,24,13.8,9.6,352333,38161,9848,44325,46154,138488,8855,78.1
경남진해경찰서,2018,0.0,0.0,812.0,557.0,0.0,12.0,0.0,5.0,0.0,0.0,6.0,2.0,129.0,7.0,0.0,0.0,56.0,0.0,35.0,57.0,0.0,13.0,0.0,1052.0,1.0,40.0,787.0,441.0,164.0,10.0,87.0,425.0,560.0,147.0,163.0,207.0,276.0,205.0,235.0,469.0,4106,3112,0.758,132.0,0,3.0,3.0,188324.0,767869.0,956193.0,7244.0,1142,106,137,3218,39.0,304,19964.0,12,12.8,12.3,190276,76386,17619,86290,108663,288958,5954,76.75
경남창원서부경찰서,2018,0.0,0.0,624.0,854.0,0.0,23.0,0.0,231.0,0.0,1.0,8.0,0.0,104.0,9.0,0.0,2.0,123.0,1.0,11.0,85.0,0.0,19.0,0.0,1263.0,3.0,121.0,998.0,646.0,97.0,6.0,79.0,513.0,849.0,195.0,99.0,243.0,299.0,257.0,376.0,566.0,3075,2350,0.764,157.0,0,4.0,4.0,464360.0,739830.0,1204190.0,7670.0,1050,140,155,6078,11.0,332,21387.0,17,13.7,12.2,184502,76386,17619,86290,108663,288958,4523,74.85
경남창원중부경찰서,2018,0.0,0.0,1053.0,1173.0,1.0,19.0,0.0,98.0,0.0,0.0,14.0,1.0,153.0,27.0,0.0,0.0,179.0,0.0,6.0,101.0,0.0,30.0,0.0,1718.0,2.0,141.0,1357.0,740.0,261.0,5.0,182.0,914.0,817.0,188.0,252.0,317.0,533.0,421.0,459.0,628.0,3104,2377,0.7659999999999999,104.0,0,6.0,6.0,93472.0,191939.0,285411.0,2744.0,1429,136,201,2895,21.0,566,27203.0,18,16.2,15.4,295731,76386,17619,86290,108663,288958,8536,76.85
서울강남경찰서,2018,2.0,1.0,1960.0,2057.0,0.0,33.0,0.0,76.0,0.0,0.0,12.0,1.0,293.0,27.0,0.0,4.0,50.0,1.0,91.0,74.0,0.0,45.0,0.0,3060.0,26.0,469.0,2283.0,1501.0,357.0,3.0,303.0,2293.0,944.0,253.0,345.0,565.0,988.0,779.0,846.0,963.0,2548,2211,0.868,436.0,0,23.0,23.0,670429.0,954554.0,1624983.0,3727.0,3095,24,421,5031,604.0,297,45774.0,54,19.3,18.4,324936,23317,12601,36713,53373,126004,7760,81.1
서울강동경찰서,2018,3.0,2.0,2672.0,850.0,0.0,47.0,0.0,120.0,0.0,0.0,24.0,1.0,286.0,21.0,0.0,0.0,7.0,0.0,92.0,61.0,0.0,18.0,0.0,2135.0,1.0,1096.0,2197.0,1274.0,247.0,21.0,302.0,1308.0,1396.0,453.0,238.0,407.0,690.0,623.0,859.0,1139.0,1672,1184,0.708,324.0,4,15.0,19.0,236181.0,304444.0,540625.0,1669.0,2619,72,393,7505,1.0,213,42126.0,28,13.0,11.6,414231,26182,8745,34526,41823,111276,8764,76.75
서울강북경찰서,2018,3.0,0.0,2026.0,340.0,1.0,66.0,0.0,706.0,0.0,0.0,56.0,2.0,145.0,28.0,0.0,1.0,28.0,2.0,92.0,52.0,1.0,13.0,0.0,1888.0,1.0,945.0,1961.0,1175.0,62.0,17.0,269.0,1188.0,1205.0,460.0,59.0,345.0,751.0,531.0,657.0,914.0,1581,1122,0.71,203.0,4,2.0,6.0,104658.0,112180.0,216838.0,1068.0,2299,41,347,8430,22.0,184,40872.0,26,16.1,13.9,309138,40657,14166,54794,69957,179574,7015,72.8
서울강서경찰서,2018,2.0,0.0,2380.0,1826.0,0.0,55.0,0.0,128.0,0.0,1.0,20.0,15.0,280.0,64.0,0.0,1.0,12.0,1.0,217.0,133.0,0.0,20.0,0.0,2978.0,3.0,688.0,2525.0,1597.0,290.0,30.0,313.0,1649.0,1574.0,568.0,278.0,458.0,785.0,740.0,1057.0,1372.0,1582,1163,0.735,383.0,2,18.0,20.0,196115.0,197286.0,393401.0,1027.0,2377,139,500,8573,766.0,289,73011.0,46,15.1,13.8,578539,43743,21221,76671,105084,246719,13192,78.15
서울관악경찰서,2018,4.0,0.0,2433.0,1678.0,13.0,83.0,0.0,349.0,0.0,0.0,68.0,3.0,291.0,53.0,0.0,3.0,41.0,1.0,22.0,108.0,0.0,17.0,0.0,2965.0,8.0,1116.0,2800.0,1491.0,337.0,23.0,313.0,1996.0,1391.0,585.0,320.0,458.0,1000.0,786.0,1012.0,1372.0,4144,2898,0.6990000000000001,337.0,1,20.0,21.0,395475.0,421087.0,816562.0,2423.0,4825,78,493,11882,890.0,272,112733.0,34,13.8,12.0,510303,30517,14156,48673,63013,156359,30267,74.95
서울광진경찰서,2018,1.0,2.0,1925.0,1649.0,0.0,37.0,0.0,110.0,0.0,0.0,53.0,2.0,222.0,48.0,0.0,2.0,41.0,0.0,150.0,73.0,0.0,13.0,0.0,2529.0,11.0,686.0,2285.0,1253.0,239.0,7.0,385.0,1571.0,1191.0,391.0,232.0,376.0,798.0,589.0,815.0,1199.0,3763,2529,0.672,203.0,0,7.0,7.0,315690.0,342495.0,658185.0,3242.0,6459,34,380,9132,1449.0,93,56337.0,23,12.8,11.5,362304,25059,7424,28059,32091,92633,22554,75.44999999999997
서울구로경찰서,2018,10.0,0.0,3019.0,1089.0,1.0,87.0,0.0,190.0,0.0,1.0,102.0,2.0,198.0,15.0,1.0,1.0,26.0,1.0,12.0,156.0,0.0,11.0,0.0,3258.0,4.0,814.0,2706.0,1422.0,371.0,29.0,269.0,1503.0,1752.0,582.0,364.0,477.0,698.0,714.0,1030.0,1580.0,3557,2799,0.787,263.0,2,3.0,5.0,74308.0,165019.0,239327.0,910.0,3659,45,395,7816,722.0,107,44151.0,32,15.7,14.0,433765,22181,6584,26635,39943,95343,54089,72.8
서울금천경찰서,2018,5.0,0.0,1749.0,1080.0,1.0,34.0,0.0,205.0,1.0,1.0,28.0,1.0,183.0,30.0,0.0,1.0,15.0,1.0,21.0,69.0,0.0,11.0,0.0,1886.0,6.0,880.0,1841.0,999.0,264.0,13.0,149.0,1013.0,1279.0,396.0,254.0,283.0,549.0,493.0,698.0,1081.0,1924,1534,0.797,168.0,0,8.0,8.0,55351.0,148455.0,203806.0,1213.0,4226,50,274,6260,511.0,118,34564.0,19,16.7,12.0,249344,23773,8196,33613,42754,108336,32556,69.05
서울남대문경찰서,2018,0.0,0.0,1053.0,373.0,0.0,36.0,0.0,73.0,0.0,0.0,46.0,2.0,111.0,14.0,0.0,2.0,21.0,0.0,29.0,41.0,0.0,5.0,0.0,930.0,3.0,423.0,891.0,584.0,106.0,3.0,42.0,668.0,588.0,179.0,101.0,99.0,166.0,235.0,585.0,496.0,2088,1552,0.743,275.0,0,23.0,23.0,558830.0,698175.0,1257005.0,4571.0,725,16,186,1137,161.0,88,3473.0,7,11.4,9.7,75988,7397,2133,13901,23622,47053,2450,78.35
서울노원경찰서,2018,4.0,0.0,2438.0,1005.0,0.0,54.0,4.0,211.0,0.0,0.0,47.0,3.0,313.0,64.0,0.0,4.0,7.0,2.0,98.0,68.0,0.0,18.0,0.0,2546.0,5.0,635.0,2153.0,1318.0,292.0,28.0,395.0,1235.0,1329.0,491.0,285.0,430.0,677.0,566.0,870.0,1220.0,1821,1408,0.773,229.0,2,10.0,12.0,105994.0,225006.0,331000.0,1445.0,1998,167,415,4078,61.0,63,51280.0,43,15.4,12.5,534096,53212,27256,90159,114484,285111,7697,78.1
서울도봉경찰서,2018,2.0,11.0,1285.0,632.0,0.0,40.0,0.0,35.0,0.0,0.0,83.0,0.0,152.0,21.0,0.0,1.0,23.0,4.0,40.0,58.0,0.0,34.0,0.0,1366.0,2.0,387.0,1213.0,724.0,151.0,11.0,137.0,641.0,859.0,292.0,148.0,243.0,341.0,346.0,464.0,694.0,3824,3127,0.818,237.0,0,8.0,8.0,85113.0,116385.0,201498.0,850.0,10,71,273,6337,622.0,68,30848.0,24,13.9,14.3,328243,35606,10465,36914,43336,126321,4560,78.15
서울동대문경찰서,2018,4.0,0.0,2321.0,899.0,3.0,49.0,0.0,294.0,0.0,0.0,26.0,3.0,250.0,46.0,0.0,0.0,48.0,1.0,174.0,94.0,0.0,8.0,0.0,2165.0,1.0,806.0,2223.0,1122.0,251.0,19.0,234.0,1170.0,1340.0,586.0,247.0,304.0,660.0,570.0,883.0,1179.0,3596,2835,0.7879999999999999,203.0,1,3.0,4.0,179873.0,529614.0,709487.0,3495.0,26,14,429,10730,2.0,150,55593.0,29,16.9,13.8,358141,26725,8825,39066,60913,135529,22318,74.5
서울동작경찰서,2018,1.0,0.0,1429.0,1065.0,0.0,56.0,0.0,93.0,0.0,0.0,119.0,3.0,184.0,20.0,0.0,1.0,9.0,0.0,82.0,74.0,0.0,10.0,0.0,1796.0,0.0,584.0,1668.0,854.0,241.0,10.0,209.0,1084.0,865.0,357.0,238.0,291.0,454.0,500.0,633.0,885.0,3094,2662,0.86,205.0,4,9.0,13.0,103520.0,209405.0,312925.0,1526.0,2033,53,353,8848,891.0,83,56872.0,28,14.0,12.0,397980,19659,7501,27251,39287,93698,19970,75.9
서울마포경찰서,2018,10.0,1.0,2749.0,1870.0,0.0,52.0,1.0,43.0,0.0,0.0,48.0,5.0,299.0,25.0,0.0,4.0,15.0,3.0,85.0,118.0,0.0,20.0,1.0,3121.0,12.0,1066.0,2905.0,1551.0,318.0,14.0,470.0,2421.0,1166.0,389.0,314.0,521.0,1434.0,736.0,844.0,1239.0,3006,2059,0.685,254.0,2,4.0,6.0,132459.0,150525.0,282984.0,1114.0,2317,82,458,7628,710.0,121,56837.0,27,14.0,12.5,368181,16051,8078,25907,37847,87883,14746,77.55000000000003
서울방배경찰서,2018,1.0,0.0,455.0,291.0,1.0,23.0,0.0,39.0,0.0,0.0,10.0,0.0,61.0,13.0,0.0,0.0,4.0,0.0,15.0,15.0,0.0,3.0,0.0,544.0,1.0,164.0,513.0,261.0,46.0,5.0,48.0,273.0,335.0,113.0,46.0,86.0,112.0,156.0,190.0,276.0,2763,1924,0.696,242.0,0,15.0,15.0,201149.0,646918.0,848067.0,3504.0,2691,25,141,3231,2.0,24,10750.0,26,11.6,10.5,136831,13609,5693,16649,21707,57658,2488,83.4
서울서대문경찰서,2018,2.0,22.0,1646.0,750.0,0.0,43.0,1.0,55.0,0.0,0.0,93.0,1.0,149.0,22.0,0.0,3.0,20.0,1.0,102.0,80.0,0.0,9.0,0.0,1731.0,2.0,492.0,1588.0,910.0,114.0,10.0,230.0,1066.0,847.0,348.0,111.0,315.0,462.0,411.0,624.0,800.0,2834,2082,0.735,229.0,4,9.0,13.0,236471.0,7641030.0,7877501.0,34400.0,2938,58,322,6938,356.0,75,44795.0,23,14.6,11.2,318874,22177,6467,23246,35914,87804,16065,76.8
서울서부경찰서,2018,0.0,2.0,930.0,360.0,0.0,21.0,0.0,36.0,0.0,0.0,10.0,3.0,81.0,8.0,0.0,0.0,7.0,1.0,16.0,31.0,0.0,17.0,0.0,815.0,0.0,380.0,832.0,447.0,80.0,2.0,109.0,427.0,510.0,231.0,80.0,131.0,247.0,206.0,307.0,468.0,4727,3055,0.6459999999999999,214.0,5,10.0,15.0,217662.0,201841.0,419503.0,1960.0,1870,46,221,3546,191.0,96,21874.0,39,15.9,13.4,185584,48561,15383,52463,71341,187748,3559,75.15
서울서초경찰서,2018,2.0,0.0,1848.0,1354.0,0.0,44.0,0.0,125.0,0.0,1.0,21.0,3.0,297.0,22.0,0.0,2.0,17.0,1.0,46.0,68.0,0.0,17.0,0.0,2223.0,10.0,689.0,2003.0,1130.0,262.0,9.0,208.0,1673.0,976.0,274.0,255.0,354.0,734.0,643.0,800.0,864.0,4774,3163,0.6629999999999999,242.0,0,15.0,15.0,201149.0,646918.0,848067.0,3504.0,4237,88,339,4405,1.0,115,30613.0,26,11.6,10.5,297120,13609,5693,16649,21707,57658,6224,84.25
서울성동경찰서,2018,1.0,0.0,1372.0,707.0,0.0,42.0,0.0,84.0,0.0,0.0,45.0,0.0,113.0,11.0,0.0,4.0,8.0,0.0,14.0,29.0,0.0,17.0,0.0,1447.0,5.0,603.0,1361.0,722.0,168.0,6.0,165.0,911.0,756.0,250.0,163.0,241.0,384.0,382.0,510.0,734.0,3645,2749,0.754,212.0,0,12.0,12.0,162939.0,453146.0,616085.0,2906.0,3241,54,320,6228,751.0,62,40706.0,21,13.7,12.2,306796,17742,6463,25887,34515,84607,13555,77.85
서울성북경찰서,2018,1.0,5.0,911.0,376.0,1.0,26.0,0.0,102.0,0.0,0.0,11.0,0.0,79.0,9.0,0.0,3.0,15.0,1.0,25.0,34.0,0.0,6.0,1.0,932.0,0.0,328.0,909.0,497.0,27.0,13.0,170.0,604.0,436.0,185.0,25.0,169.0,281.0,201.0,336.0,446.0,923,642,0.696,215.0,0,10.0,10.0,184258.0,303307.0,487565.0,2268.0,2015,29,252,7048,482.0,36,34379.0,35,15.8,13.6,255090,34363,11267,40341,57460,143431,10021,75.85
서울송파경찰서,2018,2.0,0.0,3977.0,1394.0,0.0,72.0,0.0,105.0,0.0,0.0,61.0,5.0,504.0,66.0,1.0,2.0,7.0,1.0,111.0,100.0,0.0,7.0,0.0,3638.0,8.0,1161.0,3301.0,1864.0,446.0,38.0,375.0,2194.0,1951.0,624.0,429.0,758.0,985.0,937.0,1322.0,1609.0,820,585,0.713,340.0,0,28.0,28.0,390994.0,579257.0,970251.0,2854.0,2096,140,538,8817,834.0,241,63451.0,34,10.1,9.3,638167,31969,10612,33782,40033,116396,13112,77.7
서울수서경찰서,2018,1.0,0.0,905.0,1550.0,0.0,24.0,0.0,79.0,0.0,2.0,18.0,3.0,362.0,24.0,0.0,0.0,11.0,2.0,120.0,45.0,0.0,18.0,0.0,1498.0,5.0,491.0,1518.0,846.0,215.0,12.0,151.0,1056.0,850.0,293.0,217.0,420.0,371.0,451.0,589.0,748.0,790,655,0.8290000000000001,436.0,0,23.0,23.0,670429.0,954554.0,1624983.0,3727.0,3124,70,312,3031,696.0,115,20383.0,54,19.3,18.4,217428,23317,12601,36713,53373,126004,2846,82.19999999999997
서울양천경찰서,2018,9.0,1.0,2145.0,953.0,1.0,60.0,0.0,134.0,0.0,0.0,65.0,2.0,161.0,12.0,0.0,2.0,48.0,2.0,109.0,77.0,0.0,19.0,0.0,2368.0,7.0,561.0,1902.0,1155.0,311.0,31.0,327.0,1014.0,1265.0,427.0,304.0,347.0,541.0,562.0,846.0,1072.0,2935,2113,0.72,219.0,1,11.0,12.0,136819.0,220750.0,357569.0,1633.0,2921,95,376,7113,624.0,72,34304.0,22,9.4,7.6,445591,34353,9758,35547,46213,125871,8418,79.4
서울영등포경찰서,2018,4.0,0.0,3328.0,1902.0,1.0,66.0,0.0,84.0,0.0,5.0,32.0,4.0,358.0,81.0,0.0,4.0,16.0,4.0,43.0,136.0,0.0,22.0,0.0,3623.0,8.0,1123.0,3396.0,1593.0,433.0,23.0,319.0,1913.0,2064.0,686.0,417.0,568.0,855.0,859.0,1313.0,1827.0,2612,1821,0.6970000000000001,258.0,4,23.0,27.0,228065.0,476128.0,704193.0,2729.0,3775,44,513,7951,952.0,342,53477.0,25,13.8,12.6,395286,14291,4965,27787,42434,89477,56483,73.4
서울용산경찰서,2018,3.0,0.0,1468.0,1290.0,2.0,41.0,0.0,198.0,0.0,1.0,40.0,3.0,248.0,27.0,0.0,2.0,6.0,2.0,56.0,64.0,0.0,5.0,0.0,1723.0,16.0,891.0,1945.0,876.0,222.0,8.0,152.0,1440.0,931.0,295.0,217.0,325.0,886.0,529.0,572.0,731.0,2410,1860,0.772,211.0,1,6.0,7.0,123288.0,271615.0,394903.0,1872.0,2051,45,343,9980,996.0,122,34240.0,18,16.0,14.6,226938,12180,3455,21583,32765,69983,20841,77.7
서울은평경찰서,2018,2.0,13.0,1176.0,517.0,5.0,41.0,0.0,344.0,0.0,0.0,22.0,3.0,118.0,11.0,0.0,3.0,8.0,1.0,35.0,86.0,0.0,5.0,0.0,1430.0,5.0,415.0,1217.0,770.0,133.0,10.0,205.0,723.0,748.0,302.0,132.0,217.0,445.0,333.0,468.0,657.0,1445,1215,0.841,214.0,5,10.0,15.0,217662.0,201841.0,419503.0,1960.0,1796,54,203,4502,255.0,117,30414.0,39,15.9,13.4,297613,48561,15383,52463,71341,187748,5338,76.35
서울종로경찰서,2018,1.0,2.0,1097.0,507.0,0.0,28.0,0.0,112.0,0.0,1.0,92.0,1.0,116.0,13.0,1.0,1.0,9.0,2.0,41.0,49.0,0.0,8.0,0.0,1045.0,5.0,549.0,1209.0,475.0,156.0,4.0,57.0,729.0,635.0,263.0,152.0,213.0,324.0,237.0,448.0,618.0,1359,1037,0.763,254.0,14,22.0,36.0,279955.0,294345.0,574300.0,2261.0,805,29,285,5259,68.0,150,34042.0,8,10.6,9.6,77077,6604,2155,12664,22408,43831,3395,82.35
서울종암경찰서,2018,2.0,0.0,746.0,541.0,0.0,36.0,0.0,47.0,0.0,0.0,15.0,1.0,83.0,20.0,0.0,1.0,9.0,3.0,15.0,48.0,0.0,4.0,0.0,894.0,1.0,308.0,812.0,476.0,99.0,4.0,90.0,396.0,580.0,219.0,98.0,128.0,239.0,226.0,325.0,469.0,1278,1169,0.915,215.0,0,10.0,10.0,184258.0,303307.0,487565.0,2268.0,1855,22,176,5751,442.0,21,23329.0,35,15.8,13.6,180778,34363,11267,40341,57460,143431,6752,74.1
서울중랑경찰서,2018,5.0,0.0,2276.0,1321.0,3.0,74.0,0.0,244.0,0.0,0.0,66.0,2.0,215.0,30.0,0.0,4.0,50.0,3.0,120.0,165.0,0.0,19.0,0.0,2533.0,1.0,847.0,2411.0,1312.0,266.0,29.0,289.0,1264.0,1553.0,597.0,257.0,420.0,706.0,615.0,929.0,1319.0,3322,2300,0.6920000000000001,254.0,2,8.0,10.0,103281.0,98140.0,201421.0,793.0,4469,54,406,8132,1682.0,115,49207.0,26,12.9,10.1,391668,48897,12032,54011,67751,182691,9132,72.4
서울중부경찰서,2018,2.0,0.0,1670.0,319.0,0.0,32.0,0.0,199.0,0.0,2.0,22.0,1.0,100.0,48.0,0.0,2.0,9.0,0.0,10.0,33.0,0.0,9.0,0.0,1510.0,4.0,520.0,1390.0,746.0,110.0,3.0,96.0,929.0,839.0,269.0,110.0,235.0,421.0,363.0,529.0,698.0,3395,2271,0.669,275.0,0,23.0,23.0,558830.0,698175.0,1257005.0,4571.0,1563,14,236,4933,332.0,206,17884.0,7,11.4,9.7,102868,7397,2133,13901,23622,47053,10736,79.15
서울혜화경찰서,2018,4.0,0.0,1222.0,232.0,0.0,36.0,0.0,56.0,0.0,0.0,24.0,3.0,64.0,10.0,0.0,1.0,18.0,0.0,7.0,51.0,0.0,9.0,0.0,990.0,2.0,419.0,1023.0,486.0,65.0,1.0,64.0,535.0,617.0,293.0,64.0,135.0,215.0,240.0,530.0,454.0,3440,2671,0.7759999999999999,254.0,14,22.0,36.0,279955.0,294345.0,574300.0,2261.0,784,13,213,4256,42.0,143,40058.0,8,10.6,9.6,75988,6604,2155,12664,22408,43831,9617,72.69999999999997
충남세종경찰서,2018,1.0,0.0,524.0,698.0,1.0,15.0,0.0,128.0,0.0,0.0,5.0,2.0,126.0,1.0,0.0,0.0,16.0,0.0,34.0,65.0,0.0,5.0,0.0,1090.0,2.0,31.0,834.0,471.0,67.0,15.0,121.0,439.0,555.0,176.0,66.0,190.0,171.0,253.0,346.0,412.0,2635,1924,0.73,236.0,3,50.0,53.0,8548417.0,1773184.0,10321601.0,43736.0,2527,88,178,10410,39.0,66,35763.0,21,14.2,12.2,312374,13824,3147,12756,17874,47601,8187,80.30000000000003
경기수원남부경찰서,2019,0.0,3.0,3383.0,1403.0,0.0,49.0,0.0,296.0,0.0,2.0,51.0,3.0,186.0,22.0,0.0,3.0,44.0,5.0,50.0,217.0,0.0,123.0,0.0,3923.0,6.0,605.0,3081.0,1745.0,361.0,31.0,442.0,2469.0,1552.0,330.0,363.0,543.0,1231.0,885.0,1041.0,1487.0,2251,1671,0.742,152.0,1,9.0,10.0,1329649.0,2179521.0,3509170.0,31093.0,4719,148,395,3671,79.0,223,61423.0,29,16.2,16.1,509352,51840,16442,72299,107942,248523,16482,77.44999999999997
경기수원서부경찰서,2019,1.0,0.0,1827.0,1198.0,0.0,18.0,0.0,134.0,0.0,0.0,75.0,1.0,76.0,19.0,0.0,0.0,33.0,7.0,11.0,182.0,0.0,14.0,0.0,2565.0,5.0,340.0,1958.0,1101.0,194.0,17.0,254.0,1255.0,1178.0,354.0,195.0,273.0,552.0,506.0,812.0,1110.0,2167,1727,0.797,164.0,0,16.0,16.0,503378.0,660681.0,1164059.0,9459.0,2919,102,258,3961,62.0,79,30996.0,61,20.75,17.85,294591,51840,16442,72299,107942,248523,27419,73.15
경기수원중부경찰서,2019,4.0,1.0,2389.0,1022.0,0.0,49.0,0.0,112.0,0.0,0.0,31.0,3.0,126.0,17.0,0.0,3.0,85.0,1.0,40.0,186.0,0.0,16.0,0.0,2633.0,4.0,494.0,1970.0,1347.0,291.0,34.0,220.0,1063.0,1507.0,493.0,291.0,317.0,612.0,568.0,880.0,1231.0,1676,1191,0.711,137.0,0,8.0,8.0,434748.0,428111.0,862859.0,8160.0,4447,96,333,6736,48.0,157,44304.0,20,14.4,13.2,390522,51840,16442,72299,107942,248523,22453,78.1
경남마산동부경찰서,2019,0.0,16.0,831.0,844.0,0.0,14.0,0.0,30.0,0.0,0.0,3.0,1.0,85.0,26.0,0.0,1.0,48.0,0.0,19.0,67.0,0.0,0.0,0.0,1325.0,3.0,163.0,999.0,595.0,144.0,9.0,103.0,508.0,691.0,281.0,146.0,217.0,364.0,231.0,358.0,568.0,1433,1091,0.7609999999999999,85.0,1,3.0,4.0,94566.0,125708.0,220274.0,2591.0,1218,65,185,5647,11.0,337,20331.0,15,15.5,18.8,192446,76041,21576,97938,139708,335263,4431,75.55
경남마산중부경찰서,2019,0.0,2.0,756.0,311.0,0.0,17.0,0.0,11.0,0.0,0.0,8.0,1.0,65.0,7.0,0.0,0.0,61.0,1.0,2.0,32.0,0.0,8.0,0.0,876.0,1.0,51.0,655.0,383.0,67.0,4.0,55.0,266.0,482.0,231.0,67.0,136.0,253.0,138.0,232.0,346.0,1041,932,0.895,129.0,1,4.0,5.0,246655.0,979273.0,1225928.0,9503.0,913,55,142,6843,13.0,487,23383.0,10,11.2,11.7,192446,76041,21576,97938,139708,335263,3897,80.3
경남진주경찰서,2019,0.0,0.0,1586.0,964.0,0.0,15.0,0.0,98.0,0.0,0.0,15.0,1.0,184.0,9.0,0.0,3.0,200.0,1.0,9.0,78.0,0.0,24.0,0.0,2003.0,0.0,166.0,1555.0,922.0,201.0,13.0,191.0,830.0,1013.0,431.0,200.0,374.0,466.0,415.0,558.0,865.0,5265,3618,0.687,260.0,1,3.0,4.0,496350.0,686827.0,1183177.0,4551.0,2709,127,289,6153,168.0,370,44003.0,28,16.1,15.1,354166,36456,10784,47973,57053,152266,9741,77.30000000000003
경남진해경찰서,2019,0.0,0.0,609.0,512.0,1.0,7.0,0.0,26.0,0.0,1.0,2.0,2.0,93.0,8.0,0.0,1.0,9.0,0.0,26.0,27.0,0.0,6.0,0.0,918.0,3.0,65.0,677.0,403.0,78.0,6.0,94.0,367.0,466.0,146.0,79.0,129.0,232.0,162.0,258.0,377.0,5611,3788,0.675,138.0,2,4.0,6.0,164990.0,381914.0,546904.0,3963.0,1142,106,137,3218,39.0,304,20962.0,15,15.9,16.0,190885,76041,21576,97938,139708,335263,6383,76.05
경남창원서부경찰서,2019,0.0,0.0,734.0,683.0,0.0,12.0,0.0,155.0,0.0,0.0,26.0,1.0,71.0,22.0,0.0,0.0,151.0,1.0,4.0,62.0,0.0,5.0,0.0,1184.0,2.0,107.0,947.0,522.0,141.0,1.0,54.0,494.0,707.0,213.0,141.0,208.0,317.0,216.0,350.0,519.0,4671,3546,0.759,163.0,0,5.0,5.0,202946.0,741553.0,944499.0,5794.0,1050,140,155,6078,11.0,332,22109.0,27,21.6,20.6,189712,76041,21576,97938,139708,335263,4670,78.55
경남창원중부경찰서,2019,0.0,0.0,879.0,1049.0,0.0,33.0,0.0,81.0,0.0,1.0,7.0,2.0,131.0,20.0,0.0,0.0,162.0,1.0,11.0,56.0,0.0,22.0,0.0,1541.0,7.0,97.0,1245.0,622.0,183.0,10.0,128.0,881.0,685.0,163.0,183.0,231.0,558.0,286.0,417.0,558.0,2831,2067,0.73,132.0,1,2.0,3.0,213408.0,411795.0,625203.0,4736.0,1429,136,201,2895,21.0,566,28368.0,10,9.2,9.2,289815,76041,21576,97938,139708,335263,8720,79.19999999999997
서울강남경찰서,2019,0.0,0.0,1761.0,1700.0,1.0,31.0,0.0,74.0,0.0,0.0,7.0,1.0,190.0,23.0,0.0,2.0,65.0,7.0,106.0,114.0,0.0,18.0,0.0,2663.0,17.0,368.0,1898.0,1322.0,354.0,6.0,202.0,1940.0,846.0,222.0,358.0,429.0,757.0,611.0,825.0,952.0,2579,1921,0.745,456.0,1,23.0,24.0,900260.0,777421.0,1677681.0,3679.0,3095,24,421,5031,636.0,297,47075.0,54,19.5,19.2,321787,21689,13134,39921,65581,140325,8561,82.15
서울강동경찰서,2019,4.0,0.0,2312.0,796.0,0.0,47.0,0.0,143.0,0.0,1.0,59.0,4.0,221.0,19.0,0.0,0.0,21.0,1.0,84.0,82.0,0.0,4.0,0.0,1982.0,4.0,940.0,2048.0,1149.0,165.0,15.0,255.0,1152.0,1306.0,466.0,168.0,332.0,601.0,560.0,827.0,1042.0,2067,1739,0.841,254.0,1,10.0,11.0,166909.0,366450.0,533359.0,2100.0,2619,72,393,7505,2.0,213,45188.0,42,19.5,17.1,415287,24731,10066,39772,53914,128483,9131,77.5
서울강북경찰서,2019,0.0,0.0,2213.0,465.0,0.0,56.0,1.0,509.0,0.0,1.0,108.0,3.0,116.0,51.0,1.0,1.0,20.0,0.0,49.0,93.0,0.0,3.0,0.0,2195.0,3.0,818.0,2024.0,1241.0,88.0,24.0,279.0,1230.0,1250.0,475.0,95.0,357.0,743.0,563.0,693.0,997.0,3801,2533,0.6659999999999999,167.0,1,9.0,10.0,76389.0,141416.0,217805.0,1304.0,2299,41,347,8430,22.0,184,42791.0,25,15.7,13.0,303871,37423,15119,60537,88327,201406,7530,74.1
서울강서경찰서,2019,4.0,0.0,2418.0,1426.0,1.0,46.0,1.0,200.0,0.0,1.0,17.0,2.0,164.0,25.0,0.0,3.0,40.0,1.0,180.0,123.0,0.0,21.0,0.0,2977.0,3.0,575.0,2299.0,1494.0,321.0,31.0,279.0,1540.0,1419.0,523.0,322.0,430.0,705.0,674.0,1028.0,1277.0,3368,2335,0.693,331.0,0,24.0,24.0,251606.0,414691.0,666297.0,2013.0,2377,139,500,8573,822.0,289,79371.0,42,13.9,11.6,574097,41124,22264,81165,130523,275076,13197,74.85
서울관악경찰서,2019,1.0,0.0,2231.0,1775.0,1.0,63.0,0.0,253.0,0.0,1.0,46.0,4.0,232.0,39.0,0.0,4.0,15.0,1.0,22.0,167.0,0.0,17.0,0.0,2932.0,1.0,937.0,2597.0,1496.0,278.0,14.0,273.0,1935.0,1291.0,579.0,279.0,429.0,971.0,750.0,945.0,1276.0,2747,2009,0.731,311.0,3,6.0,9.0,312837.0,341749.0,654586.0,2105.0,4825,78,493,11882,951.0,272,119863.0,39,15.9,13.9,507828,28421,15909,54953,81176,180459,30247,73.15
서울광진경찰서,2019,0.0,0.0,1606.0,1397.0,0.0,38.0,0.0,89.0,0.0,1.0,75.0,1.0,147.0,57.0,0.0,1.0,48.0,3.0,112.0,53.0,0.0,5.0,1.0,2203.0,6.0,569.0,1862.0,1113.0,231.0,15.0,299.0,1353.0,1016.0,291.0,232.0,337.0,626.0,520.0,709.0,1014.0,5503,3727,0.677,195.0,0,8.0,8.0,145574.0,247269.0,392843.0,2015.0,6459,34,380,9132,1495.0,93,58714.0,23,12.8,9.9,359766,23511,9205,34348,43811,110875,23823,77.65
서울구로경찰서,2019,1.0,0.0,2789.0,1038.0,1.0,69.0,0.0,162.0,0.0,0.0,46.0,0.0,118.0,10.0,0.0,0.0,24.0,4.0,17.0,156.0,0.0,5.0,0.0,3136.0,2.0,634.0,2501.0,1294.0,311.0,23.0,248.0,1399.0,1569.0,552.0,315.0,400.0,669.0,649.0,959.0,1429.0,5422,3638,0.6709999999999999,247.0,0,7.0,7.0,157597.0,254232.0,411829.0,1667.0,3659,45,395,7816,819.0,107,47740.0,26,12.8,11.8,435560,21749,8064,30709,50532,111054,54937,72.85
서울금천경찰서,2019,0.0,0.0,1267.0,994.0,0.0,29.0,0.0,232.0,0.0,1.0,25.0,0.0,126.0,22.0,0.0,0.0,14.0,2.0,4.0,71.0,0.0,6.0,0.0,1673.0,3.0,627.0,1368.0,937.0,243.0,16.0,116.0,791.0,1052.0,329.0,244.0,228.0,469.0,388.0,605.0,858.0,4916,3533,0.7190000000000001,141.0,0,4.0,4.0,178251.0,493516.0,671767.0,4764.0,4226,50,274,6260,567.0,118,37778.0,23,20.4,19.4,249747,21128,8770,35542,52484,117924,32851,72.1
서울남대문경찰서,2019,1.0,0.0,994.0,465.0,0.0,28.0,0.0,47.0,0.0,1.0,46.0,2.0,68.0,5.0,0.0,2.0,20.0,12.0,28.0,41.0,0.0,6.0,0.0,1039.0,2.0,357.0,908.0,566.0,108.0,1.0,31.0,727.0,547.0,172.0,104.0,105.0,127.0,241.0,627.0,482.0,3811,2664,0.6990000000000001,213.0,3,17.0,20.0,5135961.0,68941136.0,74077097.0,347780.0,725,16,186,1137,176.0,88,3492.0,5,8.1,8.8,22853,6833,2472,14862,28268,52435,2300,79.7
서울노원경찰서,2019,0.0,2.0,2354.0,839.0,0.0,33.0,0.0,269.0,0.0,1.0,59.0,2.0,227.0,82.0,0.0,2.0,19.0,5.0,77.0,79.0,0.0,7.0,0.0,2486.0,6.0,565.0,1964.0,1274.0,319.0,36.0,315.0,1195.0,1215.0,478.0,318.0,437.0,644.0,552.0,849.0,1075.0,3043,2235,0.7340000000000001,203.0,0,6.0,6.0,44268.0,141374.0,185642.0,914.0,1998,167,415,4078,61.0,63,53365.0,40,14.6,11.9,522480,51537,28793,96356,140258,316944,8300,79.5
서울도봉경찰서,2019,0.0,4.0,1017.0,652.0,0.0,35.0,0.0,56.0,0.0,1.0,56.0,1.0,74.0,14.0,0.0,0.0,11.0,4.0,39.0,59.0,0.0,5.0,0.0,1337.0,1.0,276.0,1075.0,601.0,145.0,8.0,108.0,555.0,715.0,288.0,147.0,189.0,322.0,256.0,424.0,630.0,2562,2368,0.924,179.0,3,8.0,11.0,424291.0,344157.0,768448.0,4293.0,10,71,273,6337,622.0,68,32653.0,27,15.9,14.0,323543,32365,11052,40627,54373,138417,5027,79.65
서울동대문경찰서,2019,0.0,0.0,1957.0,836.0,0.0,41.0,0.0,218.0,0.0,0.0,42.0,1.0,170.0,40.0,0.0,1.0,16.0,2.0,146.0,86.0,0.0,4.0,0.0,1974.0,4.0,650.0,1873.0,988.0,233.0,12.0,145.0,1005.0,1179.0,519.0,234.0,265.0,591.0,540.0,744.0,954.0,2217,1766,0.797,195.0,5,21.0,26.0,233398.0,636944.0,870342.0,4463.0,26,14,429,10730,4.0,150,58152.0,23,13.5,12.2,355094,24605,9344,43252,75416,152617,23645,75.8
서울동작경찰서,2019,0.0,0.0,1601.0,983.0,0.0,42.0,0.0,52.0,0.0,1.0,155.0,1.0,161.0,17.0,0.0,0.0,9.0,1.0,62.0,77.0,0.0,3.0,0.0,2020.0,1.0,482.0,1592.0,998.0,244.0,12.0,188.0,1081.0,905.0,405.0,243.0,260.0,449.0,521.0,680.0,924.0,2120,1649,0.778,208.0,2,10.0,12.0,86519.0,92724.0,179243.0,862.0,2033,53,353,8848,1007.0,83,60088.0,24,12.0,9.2,400368,19403,9690,34013,54529,117635,20697,76.75
서울마포경찰서,2019,0.0,2.0,1823.0,1680.0,0.0,35.0,0.0,90.0,0.0,1.0,14.0,0.0,139.0,30.0,0.0,7.0,26.0,1.0,34.0,104.0,1.0,11.0,0.0,2527.0,8.0,757.0,2171.0,1246.0,228.0,14.0,331.0,1853.0,910.0,306.0,231.0,347.0,1020.0,561.0,725.0,992.0,1975,1665,0.843,246.0,0,13.0,13.0,163683.0,229742.0,393425.0,1599.0,2317,82,458,7628,780.0,121,59248.0,27,14.0,11.8,369327,15671,8696,28149,47341,99857,16416,80.95
서울방배경찰서,2019,1.0,0.0,452.0,275.0,0.0,17.0,0.0,41.0,0.0,1.0,3.0,0.0,62.0,8.0,0.0,0.0,1.0,0.0,14.0,20.0,0.0,5.0,0.0,507.0,0.0,173.0,487.0,259.0,44.0,6.0,55.0,278.0,294.0,113.0,44.0,89.0,119.0,143.0,189.0,250.0,2188,1421,0.649,242.0,2,42.0,44.0,300794.0,669453.0,970247.0,4009.0,2691,25,141,3231,4.0,24,10829.0,26,11.8,11.6,133979,12915,6232,19512,29423,68082,2832,83.55
서울서대문경찰서,2019,0.0,13.0,1420.0,783.0,0.0,40.0,0.0,76.0,0.0,1.0,77.0,1.0,104.0,15.0,0.0,1.0,25.0,7.0,53.0,74.0,0.0,6.0,0.0,1701.0,5.0,418.0,1362.0,886.0,162.0,12.0,175.0,989.0,737.0,334.0,163.0,237.0,448.0,387.0,564.0,774.0,1840,1387,0.754,269.0,1,12.0,13.0,109764.0,111196.0,220960.0,821.0,2938,58,322,6938,388.0,75,46449.0,33,21.0,17.3,319394,20887,7284,27027,45810,101008,18179,79.5
서울서부경찰서,2019,1.0,0.0,850.0,366.0,1.0,12.0,0.0,34.0,0.0,1.0,13.0,0.0,47.0,10.0,1.0,0.0,17.0,1.0,9.0,31.0,0.0,22.0,0.0,850.0,1.0,289.0,723.0,442.0,113.0,9.0,86.0,439.0,444.0,187.0,113.0,124.0,264.0,191.0,305.0,394.0,1798,1426,0.7929999999999999,196.0,3,20.0,23.0,1901761.0,511008.0,2412769.0,12310.0,1870,46,221,3546,221.0,96,22652.0,38,15.5,12.8,189190,45265,18558,62819,95037,221679,3875,76.6
서울서초경찰서,2019,0.0,0.0,1941.0,1333.0,0.0,32.0,0.0,116.0,0.0,0.0,18.0,3.0,180.0,26.0,0.0,1.0,60.0,2.0,50.0,80.0,1.0,7.0,0.0,2395.0,7.0,628.0,1862.0,1270.0,308.0,13.0,265.0,1731.0,850.0,269.0,312.0,337.0,758.0,715.0,787.0,843.0,1501,1146,0.763,242.0,2,42.0,44.0,300794.0,669453.0,970247.0,4009.0,4237,88,339,4405,5.0,115,31823.0,26,11.8,11.6,296847,12915,6232,19512,29423,68082,6224,84.19999999999997
서울성동경찰서,2019,0.0,0.0,1306.0,734.0,0.0,24.0,0.0,74.0,0.0,0.0,29.0,0.0,86.0,17.0,0.0,0.0,11.0,0.0,16.0,35.0,0.0,5.0,0.0,1426.0,2.0,569.0,1327.0,656.0,184.0,11.0,130.0,863.0,722.0,258.0,183.0,234.0,389.0,353.0,503.0,688.0,1387,1034,0.745,194.0,2,7.0,9.0,119319.0,604898.0,724217.0,3733.0,3241,54,320,6228,792.0,62,41488.0,16,10.5,10.2,299688,16622,7134,29103,44632,97491,14042,78.30000000000003
서울성북경찰서,2019,0.0,0.0,689.0,247.0,0.0,17.0,0.0,65.0,0.0,0.0,23.0,0.0,68.0,7.0,0.0,1.0,7.0,1.0,12.0,40.0,0.0,1.0,1.0,676.0,2.0,225.0,619.0,394.0,28.0,4.0,84.0,398.0,343.0,184.0,28.0,116.0,196.0,209.0,228.0,292.0,1381,1254,0.9079999999999999,191.0,0,10.0,10.0,241464.0,222877.0,464341.0,2431.0,2015,29,252,7048,535.0,36,35292.0,30,13.5,11.3,251646,31361,11882,43894,69254,156391,10865,79.5
서울송파경찰서,2019,0.0,0.0,3194.0,1287.0,2.0,51.0,0.0,99.0,0.0,0.0,38.0,1.0,342.0,29.0,0.0,1.0,40.0,2.0,86.0,95.0,0.0,5.0,0.0,3176.0,8.0,886.0,2786.0,1546.0,339.0,34.0,282.0,1878.0,1650.0,490.0,337.0,584.0,759.0,765.0,1148.0,1415.0,4469,3259,0.7290000000000001,335.0,2,19.0,21.0,330243.0,628586.0,958829.0,2862.0,2096,140,538,8817,64.0,241,68861.0,40,11.7,9.6,648600,32727,14377,45428,58345,150877,14126,83.4
서울수서경찰서,2019,0.0,0.0,760.0,1205.0,0.0,22.0,0.0,63.0,0.0,0.0,17.0,1.0,225.0,11.0,0.0,1.0,10.0,5.0,88.0,45.0,0.0,5.0,0.0,1321.0,3.0,352.0,1205.0,712.0,150.0,10.0,140.0,803.0,729.0,231.0,154.0,307.0,345.0,375.0,479.0,561.0,3989,3057,0.7659999999999999,456.0,1,23.0,24.0,900260.0,777421.0,1677681.0,3679.0,3124,70,312,3031,738.0,115,20502.0,54,19.5,19.2,223382,21689,13134,39921,65581,140325,3174,83.65
서울양천경찰서,2019,3.0,0.0,1652.0,934.0,0.0,40.0,0.0,78.0,0.0,2.0,38.0,1.0,100.0,13.0,0.0,5.0,22.0,1.0,84.0,47.0,0.0,5.0,0.0,2019.0,1.0,449.0,1599.0,938.0,210.0,32.0,311.0,799.0,1007.0,387.0,211.0,251.0,447.0,450.0,689.0,910.0,3798,3023,0.7959999999999999,163.0,2,7.0,9.0,107052.0,358668.0,465720.0,2857.0,2921,95,376,7113,677.0,72,36345.0,32,13.8,13.4,440354,33580,12197,43041,64917,153735,9138,80.4
서울영등포경찰서,2019,2.0,2.0,3214.0,1544.0,0.0,48.0,0.0,75.0,0.0,1.0,30.0,3.0,164.0,35.0,0.0,1.0,36.0,5.0,56.0,119.0,0.0,8.0,0.0,3552.0,3.0,934.0,3034.0,1568.0,314.0,21.0,257.0,1860.0,1755.0,708.0,315.0,480.0,761.0,755.0,1296.0,1624.0,2353,1520,0.6459999999999999,265.0,1,48.0,49.0,344748.0,2755206.0,3099954.0,11698.0,3775,44,513,7951,958.0,342,58214.0,21,11.6,10.3,394083,12911,5546,30674,51952,101083,55524,73.05000000000003
서울용산경찰서,2019,0.0,0.0,1019.0,1405.0,0.0,27.0,0.0,102.0,0.0,0.0,9.0,1.0,196.0,18.0,0.0,1.0,8.0,1.0,69.0,45.0,0.0,7.0,0.0,1508.0,6.0,702.0,1577.0,788.0,197.0,4.0,106.0,1239.0,763.0,252.0,198.0,301.0,755.0,442.0,452.0,612.0,2246,1418,0.631,238.0,0,5.0,5.0,100283.0,167582.0,267865.0,1125.0,2051,45,343,9980,1024.0,122,35148.0,13,11.5,11.1,227181,11199,4119,24104,39212,78634,22332,81.95
서울은평경찰서,2019,1.0,9.0,1059.0,607.0,7.0,22.0,0.0,258.0,0.0,1.0,11.0,0.0,91.0,12.0,0.0,4.0,15.0,0.0,26.0,72.0,0.0,2.0,0.0,1348.0,0.0,405.0,1077.0,749.0,149.0,15.0,142.0,715.0,699.0,255.0,149.0,184.0,343.0,262.0,505.0,681.0,2049,1519,0.741,196.0,3,20.0,23.0,1901761.0,511008.0,2412769.0,12310.0,1796,54,203,4502,276.0,117,32420.0,38,15.5,12.8,290842,45265,18558,62819,95037,221679,5626,75.95
서울종로경찰서,2019,1.0,12.0,1220.0,407.0,1.0,15.0,0.0,106.0,0.0,0.0,36.0,3.0,72.0,16.0,0.0,3.0,14.0,1.0,35.0,58.0,0.0,3.0,0.0,1094.0,0.0,499.0,1117.0,551.0,130.0,5.0,63.0,653.0,662.0,286.0,129.0,179.0,234.0,267.0,513.0,605.0,1701,1076,0.633,232.0,4,16.0,20.0,403054.0,398040.0,801094.0,3453.0,805,29,285,5259,68.0,150,34961.0,9,12.0,11.4,75958,5756,2573,14071,25508,47908,3554,85.25
서울종암경찰서,2019,1.0,1.0,702.0,599.0,0.0,23.0,0.0,43.0,0.0,0.0,12.0,0.0,94.0,12.0,0.0,0.0,16.0,1.0,8.0,53.0,0.0,3.0,0.0,914.0,3.0,277.0,782.0,487.0,112.0,11.0,81.0,407.0,531.0,239.0,112.0,148.0,229.0,224.0,352.0,428.0,1574,1055,0.67,191.0,0,10.0,10.0,241464.0,222877.0,464341.0,2431.0,1855,22,176,5751,499.0,21,24317.0,30,13.5,11.3,191004,31361,11882,43894,69254,156391,7111,75.8
서울중랑경찰서,2019,3.0,0.0,2051.0,1395.0,0.0,49.0,0.0,225.0,0.0,0.0,75.0,1.0,163.0,16.0,0.0,0.0,33.0,3.0,126.0,158.0,0.0,10.0,0.0,2700.0,3.0,585.0,2145.0,1402.0,251.0,24.0,252.0,1185.0,1532.0,555.0,250.0,401.0,636.0,648.0,878.0,1235.0,1342,1095,0.816,210.0,1,9.0,10.0,95365.0,227285.0,322650.0,1536.0,4469,54,406,8132,1778.0,115,52196.0,35,17.6,15.4,386331,46485,15246,64943,92574,219248,9785,71.85
서울중부경찰서,2019,2.0,0.0,1475.0,295.0,0.0,67.0,0.0,170.0,0.0,4.0,36.0,0.0,84.0,33.0,0.0,2.0,28.0,3.0,5.0,46.0,0.0,2.0,0.0,1377.0,1.0,468.0,1270.0,683.0,96.0,10.0,91.0,869.0,712.0,271.0,96.0,212.0,387.0,330.0,493.0,627.0,1317,872,0.662,213.0,3,17.0,20.0,5135961.0,68941136.0,74077097.0,347780.0,1563,14,236,4933,339.0,206,18597.0,5,8.1,8.8,103318,6833,2472,14862,28268,52435,11496,77.4
서울혜화경찰서,2019,0.0,0.0,999.0,265.0,1.0,32.0,0.0,30.0,0.0,1.0,14.0,0.0,63.0,10.0,0.0,1.0,6.0,0.0,16.0,65.0,0.0,3.0,0.0,841.0,4.0,333.0,806.0,449.0,87.0,3.0,43.0,476.0,496.0,238.0,86.0,109.0,192.0,206.0,425.0,410.0,1372,831,0.606,232.0,4,16.0,20.0,403054.0,398040.0,801094.0,3453.0,784,13,213,4256,42.0,143,41063.0,9,12.0,11.4,75332,5756,2573,14071,25508,47908,10641,74.6
충남세종경찰서,2019,0.0,0.0,559.0,759.0,1.0,9.0,0.0,87.0,0.0,0.0,3.0,3.0,114.0,6.0,0.0,0.0,17.0,2.0,26.0,55.0,0.0,5.0,0.0,1153.0,0.0,37.0,792.0,542.0,84.0,9.0,133.0,493.0,550.0,149.0,84.0,149.0,153.0,255.0,406.0,455.0,1418,1086,0.7659999999999999,191.0,0,8.0,8.0,995712.0,1699780.0,2695492.0,14113.0,2527,88,178,10410,39.0,66,39078.0,30,18.4,18.2,338136,16060,4101,15794,22678,58633,9814,80.05000000000003
