관할서,연도,crm_wthr_눈,crm_wthr_만월,crm_wthr_맑음,crm_wthr_미상,crm_wthr_바람,crm_wthr_비,crm_wthr_안개,crm_wthr_암흑,crm_wthr_폭설,crm_wthr_폭풍우,crm_wthr_흐림,crm_clue_고발,crm_clue_고소,crm_clue_기타,crm_clue_변사체,crm_clue_불심검문,crm_clue_여죄,crm_clue_자수,crm_clue_진정,crm_clue_타인신고,crm_clue_탄원,crm_clue_탐문정보,crm_clue_투서,crm_clue_피해자신고,crm_clue_피해품발견,crm_clue_현행범,vic_sx_1,vic_sx_2,vic_sx_3,vic_age_0_12세,vic_age_10대,vic_age_2_30대,vic_age_4_50대,vic_age_60세초과,vic_age_미상,crm_loc_가방점,crm_loc_강_해_변,crm_loc_검문소,crm_loc_고속도로,crm_loc_고속도로휴게소,crm_loc_고속버스,crm_loc_공사장,crm_loc_공원,crm_loc_공장,crm_loc_공지,crm_loc_공판장,crm_loc_관공서,crm_loc_교량,crm_loc_기숙사,crm_loc_기타,crm_loc_기타가옥,crm_loc_기타교통수단내,crm_loc_노상,crm_loc_노상판매점,crm_loc_대중식당,crm_loc_대형할인매장,crm_loc_병원,crm_loc_사무실,crm_loc_산중,crm_loc_상가아파트,crm_loc_상점,crm_loc_숙박업소목욕탕,crm_loc_슈퍼마켓,crm_loc_승용차,crm_loc_승합차,crm_loc_시장_노점,crm_loc_시장및상가부근,crm_loc_식품점,crm_loc_신발판매점,crm_loc_아파트,crm_loc_야산,crm_loc_연립가옥,crm_loc_오토바이,crm_loc_오피스텔,crm_loc_일반주택,crm_loc_전답,crm_loc_정류장,crm_loc_종교기관,crm_loc_주유소,crm_loc_주차장,crm_loc_주택,crm_loc_지하도,crm_loc_지하철,crm_loc_차량부속품점,crm_loc_차안,crm_loc_창고,crm_loc_철로,crm_loc_터널,crm_loc_톨게이트,crm_loc_편의점,crm_loc_포장마차,crm_loc_학교,crm_loc_학원,crm_loc_호텔,crm_loc_회사,crm_tm_미상,crm_tm_새벽,crm_tm_오전,crm_tm_오후,crm_tm_저녁,교통사고_발생수,교통사고_검거수,교통사고_검거율,화재건수,화재_사망,화재_부상,화재_인명피해_계,화재_부동산피해_천원,화재_동산피해_천원,화재_재산피해_천원,화재_재산피해_건당천원,cctv_개수,공원_개수,배치인원_수,보안등_개수,비상벨_개수,유흥업소_개수,일인가구수,자살건수,자살_사망률_10만명당,자살_연령표준화사망률_10만명당,총_인구수,기초수급_19세이하,기초수급_20_34세,기초수급_35_59세,기초수급_60세이상,기초수급_총합,외국인수,score_교통
경기수원남부경찰서,2017,17.0,0.0,4950.0,322.0,0.0,93.0,0.0,77.0,1.0,0.0,47.0,4.0,1.0,154.0,0.0,3023.0,0.0,37.0,0.0,461.0,0.0,0.0,0.0,1807.0,1.0,19.0,1333.0,526.0,3648.0,16.0,39.0,896.0,785.0,123.0,3648.0,0.0,0.0,0.0,12.0,0.0,0.0,0.0,0.0,0.0,0.0,0.0,0.0,0.0,0.0,21.0,0.0,0.0,5399.0,0.0,0.0,0.0,0.0,0.0,0.0,0.0,0.0,0.0,0.0,0.0,0.0,0.0,0.0,0.0,0.0,2.0,0.0,0.0,0.0,0.0,0.0,0.0,0.0,0.0,0.0,73.0,0.0,0.0,0.0,0.0,0.0,0.0,0.0,0.0,0.0,0.0,0.0,0.0,0.0,0.0,0.0,966.0,1331.0,709.0,701.0,1800.0,5507,4779,0.868,118.0,2,24.0,26.0,1084718.0,756962.0,1841679.0,21376.0,4719,148,395,3671,5.0,223,52811.0,23,13.5,12.2,498926,39101,9131,40639,50273,139144,15295,69.0
경기수원서부경찰서,2017,10.0,0.0,1788.0,133.0,0.0,28.0,1.0,7.0,0.0,0.0,24.0,3.0,0.0,126.0,0.0,1209.0,0.0,19.0,1.0,263.0,0.0,2.0,0.0,351.0,0.0,17.0,372.0,120.0,1499.0,8.0,11.0,214.0,212.0,47.0,1499.0,0.0,0.0,0.0,3.0,0.0,0.0,0.0,0.0,0.0,0.0,0.0,0.0,0.0,0.0,10.0,0.0,0.0,1975.0,0.0,0.0,0.0,0.0,0.0,0.0,0.0,1.0,0.0,0.0,0.0,0.0,0.0,0.0,0.0,0.0,0.0,0.0,0.0,0.0,0.0,0.0,0.0,0.0,0.0,0.0,2.0,0.0,0.0,0.0,0.0,0.0,0.0,0.0,0.0,0.0,0.0,0.0,0.0,0.0,0.0,0.0,175.0,262.0,372.0,384.0,798.0,5038,5014,0.995,159.0,1,7.0,8.0,581020.0,618198.0,1199217.0,10096.0,2919,102,258,3961,1.0,79,28612.0,44,16.2,14.9,290873,39101,9131,40639,50273,139144,24040,66.4
경기수원중부경찰서,2017,7.0,0.0,2370.0,458.0,0.0,51.0,0.0,85.0,0.0,0.0,28.0,9.0,2.0,331.0,0.0,1263.0,2.0,32.0,1.0,215.0,1.0,1.0,0.0,1080.0,0.0,62.0,901.0,418.0,1680.0,22.0,41.0,517.0,561.0,178.0,1680.0,0.0,0.0,0.0,14.0,0.0,0.0,0.0,0.0,0.0,0.0,0.0,0.0,0.0,0.0,64.0,0.0,0.0,2900.0,0.0,0.0,0.0,0.0,0.0,0.0,0.0,0.0,0.0,0.0,0.0,0.0,0.0,0.0,0.0,0.0,0.0,0.0,0.0,0.0,0.0,0.0,0.0,0.0,0.0,1.0,19.0,0.0,0.0,0.0,0.0,0.0,0.0,0.0,0.0,1.0,0.0,0.0,0.0,0.0,0.0,0.0,259.0,421.0,652.0,675.0,992.0,4224,4272,1.011,124.0,0,10.0,10.0,458268.0,811849.0,1270116.0,13711.0,4447,96,333,6736,8.0,157,41116.0,20,13.7,12.2,412829,39101,9131,40639,50273,139144,18967,69.55000000000001
경남마산동부경찰서,2017,0.0,0.0,1129.0,31.0,0.0,19.0,0.0,3.0,0.0,0.0,10.0,2.0,1.0,98.0,0.0,860.0,1.0,3.0,0.0,88.0,1.0,0.0,0.0,133.0,0.0,5.0,168.0,71.0,953.0,4.0,4.0,87.0,103.0,40.0,954.0,0.0,0.0,0.0,5.0,0.0,0.0,0.0,0.0,0.0,0.0,0.0,0.0,0.0,0.0,7.0,0.0,0.0,1178.0,0.0,0.0,0.0,0.0,0.0,0.0,0.0,0.0,0.0,0.0,0.0,0.0,0.0,0.0,0.0,0.0,0.0,0.0,0.0,0.0,0.0,0.0,0.0,0.0,0.0,0.0,2.0,0.0,0.0,0.0,0.0,0.0,0.0,0.0,0.0,0.0,0.0,0.0,0.0,0.0,0.0,0.0,206.0,195.0,156.0,150.0,485.0,1991,1928,0.968,95.0,2,2.0,4.0,184825.0,119858.0,304683.0,3207.0,1218,65,185,5647,11.0,337,20165.0,7,6.9,7.1,202864,54889,11055,56994,66509,189447,4184,64.45
경남마산중부경찰서,2017,0.0,0.0,901.0,294.0,0.0,17.0,0.0,3.0,0.0,0.0,23.0,15.0,1.0,74.0,0.0,902.0,0.0,5.0,1.0,84.0,0.0,0.0,1.0,151.0,0.0,4.0,155.0,68.0,1015.0,5.0,9.0,76.0,95.0,38.0,1015.0,0.0,0.0,0.0,3.0,0.0,0.0,0.0,0.0,0.0,0.0,0.0,0.0,0.0,0.0,7.0,0.0,0.0,1228.0,0.0,0.0,0.0,0.0,0.0,0.0,0.0,0.0,0.0,0.0,0.0,0.0,0.0,0.0,0.0,0.0,0.0,0.0,0.0,0.0,0.0,0.0,0.0,0.0,0.0,0.0,0.0,0.0,0.0,0.0,0.0,0.0,0.0,0.0,0.0,0.0,0.0,0.0,0.0,0.0,0.0,0.0,100.0,372.0,88.0,270.0,408.0,2041,2103,1.03,114.0,0,1.0,1.0,542237.0,605513.0,1147750.0,10068.0,913,55,142,6843,12.0,487,21519.0,13,14.4,11.6,202864,54889,11055,56994,66509,189447,3268,70.19999999999999
경남진주경찰서,2017,1.0,0.0,2105.0,310.0,0.0,31.0,1.0,0.0,0.0,0.0,7.0,6.0,1.0,225.0,0.0,1652.0,1.0,7.0,1.0,325.0,0.0,0.0,0.0,233.0,0.0,4.0,206.0,82.0,2167.0,7.0,9.0,74.0,132.0,65.0,2168.0,0.0,0.0,0.0,150.0,1.0,0.0,0.0,0.0,0.0,0.0,0.0,0.0,0.0,0.0,3.0,0.0,0.0,2298.0,0.0,0.0,0.0,0.0,0.0,0.0,0.0,0.0,0.0,0.0,0.0,0.0,0.0,0.0,0.0,0.0,0.0,0.0,0.0,0.0,0.0,0.0,1.0,0.0,0.0,0.0,1.0,0.0,0.0,0.0,0.0,0.0,0.0,0.0,0.0,1.0,0.0,0.0,0.0,0.0,0.0,0.0,218.0,675.0,317.0,326.0,919.0,1942,2027,1.044,264.0,0,8.0,8.0,805014.0,980462.0,1785476.0,6763.0,2709,127,289,6153,18.0,370,41623.0,22,12.6,8.6,353209,27844,6520,29128,28780,92272,7875,68.05000000000001
경남진해경찰서,2017,0.0,0.0,1182.0,19.0,0.0,23.0,0.0,7.0,0.0,0.0,4.0,7.0,2.0,61.0,0.0,884.0,0.0,3.0,1.0,102.0,0.0,0.0,0.0,169.0,0.0,6.0,122.0,77.0,1036.0,4.0,9.0,71.0,85.0,29.0,1037.0,0.0,0.0,0.0,1.0,0.0,0.0,0.0,0.0,1.0,0.0,0.0,0.0,0.0,0.0,6.0,0.0,0.0,1225.0,1.0,0.0,0.0,0.0,0.0,0.0,0.0,0.0,0.0,0.0,0.0,0.0,0.0,0.0,0.0,0.0,1.0,0.0,0.0,0.0,0.0,0.0,0.0,0.0,0.0,0.0,0.0,0.0,0.0,0.0,0.0,0.0,0.0,0.0,0.0,0.0,0.0,0.0,0.0,0.0,0.0,0.0,142.0,227.0,181.0,176.0,509.0,2999,2482,0.828,100.0,0,1.0,1.0,112921.0,138531.0,251452.0,2515.0,1142,106,137,3218,39.0,304,19022.0,10,10.9,10.6,186658,54889,11055,56994,66509,189447,5558,68.35
경남창원서부경찰서,2017,0.0,0.0,1607.0,44.0,0.0,21.0,0.0,3.0,0.0,0.0,50.0,6.0,0.0,33.0,0.0,1215.0,0.0,4.0,1.0,159.0,0.0,0.0,0.0,299.0,0.0,8.0,220.0,72.0,1433.0,1.0,3.0,107.0,136.0,44.0,1434.0,0.0,0.0,0.0,19.0,0.0,0.0,0.0,0.0,0.0,0.0,0.0,0.0,0.0,0.0,9.0,0.0,0.0,1697.0,0.0,0.0,0.0,0.0,0.0,0.0,0.0,0.0,0.0,0.0,0.0,0.0,0.0,0.0,0.0,0.0,0.0,0.0,0.0,0.0,0.0,0.0,0.0,0.0,0.0,0.0,0.0,0.0,0.0,0.0,0.0,0.0,0.0,0.0,0.0,0.0,0.0,0.0,0.0,0.0,0.0,0.0,311.0,335.0,159.0,186.0,734.0,3460,3380,0.977,191.0,1,2.0,3.0,746756.0,2847490.0,3594246.0,18818.0,1050,140,155,6078,9.0,332,20665.0,18,14.6,13.6,185322,54889,11055,56994,66509,189447,4264,67.55
경남창원중부경찰서,2017,0.0,0.0,1677.0,64.0,0.0,27.0,0.0,144.0,0.0,0.0,3.0,28.0,0.0,147.0,0.0,1349.0,1.0,0.0,2.0,167.0,0.0,2.0,0.0,211.0,0.0,8.0,269.0,86.0,1560.0,8.0,19.0,144.0,147.0,37.0,1560.0,0.0,0.0,0.0,19.0,0.0,0.0,0.0,0.0,0.0,0.0,0.0,0.0,2.0,0.0,11.0,0.0,0.0,1880.0,0.0,0.0,0.0,0.0,0.0,0.0,0.0,0.0,0.0,0.0,0.0,0.0,0.0,0.0,0.0,0.0,0.0,0.0,1.0,1.0,0.0,0.0,0.0,0.0,0.0,0.0,1.0,0.0,0.0,0.0,0.0,0.0,0.0,0.0,0.0,0.0,0.0,0.0,0.0,0.0,0.0,0.0,319.0,470.0,245.0,305.0,576.0,2745,2828,1.03,111.0,3,11.0,14.0,227870.0,287653.0,515523.0,4644.0,1429,136,201,2895,21.0,566,26038.0,15,13.4,13.9,295969,54889,11055,56994,66509,189447,8214,66.45
서울강남경찰서,2017,10.0,0.0,1712.0,345.0,0.0,45.0,0.0,127.0,0.0,0.0,324.0,3.0,0.0,351.0,0.0,994.0,0.0,9.0,0.0,243.0,0.0,1.0,0.0,930.0,0.0,32.0,810.0,240.0,1513.0,10.0,13.0,494.0,415.0,118.0,1513.0,0.0,0.0,0.0,7.0,0.0,0.0,0.0,0.0,0.0,0.0,0.0,0.0,0.0,0.0,28.0,0.0,0.0,2518.0,0.0,0.0,0.0,0.0,0.0,0.0,0.0,0.0,0.0,0.0,0.0,0.0,0.0,0.0,0.0,0.0,0.0,0.0,0.0,0.0,0.0,0.0,0.0,0.0,0.0,0.0,10.0,0.0,0.0,0.0,0.0,0.0,0.0,0.0,0.0,0.0,0.0,0.0,0.0,0.0,0.0,0.0,225.0,623.0,466.0,410.0,839.0,1192,1177,0.987,502.0,0,11.0,11.0,771016.0,794242.0,1565258.0,3118.0,3095,24,421,5031,585.0,297,44473.0,35,12.2,10.9,325815,17789,8699,25298,33903,85689,6723,68.4
서울강동경찰서,2017,1.0,0.0,805.0,9.0,0.0,23.0,0.0,11.0,0.0,0.0,65.0,2.0,1.0,56.0,0.0,404.0,1.0,11.0,0.0,116.0,0.0,0.0,0.0,314.0,0.0,9.0,216.0,69.0,629.0,5.0,14.0,103.0,104.0,58.0,630.0,0.0,0.0,0.0,8.0,0.0,0.0,0.0,0.0,0.0,0.0,0.0,0.0,0.0,0.0,7.0,0.0,0.0,895.0,1.0,0.0,0.0,0.0,0.0,0.0,0.0,0.0,0.0,0.0,0.0,0.0,0.0,0.0,0.0,0.0,1.0,0.0,0.0,0.0,0.0,0.0,0.0,0.0,0.0,0.0,2.0,0.0,0.0,0.0,0.0,0.0,0.0,0.0,0.0,0.0,0.0,0.0,0.0,0.0,0.0,0.0,77.0,213.0,121.0,111.0,392.0,1023,1046,1.022,269.0,0,12.0,12.0,188487.0,230106.0,418593.0,1556.0,2619,72,393,7505,1.0,213,41050.0,24,11.0,9.7,423978,19558,5976,23078,25727,74339,8196,72.1
서울강북경찰서,2017,8.0,0.0,738.0,36.0,0.0,26.0,0.0,7.0,0.0,0.0,69.0,2.0,2.0,30.0,0.0,429.0,1.0,31.0,0.0,111.0,0.0,0.0,0.0,266.0,0.0,12.0,252.0,67.0,565.0,4.0,22.0,107.0,137.0,48.0,566.0,0.0,0.0,0.0,0.0,0.0,0.0,0.0,0.0,0.0,0.0,0.0,1.0,0.0,0.0,4.0,1.0,0.0,876.0,0.0,0.0,0.0,0.0,0.0,0.0,0.0,0.0,0.0,0.0,0.0,0.0,0.0,0.0,0.0,0.0,0.0,0.0,0.0,0.0,0.0,1.0,0.0,0.0,0.0,0.0,1.0,0.0,0.0,0.0,0.0,0.0,0.0,0.0,0.0,0.0,0.0,0.0,0.0,0.0,0.0,0.0,63.0,190.0,129.0,131.0,371.0,1026,1076,1.0490000000000002,186.0,0,6.0,6.0,134341.0,204805.0,339146.0,1823.0,2299,41,347,8430,21.0,184,39082.0,21,12.9,10.0,313698,29508,9281,35737,43051,117577,6487,67.15
서울강서경찰서,2017,4.0,0.0,2303.0,276.0,0.0,50.0,0.0,161.0,0.0,0.0,43.0,6.0,3.0,926.0,1.0,1330.0,0.0,8.0,1.0,232.0,0.0,2.0,0.0,316.0,0.0,12.0,527.0,219.0,2091.0,11.0,28.0,281.0,313.0,113.0,2091.0,0.0,0.0,0.0,3.0,0.0,0.0,0.0,0.0,0.0,0.0,0.0,0.0,0.0,0.0,13.0,0.0,0.0,2819.0,0.0,0.0,0.0,0.0,0.0,0.0,0.0,0.0,0.0,0.0,0.0,0.0,0.0,1.0,0.0,0.0,1.0,0.0,0.0,0.0,0.0,0.0,0.0,0.0,0.0,0.0,0.0,0.0,0.0,0.0,0.0,0.0,0.0,0.0,0.0,0.0,0.0,0.0,0.0,0.0,0.0,0.0,509.0,737.0,288.0,334.0,969.0,1238,1065,0.86,364.0,3,22.0,25.0,342521.0,364350.0,706871.0,1942.0,2377,139,500,8573,735.0,289,68237.0,40,13.2,11.8,581675,31758,14649,51392,65237,163036,12532,64.8
서울관악경찰서,2017,4.0,0.0,1742.0,56.0,0.0,14.0,0.0,54.0,0.0,0.0,7.0,2.0,1.0,126.0,0.0,1164.0,0.0,25.0,4.0,166.0,0.0,2.0,0.0,371.0,0.0,16.0,362.0,100.0,1415.0,3.0,13.0,174.0,191.0,81.0,1415.0,0.0,0.0,0.0,2.0,0.0,0.0,0.0,0.0,0.0,0.0,0.0,0.0,0.0,0.0,8.0,0.0,0.0,1859.0,0.0,0.0,0.0,0.0,0.0,0.0,0.0,0.0,0.0,0.0,0.0,0.0,0.0,0.0,0.0,0.0,0.0,0.0,0.0,0.0,0.0,0.0,0.0,0.0,0.0,0.0,3.0,0.0,0.0,0.0,0.0,0.0,0.0,0.0,5.0,0.0,0.0,0.0,0.0,0.0,0.0,0.0,112.0,393.0,290.0,267.0,815.0,1130,1124,0.995,286.0,3,20.0,23.0,320771.0,333919.0,654690.0,2289.0,4825,78,493,11882,814.0,272,106865.0,28,11.4,10.0,511222,21840,9395,31669,38508,101412,29335,66.25
서울광진경찰서,2017,4.0,0.0,1496.0,30.0,0.0,27.0,0.0,80.0,0.0,0.0,5.0,2.0,1.0,120.0,0.0,950.0,2.0,17.0,1.0,155.0,0.0,0.0,1.0,382.0,0.0,11.0,317.0,111.0,1214.0,4.0,19.0,168.0,167.0,68.0,1216.0,0.0,0.0,0.0,5.0,0.0,0.0,0.0,0.0,0.0,0.0,0.0,0.0,0.0,0.0,20.0,0.0,0.0,1616.0,1.0,0.0,0.0,0.0,0.0,0.0,0.0,0.0,0.0,0.0,0.0,0.0,0.0,0.0,0.0,0.0,0.0,0.0,0.0,0.0,0.0,0.0,0.0,0.0,0.0,0.0,0.0,0.0,0.0,0.0,0.0,0.0,0.0,0.0,0.0,0.0,0.0,0.0,0.0,0.0,0.0,0.0,228.0,414.0,255.0,277.0,468.0,1015,1073,1.057,200.0,1,6.0,7.0,230322.0,203420.0,433742.0,2169.0,6459,34,380,9132,1329.0,93,54866.0,17,9.4,9.5,363934,18260,4472,17579,18554,58865,21216,68.9
서울구로경찰서,2017,2.0,0.0,984.0,27.0,0.0,24.0,0.0,27.0,0.0,0.0,34.0,5.0,2.0,131.0,0.0,389.0,0.0,16.0,1.0,154.0,1.0,0.0,0.0,385.0,0.0,14.0,372.0,112.0,614.0,15.0,28.0,173.0,198.0,68.0,616.0,0.0,0.0,0.0,2.0,0.0,0.0,0.0,0.0,0.0,0.0,0.0,0.0,0.0,0.0,16.0,0.0,0.0,1078.0,0.0,0.0,0.0,0.0,0.0,0.0,0.0,0.0,0.0,0.0,0.0,0.0,0.0,0.0,0.0,0.0,1.0,0.0,0.0,0.0,0.0,0.0,0.0,0.0,0.0,0.0,1.0,0.0,0.0,0.0,0.0,0.0,0.0,0.0,0.0,0.0,0.0,0.0,0.0,0.0,0.0,0.0,100.0,192.0,193.0,209.0,404.0,2455,2226,0.907,260.0,1,5.0,6.0,112488.0,348080.0,460568.0,1771.0,3659,45,395,7816,605.0,107,42984.0,20,9.7,9.0,436869,16732,4593,17586,25170,64081,49996,69.9
서울금천경찰서,2017,1.0,0.0,1010.0,122.0,0.0,20.0,0.0,36.0,0.0,0.0,15.0,1.0,1.0,92.0,0.0,352.0,0.0,4.0,1.0,121.0,1.0,1.0,0.0,623.0,0.0,7.0,545.0,152.0,507.0,11.0,26.0,266.0,298.0,96.0,507.0,0.0,0.0,0.0,0.0,0.0,0.0,0.0,0.0,0.0,0.0,0.0,0.0,0.0,0.0,6.0,0.0,0.0,1195.0,0.0,0.0,0.0,0.0,0.0,0.0,0.0,0.0,0.0,0.0,0.0,0.0,0.0,0.0,0.0,0.0,2.0,0.0,0.0,0.0,0.0,0.0,0.0,0.0,0.0,0.0,0.0,0.0,0.0,0.0,0.0,0.0,0.0,0.0,1.0,0.0,0.0,0.0,0.0,0.0,0.0,0.0,70.0,226.0,271.0,274.0,363.0,1897,1868,0.985,174.0,2,7.0,9.0,163006.0,442543.0,605549.0,3480.0,4226,50,274,6260,465.0,118,32928.0,17,14.9,11.9,249930,18041,5505,22825,27046,73417,30317,67.1
서울남대문경찰서,2017,2.0,0.0,406.0,5.0,0.0,9.0,0.0,1.0,0.0,0.0,17.0,1.0,0.0,48.0,0.0,126.0,0.0,13.0,0.0,25.0,0.0,0.0,0.0,215.0,0.0,12.0,173.0,49.0,218.0,0.0,3.0,88.0,102.0,28.0,219.0,0.0,0.0,0.0,0.0,0.0,0.0,0.0,0.0,0.0,0.0,0.0,0.0,0.0,0.0,7.0,0.0,0.0,430.0,0.0,0.0,0.0,0.0,0.0,0.0,0.0,0.0,0.0,0.0,0.0,0.0,0.0,1.0,0.0,0.0,0.0,0.0,0.0,0.0,0.0,0.0,0.0,0.0,0.0,0.0,2.0,0.0,0.0,0.0,0.0,0.0,0.0,0.0,0.0,0.0,0.0,0.0,0.0,0.0,0.0,0.0,28.0,40.0,74.0,120.0,178.0,1612,1701,1.055,198.0,5,14.0,19.0,199688.0,285704.0,485392.0,2451.0,725,16,186,1137,153.0,88,3454.0,7,11.5,6.4,77492,5355,1318,9075,14915,30663,1948,68.94999999999999
서울노원경찰서,2017,9.0,5.0,1006.0,109.0,0.0,33.0,0.0,45.0,1.0,0.0,16.0,1.0,1.0,206.0,0.0,598.0,0.0,7.0,1.0,172.0,0.0,3.0,0.0,217.0,0.0,18.0,232.0,79.0,913.0,6.0,10.0,87.0,156.0,52.0,913.0,0.0,0.0,0.0,3.0,0.0,0.0,0.0,0.0,0.0,0.0,0.0,0.0,0.0,0.0,7.0,0.0,0.0,1208.0,0.0,0.0,0.0,0.0,0.0,0.0,0.0,0.0,0.0,0.0,0.0,0.0,0.0,0.0,0.0,0.0,3.0,0.0,0.0,0.0,0.0,0.0,0.0,0.0,0.0,0.0,2.0,0.0,0.0,0.0,0.0,0.0,0.0,0.0,1.0,0.0,0.0,0.0,0.0,0.0,0.0,0.0,135.0,348.0,201.0,212.0,328.0,1235,1207,0.977,279.0,3,18.0,21.0,284890.0,281931.0,566821.0,2032.0,1998,167,415,4078,61.0,63,49265.0,40,14.0,11.4,543499,38389,18533,60426,71656,189004,6539,72.3
서울도봉경찰서,2017,1.0,0.0,603.0,9.0,0.0,20.0,1.0,4.0,0.0,0.0,34.0,3.0,0.0,58.0,0.0,355.0,0.0,13.0,0.0,90.0,0.0,0.0,0.0,148.0,0.0,5.0,153.0,51.0,468.0,3.0,10.0,56.0,92.0,43.0,468.0,0.0,0.0,0.0,0.0,0.0,0.0,0.0,0.0,0.0,0.0,0.0,0.0,0.0,0.0,3.0,0.0,0.0,669.0,0.0,0.0,0.0,0.0,0.0,0.0,0.0,0.0,0.0,0.0,0.0,0.0,0.0,0.0,0.0,0.0,0.0,0.0,0.0,0.0,0.0,0.0,0.0,0.0,0.0,0.0,0.0,0.0,0.0,0.0,0.0,0.0,0.0,0.0,0.0,0.0,0.0,0.0,0.0,0.0,0.0,0.0,60.0,156.0,73.0,128.0,255.0,1053,1005,0.9540000000000001,192.0,2,6.0,8.0,76077.0,212759.0,288836.0,1504.0,10,71,273,6337,622.0,68,29469.0,29,16.7,11.6,332586,26072,6713,23774,26428,82987,4145,67.15
서울동대문경찰서,2017,5.0,0.0,1141.0,21.0,0.0,32.0,0.0,21.0,0.0,0.0,70.0,5.0,2.0,281.0,0.0,400.0,0.0,22.0,1.0,132.0,2.0,2.0,0.0,422.0,1.0,20.0,452.0,175.0,663.0,14.0,21.0,206.0,267.0,119.0,663.0,0.0,0.0,0.0,2.0,0.0,0.0,0.0,0.0,0.0,0.0,0.0,0.0,0.0,0.0,14.0,0.0,0.0,1269.0,0.0,0.0,0.0,0.0,0.0,0.0,0.0,0.0,0.0,0.0,0.0,0.0,0.0,1.0,0.0,0.0,0.0,0.0,0.0,0.0,0.0,0.0,0.0,0.0,0.0,0.0,4.0,0.0,0.0,0.0,0.0,0.0,0.0,0.0,0.0,0.0,0.0,0.0,0.0,0.0,0.0,0.0,64.0,211.0,296.0,321.0,398.0,978,1034,1.057,200.0,1,2.0,3.0,475285.0,647169.0,1122454.0,5612.0,26,14,429,10730,2.0,150,54030.0,9,5.2,4.1,357380,19631,5890,25660,38161,89342,20374,69.75
서울동작경찰서,2017,8.0,0.0,680.0,15.0,0.0,14.0,0.0,10.0,0.0,0.0,19.0,11.0,2.0,63.0,0.0,262.0,0.0,27.0,0.0,129.0,0.0,1.0,0.0,244.0,0.0,7.0,234.0,78.0,434.0,4.0,11.0,127.0,122.0,47.0,435.0,0.0,0.0,0.0,2.0,0.0,0.0,0.0,0.0,0.0,0.0,0.0,0.0,0.0,0.0,5.0,0.0,0.0,734.0,1.0,0.0,0.0,0.0,0.0,0.0,0.0,0.0,0.0,0.0,0.0,0.0,0.0,1.0,0.0,0.0,0.0,0.0,0.0,0.0,0.0,0.0,0.0,0.0,0.0,0.0,1.0,1.0,0.0,0.0,0.0,0.0,0.0,0.0,0.0,0.0,0.0,1.0,0.0,0.0,0.0,0.0,86.0,164.0,113.0,131.0,252.0,1725,1554,0.9009999999999999,222.0,3,10.0,13.0,128070.0,149074.0,277144.0,1248.0,2033,53,353,8848,732.0,83,54355.0,24,11.9,9.1,400236,14196,4680,17033,24105,60014,18592,65.44999999999999
서울마포경찰서,2017,5.0,0.0,1845.0,172.0,0.0,24.0,0.0,27.0,0.0,0.0,11.0,3.0,0.0,130.0,0.0,1141.0,1.0,24.0,2.0,247.0,1.0,3.0,0.0,508.0,1.0,23.0,419.0,132.0,1533.0,6.0,22.0,231.0,223.0,68.0,1534.0,0.0,0.0,0.0,16.0,0.0,0.0,0.0,0.0,0.0,0.0,0.0,0.0,0.0,0.0,18.0,0.0,0.0,2047.0,0.0,0.0,0.0,0.0,0.0,0.0,0.0,0.0,0.0,0.0,0.0,0.0,0.0,0.0,0.0,0.0,0.0,0.0,0.0,0.0,0.0,0.0,0.0,0.0,0.0,0.0,3.0,0.0,0.0,0.0,0.0,0.0,0.0,0.0,0.0,0.0,0.0,0.0,0.0,0.0,0.0,0.0,185.0,629.0,330.0,343.0,597.0,1747,1678,0.961,235.0,1,7.0,8.0,1051681.0,307348.0,1359029.0,5783.0,2317,82,458,7628,617.0,121,54162.0,29,15.0,12.9,368841,11417,5092,17224,23663,57396,13842,67.55
서울방배경찰서,2017,0.0,0.0,699.0,7.0,0.0,7.0,0.0,0.0,0.0,0.0,5.0,1.0,0.0,65.0,0.0,264.0,0.0,9.0,0.0,87.0,0.0,0.0,0.0,289.0,0.0,3.0,231.0,95.0,392.0,2.0,8.0,135.0,141.0,41.0,391.0,0.0,0.0,0.0,0.0,0.0,0.0,0.0,0.0,0.0,0.0,0.0,0.0,0.0,0.0,7.0,0.0,0.0,711.0,0.0,0.0,0.0,0.0,0.0,0.0,0.0,0.0,0.0,0.0,0.0,0.0,0.0,0.0,0.0,0.0,0.0,0.0,0.0,0.0,0.0,0.0,0.0,0.0,0.0,0.0,0.0,0.0,0.0,0.0,0.0,0.0,0.0,0.0,0.0,0.0,0.0,0.0,0.0,0.0,0.0,0.0,49.0,180.0,122.0,138.0,229.0,1443,1474,1.021,242.0,2,13.0,15.0,284206.0,411461.0,695667.0,2875.0,2691,25,141,3231,1.0,24,10671.0,24,10.6,9.8,151407,9682,3940,10763,13078,37463,2364,71.19999999999997
서울서대문경찰서,2017,3.0,0.0,547.0,58.0,0.0,11.0,0.0,2.0,0.0,0.0,22.0,8.0,2.0,25.0,0.0,266.0,0.0,9.0,1.0,94.0,0.0,0.0,0.0,233.0,0.0,5.0,179.0,68.0,396.0,3.0,16.0,84.0,103.0,41.0,396.0,0.0,0.0,0.0,5.0,0.0,0.0,0.0,0.0,0.0,0.0,0.0,0.0,1.0,0.0,5.0,0.0,0.0,629.0,1.0,0.0,0.0,0.0,0.0,0.0,0.0,0.0,0.0,0.0,0.0,0.0,0.0,1.0,0.0,0.0,0.0,0.0,0.0,0.0,0.0,0.0,0.0,0.0,0.0,0.0,1.0,0.0,0.0,0.0,0.0,0.0,0.0,0.0,0.0,0.0,0.0,0.0,0.0,0.0,0.0,0.0,87.0,143.0,114.0,104.0,195.0,1915,1905,0.995,232.0,1,15.0,16.0,181371.0,216202.0,397573.0,1714.0,2938,58,322,6938,330.0,75,43418.0,15,9.5,7.8,321345,15922,4130,15037,21841,56930,14763,68.75
서울서부경찰서,2017,4.0,0.0,377.0,1.0,0.0,13.0,0.0,22.0,0.0,0.0,2.0,0.0,0.0,16.0,0.0,159.0,0.0,14.0,2.0,100.0,0.0,0.0,0.0,127.0,0.0,1.0,128.0,46.0,245.0,4.0,4.0,62.0,72.0,28.0,249.0,0.0,0.0,0.0,0.0,0.0,0.0,0.0,0.0,0.0,0.0,0.0,0.0,0.0,0.0,0.0,0.0,0.0,419.0,0.0,0.0,0.0,0.0,0.0,0.0,0.0,0.0,0.0,0.0,0.0,0.0,0.0,0.0,0.0,0.0,0.0,0.0,0.0,0.0,0.0,0.0,0.0,0.0,0.0,0.0,0.0,0.0,0.0,0.0,0.0,0.0,0.0,0.0,0.0,0.0,0.0,0.0,0.0,0.0,0.0,0.0,22.0,84.0,67.0,83.0,163.0,1565,1570,1.003,159.0,0,3.0,3.0,100299.0,117901.0,218200.0,1372.0,1870,46,221,3546,178.0,96,21096.0,36,14.6,13.4,187131,35570,9856,33199,43112,121737,3345,69.94999999999999
서울서초경찰서,2017,10.0,0.0,1511.0,60.0,0.0,26.0,0.0,11.0,0.0,0.0,32.0,17.0,7.0,96.0,1.0,531.0,2.0,45.0,2.0,231.0,0.0,0.0,0.0,696.0,0.0,22.0,518.0,221.0,911.0,5.0,16.0,335.0,298.0,85.0,911.0,0.0,0.0,0.0,27.0,0.0,0.0,0.0,0.0,0.0,0.0,0.0,0.0,0.0,0.0,31.0,0.0,0.0,1583.0,0.0,0.0,0.0,0.0,2.0,0.0,0.0,0.0,0.0,0.0,1.0,0.0,0.0,0.0,0.0,0.0,0.0,0.0,0.0,0.0,0.0,0.0,0.0,0.0,0.0,0.0,4.0,0.0,0.0,0.0,0.0,0.0,0.0,0.0,1.0,0.0,0.0,0.0,0.0,0.0,1.0,0.0,119.0,279.0,345.0,351.0,556.0,1155,1302,1.127,242.0,2,13.0,15.0,284206.0,411461.0,695667.0,2875.0,4237,88,339,4405,0.0,115,29403.0,24,10.6,9.8,289695,9682,3940,10763,13078,37463,5621,70.5
서울성동경찰서,2017,3.0,0.0,1162.0,6.0,0.0,17.0,0.0,2.0,0.0,0.0,38.0,3.0,1.0,82.0,0.0,684.0,0.0,4.0,2.0,115.0,0.0,0.0,0.0,330.0,0.0,7.0,275.0,75.0,878.0,1.0,12.0,130.0,155.0,52.0,878.0,0.0,0.0,0.0,4.0,0.0,0.0,0.0,0.0,0.0,0.0,0.0,2.0,0.0,0.0,6.0,0.0,0.0,1214.0,0.0,0.0,0.0,0.0,0.0,0.0,0.0,0.0,0.0,0.0,0.0,0.0,0.0,0.0,0.0,0.0,0.0,0.0,0.0,0.0,0.0,0.0,0.0,0.0,0.0,0.0,2.0,0.0,0.0,0.0,0.0,0.0,0.0,0.0,0.0,0.0,0.0,0.0,0.0,0.0,0.0,0.0,146.0,320.0,224.0,232.0,306.0,2563,2398,0.9359999999999999,197.0,1,11.0,12.0,228269.0,393055.0,621324.0,3154.0,3241,54,320,6228,641.0,62,39067.0,17,11.3,8.5,302367,12936,4150,16981,20999,55066,12604,66.05000000000001
서울성북경찰서,2017,1.0,0.0,635.0,3.0,0.0,14.0,0.0,21.0,1.0,0.0,17.0,1.0,1.0,23.0,0.0,382.0,0.0,12.0,0.0,85.0,0.0,1.0,0.0,173.0,0.0,14.0,135.0,46.0,511.0,5.0,15.0,66.0,70.0,25.0,511.0,0.0,0.0,0.0,1.0,0.0,0.0,0.0,0.0,0.0,0.0,0.0,0.0,0.0,0.0,9.0,0.0,0.0,677.0,0.0,0.0,0.0,1.0,0.0,0.0,0.0,0.0,0.0,0.0,0.0,0.0,0.0,0.0,0.0,0.0,0.0,0.0,0.0,0.0,0.0,0.0,0.0,0.0,0.0,0.0,3.0,0.0,0.0,0.0,0.0,1.0,0.0,0.0,0.0,0.0,0.0,0.0,0.0,0.0,0.0,0.0,82.0,238.0,106.0,100.0,166.0,3683,3816,1.036,183.0,1,8.0,9.0,182471.0,218169.0,400640.0,2189.0,2015,29,252,7048,418.0,36,33466.0,27,12.0,10.9,257352,25191,7588,27582,36260,96621,9006,70.19999999999999
서울송파경찰서,2017,4.0,0.0,1363.0,258.0,1.0,42.0,0.0,238.0,0.0,0.0,36.0,4.0,2.0,198.0,0.0,870.0,0.0,29.0,2.0,277.0,0.0,0.0,0.0,547.0,0.0,13.0,500.0,150.0,1292.0,22.0,25.0,245.0,262.0,93.0,1295.0,0.0,0.0,0.0,5.0,0.0,0.0,0.0,0.0,0.0,0.0,0.0,0.0,0.0,1.0,11.0,0.0,0.0,1917.0,0.0,0.0,1.0,0.0,0.0,0.0,0.0,0.0,0.0,0.0,0.0,0.0,1.0,1.0,0.0,0.0,0.0,0.0,0.0,0.0,0.0,0.0,0.0,0.0,0.0,0.0,5.0,0.0,0.0,0.0,0.0,0.0,0.0,0.0,0.0,0.0,0.0,0.0,0.0,0.0,0.0,0.0,140.0,404.0,313.0,296.0,789.0,3421,3552,1.038,318.0,3,13.0,16.0,250145.0,389082.0,639227.0,2010.0,2096,140,538,8817,815.0,241,58848.0,49,14.6,13.9,633953,22691,6369,20709,23297,73066,12233,70.25
서울수서경찰서,2017,5.0,0.0,1062.0,46.0,0.0,23.0,0.0,23.0,0.0,0.0,32.0,3.0,0.0,75.0,0.0,345.0,0.0,19.0,0.0,147.0,0.0,1.0,0.0,578.0,0.0,23.0,433.0,193.0,565.0,12.0,21.0,238.0,280.0,75.0,565.0,0.0,0.0,0.0,3.0,0.0,0.0,0.0,0.0,0.0,0.0,0.0,0.0,0.0,0.0,17.0,0.0,0.0,1167.0,0.0,0.0,0.0,0.0,0.0,0.0,0.0,0.0,0.0,0.0,0.0,0.0,0.0,0.0,0.0,0.0,0.0,0.0,0.0,0.0,0.0,0.0,0.0,0.0,0.0,0.0,4.0,0.0,0.0,0.0,0.0,0.0,0.0,0.0,0.0,0.0,0.0,0.0,0.0,0.0,0.0,0.0,98.0,222.0,216.0,269.0,386.0,914,859,0.94,502.0,0,11.0,11.0,771016.0,794242.0,1565258.0,3118.0,3124,70,312,3031,667.0,115,20264.0,35,12.2,10.9,230349,17789,8699,25298,33903,85689,2622,72.9
서울양천경찰서,2017,6.0,0.0,985.0,224.0,0.0,26.0,0.0,4.0,0.0,0.0,11.0,4.0,1.0,242.0,0.0,422.0,1.0,13.0,1.0,135.0,0.0,1.0,0.0,433.0,0.0,3.0,357.0,136.0,763.0,17.0,21.0,174.0,205.0,76.0,763.0,0.0,0.0,0.0,6.0,0.0,0.0,0.0,0.0,0.0,0.0,0.0,0.0,0.0,0.0,7.0,0.0,0.0,1241.0,0.0,0.0,0.0,0.0,0.0,0.0,0.0,0.0,0.0,0.0,0.0,0.0,0.0,0.0,0.0,0.0,0.0,0.0,0.0,0.0,0.0,0.0,0.0,0.0,0.0,0.0,2.0,0.0,0.0,0.0,0.0,0.0,0.0,0.0,0.0,0.0,0.0,0.0,0.0,0.0,0.0,0.0,155.0,298.0,191.0,209.0,403.0,1865,1866,1.001,244.0,0,7.0,7.0,110271.0,190360.0,300631.0,1232.0,2921,95,376,7113,612.0,72,33088.0,19,8.0,8.4,452111,24995,5904,22585,27458,80942,8152,70.05000000000001
서울영등포경찰서,2017,8.0,0.0,2039.0,419.0,0.0,30.0,0.0,6.0,0.0,0.0,16.0,10.0,4.0,351.0,0.0,1167.0,1.0,50.0,0.0,210.0,0.0,0.0,0.0,699.0,0.0,26.0,768.0,248.0,1502.0,14.0,35.0,434.0,390.0,142.0,1503.0,0.0,0.0,0.0,4.0,0.0,0.0,1.0,0.0,0.0,0.0,0.0,0.0,0.0,0.0,25.0,1.0,0.0,2482.0,0.0,0.0,0.0,0.0,0.0,0.0,0.0,0.0,0.0,0.0,0.0,0.0,0.0,0.0,0.0,0.0,0.0,0.0,0.0,0.0,0.0,0.0,0.0,0.0,0.0,0.0,5.0,0.0,0.0,0.0,0.0,0.0,0.0,0.0,0.0,0.0,0.0,0.0,0.0,0.0,0.0,0.0,219.0,639.0,397.0,484.0,779.0,1740,1805,1.037,239.0,1,16.0,17.0,300321.0,793273.0,1093594.0,4576.0,3775,44,513,7951,850.0,342,51151.0,19,10.5,8.8,393560,11186,3242,18072,26462,58962,54145,67.80000000000001
서울용산경찰서,2017,6.0,0.0,1310.0,220.0,0.0,32.0,0.0,20.0,0.0,0.0,18.0,7.0,0.0,124.0,0.0,575.0,0.0,23.0,3.0,185.0,1.0,3.0,0.0,655.0,0.0,30.0,573.0,206.0,827.0,7.0,24.0,331.0,313.0,103.0,828.0,0.0,0.0,0.0,7.0,0.0,0.0,1.0,0.0,0.0,0.0,0.0,0.0,0.0,0.0,111.0,0.0,1.0,1475.0,0.0,0.0,0.0,0.0,0.0,0.0,0.0,0.0,0.0,0.0,0.0,0.0,0.0,0.0,0.0,0.0,0.0,0.0,0.0,0.0,0.0,0.0,0.0,0.0,0.0,0.0,11.0,0.0,0.0,0.0,0.0,0.0,0.0,0.0,0.0,0.0,0.0,0.0,0.0,0.0,0.0,0.0,160.0,382.0,273.0,285.0,506.0,884,911,1.031,167.0,0,6.0,6.0,112190.0,150720.0,262910.0,1574.0,2051,45,343,9980,949.0,122,33076.0,16,14.2,12.8,223898,8547,2220,13967,20627,45361,17629,68.05000000000001
서울은평경찰서,2017,3.0,0.0,751.0,16.0,0.0,18.0,0.0,204.0,0.0,0.0,42.0,0.0,0.0,182.0,0.0,549.0,0.0,18.0,0.0,61.0,0.0,0.0,0.0,220.0,0.0,4.0,243.0,88.0,703.0,0.0,12.0,84.0,111.0,45.0,782.0,0.0,0.0,0.0,0.0,0.0,0.0,0.0,0.0,0.0,0.0,0.0,0.0,0.0,0.0,2.0,0.0,0.0,1030.0,0.0,0.0,0.0,0.0,1.0,0.0,0.0,0.0,0.0,0.0,0.0,0.0,0.0,0.0,0.0,0.0,0.0,0.0,0.0,0.0,0.0,0.0,0.0,0.0,0.0,0.0,1.0,0.0,0.0,0.0,0.0,0.0,0.0,0.0,0.0,0.0,0.0,0.0,0.0,0.0,0.0,0.0,136.0,335.0,105.0,147.0,311.0,1610,1639,1.018,159.0,0,3.0,3.0,100299.0,117901.0,218200.0,1372.0,1796,54,203,4502,237.0,117,28408.0,36,14.6,13.4,299663,35570,9856,33199,43112,121737,5068,67.6
서울종로경찰서,2017,6.0,0.0,346.0,4.0,0.0,16.0,0.0,28.0,0.0,0.0,12.0,2.0,0.0,28.0,0.0,194.0,0.0,11.0,0.0,56.0,0.0,0.0,0.0,114.0,0.0,7.0,101.0,31.0,280.0,2.0,2.0,46.0,64.0,18.0,280.0,0.0,0.0,0.0,0.0,0.0,0.0,0.0,0.0,0.0,0.0,0.0,0.0,0.0,0.0,4.0,0.0,0.0,405.0,0.0,0.0,0.0,0.0,0.0,0.0,0.0,0.0,0.0,0.0,0.0,0.0,0.0,0.0,0.0,0.0,0.0,0.0,0.0,0.0,0.0,0.0,0.0,0.0,0.0,0.0,3.0,0.0,0.0,0.0,0.0,0.0,0.0,0.0,0.0,0.0,0.0,0.0,0.0,0.0,0.0,0.0,38.0,74.0,63.0,83.0,154.0,1487,1618,1.088,234.0,1,3.0,4.0,193128.0,884537.0,1077665.0,4605.0,805,29,285,5259,46.0,150,33123.0,12,15.9,12.4,77278,5135,1361,8423,14194,29113,3191,69.5
서울종암경찰서,2017,5.0,0.0,548.0,26.0,0.0,23.0,0.0,29.0,0.0,0.0,23.0,2.0,1.0,145.0,0.0,227.0,0.0,26.0,0.0,75.0,0.0,0.0,0.0,170.0,0.0,8.0,162.0,50.0,442.0,1.0,6.0,79.0,88.0,37.0,443.0,0.0,0.0,0.0,1.0,0.0,0.0,0.0,0.0,0.0,0.0,0.0,0.0,0.0,0.0,2.0,0.0,0.0,650.0,0.0,0.0,0.0,0.0,0.0,0.0,0.0,0.0,0.0,0.0,0.0,0.0,0.0,0.0,0.0,0.0,0.0,0.0,0.0,0.0,0.0,0.0,0.0,0.0,0.0,0.0,1.0,0.0,0.0,0.0,0.0,0.0,0.0,0.0,0.0,0.0,0.0,0.0,0.0,0.0,0.0,0.0,47.0,107.0,102.0,89.0,309.0,2837,2726,0.961,183.0,1,8.0,9.0,182471.0,218169.0,400640.0,2189.0,1855,22,176,5751,329.0,21,22341.0,27,12.0,10.9,186703,25191,7588,27582,36260,96621,6332,70.1
서울중랑경찰서,2017,7.0,0.0,968.0,28.0,1.0,27.0,0.0,31.0,0.0,0.0,27.0,6.0,0.0,385.0,0.0,273.0,0.0,5.0,0.0,92.0,0.0,0.0,0.0,311.0,0.0,17.0,249.0,99.0,741.0,5.0,12.0,134.0,150.0,47.0,741.0,0.0,0.0,0.0,2.0,0.0,0.0,0.0,0.0,0.0,0.0,0.0,0.0,0.0,0.0,5.0,0.0,0.0,1077.0,1.0,0.0,0.0,0.0,0.0,0.0,0.0,0.0,0.0,0.0,0.0,0.0,1.0,0.0,0.0,0.0,0.0,0.0,0.0,0.0,0.0,1.0,0.0,0.0,0.0,0.0,2.0,0.0,0.0,0.0,0.0,0.0,0.0,0.0,0.0,0.0,0.0,0.0,0.0,0.0,0.0,0.0,76.0,321.0,151.0,159.0,382.0,2932,3048,1.04,196.0,2,5.0,7.0,171049.0,161317.0,332366.0,1696.0,4469,54,406,8132,1584.0,115,47543.0,31,15.3,11.9,396892,35497,7734,33946,40832,118009,8475,68.4
서울중부경찰서,2017,3.0,0.0,608.0,34.0,0.0,13.0,0.0,17.0,0.0,0.0,34.0,1.0,0.0,102.0,0.0,312.0,0.0,8.0,0.0,47.0,0.0,1.0,0.0,182.0,0.0,56.0,175.0,49.0,485.0,2.0,2.0,94.0,94.0,31.0,486.0,0.0,0.0,0.0,0.0,0.0,0.0,0.0,0.0,0.0,0.0,0.0,0.0,0.0,0.0,9.0,0.0,0.0,696.0,0.0,0.0,0.0,0.0,0.0,0.0,0.0,0.0,0.0,1.0,0.0,0.0,0.0,0.0,0.0,0.0,0.0,0.0,0.0,0.0,0.0,1.0,0.0,0.0,0.0,0.0,2.0,0.0,0.0,0.0,0.0,0.0,0.0,0.0,0.0,0.0,0.0,0.0,0.0,0.0,0.0,0.0,42.0,114.0,161.0,191.0,201.0,2289,2430,1.062,198.0,5,14.0,19.0,199688.0,285704.0,485392.0,2451.0,1563,14,236,4933,278.0,206,17171.0,7,11.5,6.4,104135,5355,1318,9075,14915,30663,9434,70.6
서울혜화경찰서,2017,1.0,4.0,785.0,4.0,0.0,28.0,0.0,7.0,0.0,0.0,31.0,0.0,1.0,99.0,0.0,328.0,0.0,5.0,0.0,37.0,0.0,0.0,1.0,94.0,0.0,295.0,82.0,33.0,745.0,1.0,4.0,31.0,52.0,27.0,745.0,0.0,0.0,0.0,0.0,0.0,0.0,0.0,0.0,0.0,0.0,0.0,0.0,0.0,0.0,8.0,0.0,0.0,851.0,0.0,0.0,0.0,0.0,0.0,0.0,0.0,0.0,0.0,0.0,0.0,0.0,0.0,0.0,0.0,0.0,0.0,0.0,0.0,0.0,0.0,0.0,0.0,0.0,0.0,0.0,1.0,0.0,0.0,0.0,0.0,0.0,0.0,0.0,0.0,0.0,0.0,0.0,0.0,0.0,0.0,0.0,33.0,99.0,164.0,281.0,283.0,1877,1766,0.941,234.0,1,3.0,4.0,193128.0,884537.0,1077665.0,4605.0,784,13,213,4256,24.0,143,39053.0,12,15.9,12.4,77492,5135,1361,8423,14194,29113,8717,69.9
충남세종경찰서,2017,7.0,0.0,637.0,111.0,0.0,25.0,2.0,26.0,0.0,0.0,35.0,3.0,4.0,102.0,0.0,272.0,0.0,11.0,2.0,234.0,0.0,3.0,0.0,209.0,0.0,3.0,263.0,83.0,497.0,8.0,13.0,131.0,146.0,45.0,500.0,0.0,0.0,0.0,6.0,0.0,0.0,1.0,0.0,0.0,0.0,0.0,1.0,0.0,0.0,3.0,0.0,0.0,829.0,0.0,0.0,0.0,0.0,0.0,0.0,0.0,0.0,0.0,0.0,0.0,0.0,0.0,0.0,0.0,0.0,2.0,0.0,0.0,0.0,0.0,0.0,0.0,0.0,0.0,0.0,1.0,0.0,0.0,0.0,0.0,0.0,0.0,0.0,0.0,0.0,0.0,0.0,0.0,0.0,0.0,0.0,66.0,159.0,126.0,158.0,334.0,2275,2356,1.036,316.0,2,8.0,10.0,1687347.0,2351765.0,4039112.0,12782.0,2527,88,178,10410,39.0,66,31472.0,9,6.9,6.6,276589,9233,2033,8207,11006,30479,6761,68.1
경기수원남부경찰서,2018,29.0,0.0,4426.0,335.0,0.0,175.0,0.0,32.0,0.0,0.0,41.0,3.0,1.0,207.0,0.0,2325.0,0.0,97.0,2.0,608.0,0.0,0.0,0.0,1777.0,0.0,18.0,1274.0,654.0,3110.0,50.0,104.0,822.0,728.0,224.0,3110.0,0.0,0.0,0.0,4.0,0.0,0.0,1.0,0.0,0.0,0.0,0.0,0.0,0.0,0.0,6.0,0.0,0.0,5009.0,0.0,0.0,1.0,1.0,0.0,1.0,0.0,0.0,1.0,0.0,0.0,0.0,0.0,0.0,0.0,0.0,0.0,0.0,0.0,0.0,0.0,0.0,0.0,0.0,0.0,0.0,14.0,0.0,0.0,0.0,0.0,0.0,0.0,0.0,0.0,0.0,0.0,0.0,0.0,0.0,0.0,0.0,967.0,1229.0,643.0,687.0,1512.0,2054,2209,1.075,116.0,1,8.0,9.0,615924.0,810377.0,1426301.0,16755.0,4719,148,395,3671,30.0,223,57117.0,15,8.6,8.5,499358,54994,14146,63160,82665,214965,15884,64.9
경기수원서부경찰서,2018,20.0,0.0,1707.0,108.0,0.0,87.0,1.0,51.0,0.0,0.0,67.0,1.0,0.0,106.0,0.0,289.0,0.0,40.0,1.0,416.0,0.0,0.0,0.0,1179.0,0.0,9.0,1015.0,437.0,589.0,38.0,87.0,544.0,552.0,230.0,590.0,0.0,0.0,0.0,1.0,0.0,0.0,0.0,0.0,0.0,0.0,0.0,0.0,0.0,0.0,4.0,0.0,0.0,2029.0,0.0,0.0,0.0,0.0,0.0,0.0,0.0,0.0,0.0,0.0,0.0,1.0,0.0,0.0,0.0,0.0,0.0,0.0,0.0,0.0,0.0,0.0,0.0,0.0,0.0,1.0,5.0,0.0,0.0,0.0,0.0,0.0,0.0,0.0,0.0,0.0,0.0,0.0,0.0,0.0,0.0,0.0,90.0,267.0,419.0,498.0,767.0,1642,1548,0.943,135.0,0,24.0,24.0,1347730.0,1099781.0,2447511.0,24691.0,2919,102,258,3961,28.0,79,29804.0,49,18.55,16.65,299424,54994,14146,63160,82665,214965,26522,69.19999999999999
경기수원중부경찰서,2018,11.0,0.0,2909.0,280.0,0.0,133.0,0.0,74.0,0.0,0.0,53.0,3.0,1.0,532.0,0.0,1103.0,0.0,155.0,0.0,311.0,0.0,0.0,0.0,1331.0,0.0,24.0,1273.0,751.0,1436.0,37.0,103.0,684.0,847.0,353.0,1436.0,0.0,0.0,0.0,3.0,0.0,0.0,0.0,0.0,0.0,0.0,0.0,0.0,0.0,0.0,3.0,0.0,0.0,3445.0,1.0,1.0,0.0,1.0,0.0,0.0,0.0,0.0,0.0,0.0,0.0,0.0,0.0,0.0,0.0,0.0,1.0,0.0,0.0,0.0,0.0,1.0,0.0,0.0,0.0,0.0,3.0,0.0,0.0,0.0,0.0,1.0,0.0,0.0,0.0,0.0,0.0,0.0,0.0,0.0,0.0,0.0,331.0,465.0,742.0,835.0,1087.0,1975,1941,0.983,119.0,0,10.0,10.0,516852.0,543848.0,1060700.0,12500.0,4447,96,333,6736,21.0,157,42710.0,23,16.1,12.9,402384,54994,14146,63160,82665,214965,21525,66.65
경남마산동부경찰서,2018,1.0,0.0,850.0,64.0,1.0,50.0,0.0,40.0,0.0,0.0,17.0,3.0,2.0,266.0,0.0,381.0,0.0,10.0,0.0,139.0,0.0,0.0,0.0,214.0,0.0,8.0,232.0,157.0,634.0,15.0,23.0,104.0,150.0,97.0,634.0,0.0,0.0,0.0,1.0,0.0,1.0,0.0,0.0,0.0,0.0,0.0,1.0,0.0,0.0,1.0,0.0,0.0,1014.0,0.0,0.0,0.0,0.0,0.0,0.0,0.0,0.0,0.0,0.0,0.0,0.0,0.0,0.0,0.0,0.0,1.0,0.0,0.0,0.0,0.0,0.0,0.0,0.0,0.0,0.0,4.0,0.0,0.0,0.0,0.0,0.0,0.0,0.0,0.0,0.0,0.0,0.0,0.0,0.0,0.0,0.0,136.0,140.0,161.0,190.0,396.0,1490,1592,1.068,76.0,2,4.0,6.0,148990.0,109214.0,258204.0,3397.0,1218,65,185,5647,11.0,337,20069.0,15,15.1,13.4,197683,76386,17619,86290,108663,288958,4234,67.7
경남마산중부경찰서,2018,0.0,0.0,929.0,128.0,0.0,44.0,0.0,0.0,0.0,0.0,29.0,2.0,0.0,128.0,0.0,432.0,1.0,55.0,2.0,184.0,0.0,0.0,0.0,324.0,0.0,2.0,321.0,235.0,574.0,17.0,13.0,139.0,234.0,153.0,574.0,0.0,0.0,0.0,0.0,0.0,0.0,0.0,0.0,0.0,0.0,0.0,0.0,0.0,0.0,1.0,0.0,0.0,1128.0,0.0,0.0,0.0,0.0,0.0,0.0,0.0,0.0,0.0,0.0,0.0,0.0,0.0,0.0,0.0,0.0,0.0,0.0,0.0,0.0,0.0,0.0,0.0,0.0,0.0,0.0,1.0,0.0,0.0,0.0,0.0,0.0,0.0,0.0,0.0,0.0,0.0,0.0,0.0,0.0,0.0,0.0,82.0,170.0,185.0,271.0,422.0,1098,1111,1.012,105.0,0,2.0,2.0,236060.0,209335.0,445395.0,4242.0,913,55,142,6843,13.0,487,21903.0,14,15.6,16.5,197683,76386,17619,86290,108663,288958,3580,66.85
경남진주경찰서,2018,0.0,0.0,1671.0,130.0,0.0,84.0,0.0,1.0,0.0,0.0,11.0,11.0,2.0,151.0,0.0,691.0,2.0,41.0,0.0,530.0,0.0,1.0,0.0,466.0,0.0,2.0,491.0,290.0,1116.0,31.0,41.0,234.0,280.0,195.0,1116.0,0.0,0.0,0.0,32.0,0.0,0.0,0.0,0.0,0.0,0.0,0.0,0.0,0.0,0.0,2.0,0.0,0.0,1857.0,0.0,0.0,0.0,0.0,0.0,0.0,0.0,0.0,2.0,0.0,0.0,0.0,0.0,0.0,0.0,0.0,0.0,0.0,0.0,0.0,0.0,0.0,0.0,0.0,0.0,0.0,4.0,0.0,0.0,0.0,0.0,0.0,0.0,0.0,0.0,0.0,0.0,0.0,0.0,0.0,0.0,0.0,135.0,296.0,280.0,368.0,818.0,1983,2029,1.023,234.0,0,2.0,2.0,591462.0,603250.0,1194712.0,5106.0,2709,127,289,6153,40.0,370,42140.0,24,13.8,9.6,352333,38161,9848,44325,46154,138488,8855,68.7
경남진해경찰서,2018,0.0,0.0,949.0,48.0,0.0,41.0,0.0,5.0,0.0,0.0,10.0,4.0,2.0,109.0,0.0,385.0,1.0,5.0,0.0,168.0,0.0,0.0,0.0,378.0,0.0,1.0,334.0,151.0,568.0,19.0,27.0,165.0,186.0,87.0,569.0,0.0,0.0,0.0,2.0,0.0,0.0,0.0,0.0,0.0,0.0,0.0,0.0,0.0,0.0,3.0,0.0,0.0,1044.0,0.0,0.0,0.0,0.0,0.0,0.0,0.0,0.0,0.0,0.0,0.0,0.0,0.0,0.0,0.0,0.0,1.0,0.0,0.0,0.0,0.0,0.0,0.0,0.0,0.0,0.0,2.0,0.0,0.0,0.0,0.0,0.0,0.0,0.0,0.0,0.0,0.0,0.0,1.0,0.0,0.0,0.0,85.0,121.0,170.0,244.0,433.0,1692,1850,1.093,132.0,0,3.0,3.0,188324.0,767869.0,956193.0,7244.0,1142,106,137,3218,39.0,304,19964.0,12,12.8,12.3,190276,76386,17619,86290,108663,288958,5954,66.95
경남창원서부경찰서,2018,0.0,0.0,1614.0,18.0,0.0,74.0,5.0,3.0,0.0,0.0,33.0,9.0,1.0,36.0,0.0,741.0,0.0,16.0,2.0,383.0,0.0,0.0,0.0,554.0,0.0,5.0,506.0,273.0,968.0,14.0,33.0,241.0,336.0,154.0,969.0,0.0,0.0,1.0,11.0,0.0,0.0,0.0,0.0,0.0,0.0,0.0,0.0,0.0,0.0,5.0,0.0,0.0,1728.0,1.0,0.0,0.0,0.0,0.0,0.0,0.0,0.0,0.0,0.0,0.0,0.0,0.0,0.0,0.0,0.0,0.0,0.0,0.0,0.0,0.0,0.0,0.0,0.0,0.0,0.0,1.0,0.0,0.0,0.0,0.0,0.0,0.0,0.0,0.0,0.0,0.0,0.0,0.0,0.0,0.0,0.0,242.0,238.0,275.0,309.0,683.0,1204,1132,0.94,157.0,0,4.0,4.0,464360.0,739830.0,1204190.0,7670.0,1050,140,155,6078,11.0,332,21387.0,17,13.7,12.2,184502,76386,17619,86290,108663,288958,4523,65.15
경남창원중부경찰서,2018,0.0,0.0,1290.0,15.0,0.0,66.0,0.0,179.0,0.0,0.0,15.0,14.0,0.0,210.0,0.0,530.0,1.0,3.0,4.0,272.0,0.0,0.0,0.0,528.0,0.0,3.0,455.0,280.0,830.0,22.0,28.0,268.0,298.0,117.0,832.0,0.0,0.0,0.0,10.0,0.0,0.0,0.0,0.0,0.0,0.0,0.0,0.0,2.0,0.0,2.0,0.0,0.0,1542.0,0.0,0.0,0.0,0.0,0.0,0.0,0.0,0.0,0.0,0.0,0.0,0.0,0.0,0.0,0.0,0.0,0.0,0.0,0.0,0.0,0.0,0.0,0.0,0.0,0.0,1.0,5.0,0.0,0.0,0.0,0.0,0.0,0.0,0.0,1.0,0.0,0.0,0.0,0.0,0.0,0.0,2.0,121.0,217.0,262.0,243.0,722.0,1731,1714,0.99,104.0,0,6.0,6.0,93472.0,191939.0,285411.0,2744.0,1429,136,201,2895,21.0,566,27203.0,18,16.2,15.4,295731,76386,17619,86290,108663,288958,8536,66.55
서울강남경찰서,2018,7.0,0.0,2521.0,573.0,0.0,115.0,0.0,239.0,1.0,0.0,227.0,2.0,0.0,800.0,1.0,1026.0,0.0,39.0,3.0,233.0,0.0,0.0,1.0,1542.0,0.0,36.0,1580.0,587.0,1516.0,11.0,42.0,1078.0,769.0,265.0,1518.0,0.0,0.0,0.0,19.0,0.0,0.0,0.0,0.0,0.0,0.0,0.0,0.0,0.0,0.0,5.0,0.0,0.0,3649.0,0.0,0.0,0.0,0.0,0.0,0.0,0.0,0.0,0.0,0.0,0.0,0.0,0.0,0.0,0.0,0.0,0.0,0.0,0.0,0.0,0.0,0.0,0.0,0.0,0.0,0.0,10.0,0.0,0.0,0.0,0.0,0.0,0.0,0.0,0.0,0.0,0.0,0.0,0.0,0.0,0.0,0.0,238.0,812.0,899.0,742.0,992.0,1246,1339,1.075,436.0,0,23.0,23.0,670429.0,954554.0,1624983.0,3727.0,3095,24,421,5031,604.0,297,45774.0,54,19.3,18.4,324936,23317,12601,36713,53373,126004,7760,66.55
서울강동경찰서,2018,11.0,0.0,1548.0,77.0,0.0,88.0,0.0,57.0,0.0,0.0,84.0,0.0,0.0,69.0,0.0,225.0,0.0,65.0,1.0,232.0,0.0,0.0,0.0,1268.0,0.0,5.0,941.0,473.0,451.0,33.0,69.0,472.0,536.0,301.0,454.0,0.0,0.0,0.0,9.0,0.0,1.0,0.0,0.0,0.0,0.0,0.0,0.0,0.0,0.0,2.0,0.0,0.0,1849.0,0.0,0.0,0.0,0.0,0.0,0.0,0.0,0.0,0.0,0.0,0.0,0.0,0.0,0.0,0.0,0.0,0.0,0.0,0.0,0.0,0.0,0.0,0.0,0.0,0.0,0.0,4.0,0.0,0.0,0.0,0.0,0.0,0.0,0.0,0.0,0.0,0.0,0.0,0.0,0.0,0.0,0.0,92.0,276.0,406.0,464.0,627.0,440,422,0.9590000000000001,324.0,4,15.0,19.0,236181.0,304444.0,540625.0,1669.0,2619,72,393,7505,1.0,213,42126.0,28,13.0,11.6,414231,26182,8745,34526,41823,111276,8764,67.15
서울강북경찰서,2018,7.0,0.0,1304.0,19.0,0.0,64.0,0.0,7.0,0.0,0.0,209.0,0.0,1.0,142.0,0.0,235.0,0.0,142.0,0.0,177.0,0.0,0.0,0.0,905.0,0.0,8.0,765.0,398.0,447.0,22.0,69.0,358.0,454.0,259.0,448.0,0.0,0.0,0.0,0.0,0.0,0.0,0.0,0.0,0.0,0.0,0.0,0.0,0.0,0.0,7.0,0.0,0.0,1600.0,0.0,0.0,0.0,0.0,0.0,0.0,0.0,0.0,0.0,0.0,0.0,0.0,0.0,0.0,0.0,0.0,0.0,0.0,0.0,0.0,0.0,0.0,0.0,0.0,0.0,0.0,3.0,0.0,0.0,0.0,0.0,0.0,0.0,0.0,0.0,0.0,0.0,0.0,0.0,0.0,0.0,0.0,71.0,277.0,334.0,409.0,519.0,726,725,0.9990000000000001,203.0,4,2.0,6.0,104658.0,112180.0,216838.0,1068.0,2299,41,347,8430,22.0,184,40872.0,26,16.1,13.9,309138,40657,14166,54794,69957,179574,7015,65.95
서울강서경찰서,2018,12.0,0.0,2398.0,264.0,0.0,118.0,0.0,46.0,0.0,0.0,94.0,3.0,4.0,1209.0,0.0,718.0,0.0,66.0,1.0,239.0,0.0,0.0,0.0,675.0,0.0,17.0,1077.0,523.0,1332.0,39.0,68.0,582.0,599.0,312.0,1332.0,0.0,0.0,0.0,2.0,0.0,0.0,0.0,0.0,0.0,0.0,0.0,0.0,0.0,0.0,5.0,0.0,0.0,2919.0,1.0,0.0,0.0,0.0,0.0,0.0,0.0,0.0,0.0,0.0,0.0,0.0,0.0,0.0,0.0,0.0,1.0,0.0,0.0,0.0,0.0,0.0,0.0,0.0,0.0,0.0,3.0,0.0,0.0,0.0,0.0,1.0,0.0,0.0,0.0,0.0,0.0,0.0,0.0,0.0,0.0,0.0,209.0,506.0,494.0,529.0,1194.0,721,753,1.044,383.0,2,18.0,20.0,196115.0,197286.0,393401.0,1027.0,2377,139,500,8573,766.0,289,73011.0,46,15.1,13.8,578539,43743,21221,76671,105084,246719,13192,68.2
서울관악경찰서,2018,4.0,0.0,1640.0,478.0,0.0,77.0,0.0,15.0,0.0,1.0,60.0,1.0,3.0,166.0,1.0,769.0,0.0,80.0,0.0,217.0,0.0,0.0,0.0,1021.0,0.0,17.0,914.0,360.0,1001.0,27.0,56.0,533.0,437.0,221.0,1001.0,0.0,0.0,0.0,4.0,0.0,0.0,0.0,0.0,0.0,0.0,0.0,0.0,0.0,0.0,7.0,0.0,0.0,2258.0,1.0,0.0,0.0,0.0,0.0,0.0,0.0,0.0,0.0,0.0,0.0,0.0,0.0,0.0,0.0,0.0,0.0,0.0,0.0,0.0,0.0,0.0,0.0,0.0,0.0,0.0,4.0,1.0,0.0,0.0,0.0,0.0,0.0,0.0,0.0,0.0,0.0,0.0,0.0,0.0,0.0,0.0,125.0,431.0,436.0,483.0,800.0,1224,1175,0.96,337.0,1,20.0,21.0,395475.0,421087.0,816562.0,2423.0,4825,78,493,11882,890.0,272,112733.0,34,13.8,12.0,510303,30517,14156,48673,63013,156359,30267,66.65
서울광진경찰서,2018,6.0,0.0,1500.0,237.0,0.0,68.0,0.0,149.0,0.0,0.0,15.0,3.0,1.0,211.0,0.0,621.0,0.0,24.0,1.0,202.0,0.0,0.0,0.0,902.0,0.0,10.0,772.0,324.0,879.0,28.0,56.0,433.0,409.0,168.0,881.0,0.0,0.0,0.0,3.0,0.0,0.0,0.0,1.0,0.0,0.0,0.0,0.0,0.0,0.0,4.0,0.0,0.0,1963.0,0.0,0.0,0.0,0.0,0.0,0.0,0.0,0.0,0.0,0.0,0.0,0.0,0.0,0.0,1.0,0.0,0.0,0.0,0.0,0.0,0.0,0.0,0.0,0.0,0.0,0.0,3.0,0.0,0.0,0.0,0.0,0.0,0.0,0.0,0.0,0.0,0.0,0.0,0.0,0.0,0.0,0.0,183.0,373.0,390.0,411.0,618.0,2151,2216,1.03,203.0,0,7.0,7.0,315690.0,342495.0,658185.0,3242.0,6459,34,380,9132,1449.0,93,56337.0,23,12.8,11.5,362304,25059,7424,28059,32091,92633,22554,69.4
서울구로경찰서,2018,6.0,0.0,1707.0,47.0,0.0,108.0,0.0,87.0,0.0,0.0,28.0,4.0,1.0,355.0,0.0,258.0,0.0,55.0,1.0,294.0,0.0,0.0,0.0,1000.0,0.0,15.0,962.0,512.0,509.0,36.0,71.0,510.0,556.0,299.0,511.0,0.0,0.0,0.0,3.0,0.0,1.0,0.0,0.0,0.0,0.0,0.0,0.0,0.0,0.0,5.0,0.0,0.0,1968.0,0.0,0.0,0.0,1.0,0.0,0.0,1.0,0.0,0.0,0.0,0.0,0.0,0.0,0.0,0.0,0.0,0.0,0.0,0.0,0.0,0.0,0.0,0.0,0.0,0.0,0.0,4.0,0.0,0.0,0.0,0.0,0.0,0.0,0.0,0.0,0.0,0.0,0.0,0.0,0.0,0.0,0.0,115.0,268.0,424.0,532.0,644.0,1943,2023,1.041,263.0,2,3.0,5.0,74308.0,165019.0,239327.0,910.0,3659,45,395,7816,722.0,107,44151.0,32,15.7,14.0,433765,22181,6584,26635,39943,95343,54089,68.4
서울금천경찰서,2018,4.0,0.0,1357.0,238.0,0.0,62.0,0.0,45.0,0.0,0.0,25.0,4.0,0.0,201.0,0.0,396.0,0.0,52.0,0.0,188.0,1.0,0.0,0.0,878.0,0.0,11.0,807.0,326.0,598.0,21.0,65.0,392.0,440.0,215.0,598.0,0.0,0.0,0.0,3.0,0.0,0.0,0.0,0.0,1.0,0.0,0.0,0.0,0.0,0.0,1.0,0.0,0.0,1719.0,0.0,0.0,0.0,0.0,1.0,0.0,0.0,0.0,0.0,0.0,0.0,0.0,0.0,0.0,0.0,1.0,1.0,0.0,0.0,0.0,0.0,0.0,0.0,1.0,0.0,0.0,3.0,0.0,0.0,0.0,0.0,0.0,0.0,0.0,0.0,0.0,0.0,0.0,0.0,0.0,0.0,0.0,90.0,263.0,382.0,437.0,559.0,672,729,1.085,168.0,0,8.0,8.0,55351.0,148455.0,203806.0,1213.0,4226,50,274,6260,511.0,118,34564.0,19,16.7,12.0,249344,23773,8196,33613,42754,108336,32556,65.25
서울남대문경찰서,2018,1.0,0.0,662.0,3.0,0.0,33.0,0.0,2.0,0.0,0.0,25.0,1.0,0.0,90.0,0.0,80.0,0.0,86.0,0.0,40.0,0.0,0.0,0.0,426.0,0.0,3.0,403.0,166.0,157.0,3.0,17.0,218.0,227.0,104.0,157.0,0.0,0.0,0.0,0.0,0.0,0.0,0.0,0.0,0.0,0.0,0.0,0.0,0.0,0.0,1.0,0.0,0.0,721.0,0.0,0.0,0.0,0.0,0.0,0.0,0.0,0.0,0.0,0.0,0.0,1.0,0.0,1.0,0.0,0.0,0.0,0.0,0.0,0.0,0.0,0.0,0.0,0.0,0.0,0.0,2.0,0.0,0.0,0.0,0.0,0.0,0.0,0.0,0.0,0.0,0.0,0.0,0.0,0.0,0.0,0.0,23.0,64.0,170.0,235.0,234.0,1087,1142,1.051,275.0,0,23.0,23.0,558830.0,698175.0,1257005.0,4571.0,725,16,186,1137,161.0,88,3473.0,7,11.4,9.7,75988,7397,2133,13901,23622,47053,2450,71.80000000000003
서울노원경찰서,2018,11.0,0.0,1688.0,118.0,0.0,118.0,0.0,75.0,0.0,0.0,141.0,1.0,0.0,397.0,0.0,330.0,0.0,78.0,2.0,313.0,0.0,0.0,0.0,1017.0,0.0,13.0,965.0,560.0,626.0,49.0,88.0,508.0,591.0,289.0,626.0,0.0,0.0,0.0,3.0,0.0,0.0,0.0,0.0,0.0,0.0,0.0,0.0,0.0,0.0,2.0,0.0,0.0,2141.0,0.0,0.0,0.0,0.0,0.0,0.0,0.0,0.0,0.0,0.0,0.0,1.0,0.0,0.0,0.0,0.0,0.0,0.0,0.0,0.0,0.0,0.0,0.0,1.0,0.0,0.0,1.0,0.0,0.0,0.0,0.0,1.0,0.0,0.0,0.0,0.0,0.0,0.0,0.0,1.0,0.0,0.0,91.0,387.0,459.0,589.0,625.0,968,1053,1.088,229.0,2,10.0,12.0,105994.0,225006.0,331000.0,1445.0,1998,167,415,4078,61.0,63,51280.0,43,15.4,12.5,534096,53212,27256,90159,114484,285111,7697,69.75
서울도봉경찰서,2018,3.0,0.0,973.0,4.0,0.0,58.0,0.0,1.0,0.0,0.0,48.0,4.0,0.0,168.0,0.0,139.0,0.0,117.0,0.0,180.0,1.0,0.0,0.0,473.0,0.0,5.0,470.0,282.0,335.0,28.0,46.0,198.0,270.0,210.0,335.0,0.0,0.0,0.0,1.0,0.0,0.0,0.0,0.0,0.0,0.0,0.0,0.0,0.0,0.0,0.0,0.0,0.0,1086.0,0.0,0.0,0.0,0.0,0.0,0.0,0.0,0.0,0.0,0.0,0.0,0.0,0.0,0.0,0.0,0.0,0.0,0.0,0.0,0.0,0.0,0.0,0.0,0.0,0.0,0.0,0.0,0.0,0.0,0.0,0.0,0.0,0.0,0.0,0.0,0.0,0.0,0.0,0.0,0.0,0.0,0.0,38.0,144.0,229.0,309.0,367.0,1290,1275,0.988,237.0,0,8.0,8.0,85113.0,116385.0,201498.0,850.0,10,71,273,6337,622.0,68,30848.0,24,13.9,14.3,328243,35606,10465,36914,43336,126321,4560,70.30000000000001
서울동대문경찰서,2018,5.0,0.0,1818.0,10.0,0.0,79.0,0.0,9.0,0.0,0.0,100.0,4.0,2.0,625.0,0.0,264.0,0.0,37.0,0.0,189.0,0.0,0.0,0.0,886.0,0.0,14.0,1048.0,505.0,468.0,26.0,84.0,516.0,578.0,348.0,469.0,0.0,0.0,0.0,5.0,0.0,0.0,0.0,0.0,0.0,0.0,0.0,0.0,0.0,0.0,2.0,0.0,0.0,2011.0,0.0,0.0,0.0,1.0,0.0,0.0,0.0,0.0,0.0,0.0,0.0,0.0,0.0,0.0,0.0,0.0,0.0,0.0,0.0,0.0,0.0,0.0,0.0,0.0,0.0,0.0,2.0,0.0,0.0,0.0,0.0,0.0,0.0,0.0,0.0,0.0,0.0,0.0,0.0,0.0,0.0,0.0,70.0,247.0,489.0,632.0,583.0,2021,2045,1.012,203.0,1,3.0,4.0,179873.0,529614.0,709487.0,3495.0,26,14,429,10730,2.0,150,55593.0,29,16.9,13.8,358141,26725,8825,39066,60913,135529,22318,70.0
서울동작경찰서,2018,10.0,0.0,1530.0,29.0,0.0,111.0,0.0,21.0,0.0,0.0,37.0,19.0,4.0,268.0,0.0,187.0,0.0,175.0,0.0,184.0,1.0,0.0,0.0,893.0,0.0,7.0,899.0,486.0,353.0,30.0,75.0,547.0,459.0,274.0,353.0,0.0,0.0,0.0,1.0,0.0,1.0,0.0,0.0,0.0,0.0,0.0,0.0,0.0,0.0,3.0,0.0,1.0,1719.0,6.0,0.0,0.0,0.0,0.0,0.0,0.0,0.0,0.0,0.0,0.0,0.0,4.0,1.0,0.0,0.0,0.0,0.0,0.0,0.0,0.0,0.0,0.0,0.0,0.0,0.0,2.0,0.0,0.0,0.0,0.0,0.0,0.0,0.0,0.0,0.0,0.0,0.0,0.0,0.0,0.0,0.0,104.0,269.0,400.0,404.0,561.0,1739,1886,1.085,205.0,4,9.0,13.0,103520.0,209405.0,312925.0,1526.0,2033,53,353,8848,891.0,83,56872.0,28,14.0,12.0,397980,19659,7501,27251,39287,93698,19970,66.80000000000001
서울마포경찰서,2018,9.0,0.0,2474.0,280.0,0.0,72.0,0.0,61.0,0.0,0.0,14.0,3.0,1.0,357.0,0.0,849.0,0.0,134.0,2.0,281.0,0.0,0.0,0.0,1264.0,0.0,19.0,1121.0,543.0,1246.0,31.0,102.0,697.0,586.0,247.0,1247.0,0.0,0.0,0.0,9.0,0.0,0.0,0.0,0.0,0.0,0.0,0.0,0.0,0.0,0.0,3.0,0.0,0.0,2892.0,0.0,0.0,0.0,0.0,0.0,0.0,0.0,0.0,0.0,0.0,0.0,0.0,0.0,0.0,0.0,0.0,0.0,0.0,0.0,0.0,0.0,0.0,0.0,0.0,0.0,0.0,6.0,0.0,0.0,0.0,0.0,0.0,0.0,0.0,0.0,0.0,0.0,0.0,0.0,0.0,0.0,0.0,211.0,691.0,523.0,634.0,851.0,746,692,0.9279999999999999,254.0,2,4.0,6.0,132459.0,150525.0,282984.0,1114.0,2317,82,458,7628,710.0,121,56837.0,27,14.0,12.5,368181,16051,8078,25907,37847,87883,14746,67.6
서울방배경찰서,2018,3.0,0.0,951.0,77.0,0.0,28.0,0.0,2.0,0.0,0.0,8.0,3.0,1.0,128.0,0.0,291.0,0.0,37.0,0.0,83.0,0.0,0.0,0.0,523.0,0.0,3.0,429.0,210.0,430.0,7.0,26.0,238.0,258.0,110.0,430.0,0.0,0.0,0.0,0.0,0.0,0.0,0.0,0.0,0.0,0.0,0.0,0.0,0.0,0.0,3.0,0.0,1.0,1064.0,0.0,0.0,0.0,0.0,0.0,0.0,0.0,0.0,0.0,0.0,0.0,0.0,0.0,0.0,0.0,0.0,0.0,0.0,0.0,0.0,0.0,0.0,0.0,0.0,0.0,0.0,1.0,0.0,0.0,0.0,0.0,0.0,0.0,0.0,0.0,0.0,0.0,0.0,0.0,0.0,0.0,0.0,84.0,192.0,232.0,231.0,330.0,1738,1711,0.9840000000000001,242.0,0,15.0,15.0,201149.0,646918.0,848067.0,3504.0,2691,25,141,3231,2.0,24,10750.0,26,11.6,10.5,136831,13609,5693,16649,21707,57658,2488,71.7
서울서대문경찰서,2018,3.0,9.0,1215.0,21.0,0.0,52.0,0.0,43.0,0.0,0.0,71.0,2.0,1.0,38.0,0.0,229.0,0.0,140.0,1.0,146.0,0.0,0.0,0.0,851.0,0.0,6.0,671.0,366.0,377.0,20.0,51.0,361.0,358.0,246.0,378.0,0.0,1.0,0.0,2.0,0.0,0.0,0.0,0.0,0.0,0.0,0.0,0.0,0.0,0.0,0.0,0.0,0.0,1409.0,0.0,0.0,0.0,0.0,0.0,0.0,0.0,0.0,0.0,0.0,0.0,0.0,0.0,0.0,0.0,0.0,0.0,0.0,0.0,0.0,1.0,0.0,0.0,0.0,0.0,0.0,1.0,0.0,0.0,0.0,0.0,0.0,0.0,0.0,0.0,0.0,0.0,0.0,0.0,0.0,0.0,0.0,80.0,209.0,326.0,364.0,435.0,1634,1729,1.058,229.0,4,9.0,13.0,236471.0,7641030.0,7877501.0,34400.0,2938,58,322,6938,356.0,75,44795.0,23,14.6,11.2,318874,22177,6467,23246,35914,87804,16065,67.65
서울서부경찰서,2018,2.0,0.0,565.0,3.0,0.0,23.0,0.0,40.0,0.0,0.0,12.0,0.0,0.0,58.0,0.0,99.0,0.0,65.0,0.0,98.0,0.0,1.0,0.0,324.0,0.0,0.0,281.0,158.0,206.0,14.0,27.0,134.0,152.0,112.0,206.0,0.0,0.0,0.0,0.0,0.0,0.0,0.0,0.0,0.0,0.0,0.0,0.0,0.0,0.0,1.0,0.0,2.0,639.0,0.0,0.0,0.0,0.0,0.0,0.0,0.0,0.0,0.0,0.0,0.0,0.0,0.0,0.0,0.0,0.0,0.0,0.0,0.0,0.0,0.0,0.0,0.0,0.0,0.0,0.0,3.0,0.0,0.0,0.0,0.0,0.0,0.0,0.0,0.0,0.0,0.0,0.0,0.0,0.0,0.0,0.0,28.0,88.0,163.0,157.0,209.0,2084,2031,0.975,214.0,5,10.0,15.0,217662.0,201841.0,419503.0,1960.0,1870,46,221,3546,191.0,96,21874.0,39,15.9,13.4,185584,48561,15383,52463,71341,187748,3559,66.0
서울서초경찰서,2018,7.0,0.0,2247.0,174.0,1.0,116.0,0.0,47.0,0.0,0.0,49.0,13.0,7.0,148.0,0.0,275.0,0.0,153.0,8.0,303.0,1.0,2.0,0.0,1709.0,0.0,22.0,1245.0,680.0,716.0,35.0,49.0,817.0,741.0,283.0,716.0,0.0,0.0,0.0,30.0,0.0,0.0,0.0,0.0,0.0,0.0,0.0,0.0,0.0,0.0,9.0,0.0,0.0,2592.0,0.0,0.0,0.0,0.0,2.0,0.0,0.0,0.0,0.0,0.0,0.0,0.0,0.0,0.0,0.0,0.0,0.0,0.0,0.0,0.0,0.0,0.0,0.0,0.0,0.0,0.0,7.0,0.0,0.0,0.0,0.0,1.0,0.0,0.0,0.0,0.0,0.0,0.0,0.0,0.0,0.0,0.0,143.0,356.0,666.0,711.0,765.0,2910,2847,0.978,242.0,0,15.0,15.0,201149.0,646918.0,848067.0,3504.0,4237,88,339,4405,1.0,115,30613.0,26,11.6,10.5,297120,13609,5693,16649,21707,57658,6224,68.85
서울성동경찰서,2018,8.0,0.0,1527.0,5.0,0.0,67.0,0.0,32.0,0.0,0.0,106.0,1.0,2.0,145.0,0.0,359.0,0.0,58.0,3.0,191.0,0.0,0.0,0.0,981.0,0.0,5.0,808.0,339.0,598.0,25.0,57.0,441.0,432.0,192.0,598.0,0.0,0.0,0.0,1.0,0.0,0.0,0.0,0.0,0.0,0.0,0.0,0.0,0.0,0.0,2.0,0.0,0.0,1737.0,0.0,0.0,0.0,0.0,0.0,0.0,0.0,0.0,0.0,0.0,0.0,0.0,0.0,0.0,0.0,0.0,0.0,0.0,0.0,0.0,0.0,0.0,0.0,0.0,0.0,0.0,4.0,0.0,0.0,0.0,0.0,0.0,0.0,0.0,1.0,0.0,0.0,0.0,0.0,0.0,0.0,0.0,72.0,313.0,389.0,444.0,527.0,2249,2362,1.05,212.0,0,12.0,12.0,162939.0,453146.0,616085.0,2906.0,3241,54,320,6228,751.0,62,40706.0,21,13.7,12.2,306796,17742,6463,25887,34515,84607,13555,67.85
서울성북경찰서,2018,5.0,0.0,1014.0,4.0,1.0,58.0,0.0,33.0,0.0,0.0,28.0,0.0,1.0,157.0,0.0,214.0,0.0,101.0,2.0,123.0,0.0,0.0,1.0,533.0,0.0,11.0,466.0,286.0,391.0,23.0,46.0,272.0,265.0,146.0,391.0,0.0,0.0,0.0,4.0,0.0,0.0,0.0,0.0,0.0,0.0,0.0,1.0,0.0,0.0,0.0,0.0,0.0,1131.0,0.0,0.0,0.0,0.0,0.0,0.0,1.0,0.0,0.0,0.0,0.0,0.0,1.0,0.0,0.0,0.0,1.0,0.0,0.0,0.0,0.0,0.0,0.0,0.0,0.0,0.0,2.0,0.0,0.0,0.0,0.0,1.0,0.0,0.0,1.0,0.0,0.0,0.0,0.0,0.0,0.0,0.0,72.0,197.0,218.0,303.0,353.0,718,687,0.9570000000000001,215.0,0,10.0,10.0,184258.0,303307.0,487565.0,2268.0,2015,29,252,7048,482.0,36,34379.0,35,15.8,13.6,255090,34363,11267,40341,57460,143431,10021,68.45
서울송파경찰서,2018,8.0,0.0,3346.0,80.0,0.0,164.0,0.0,200.0,0.0,0.0,128.0,3.0,1.0,464.0,0.0,555.0,0.0,97.0,1.0,385.0,0.0,0.0,2.0,2398.0,0.0,20.0,1862.0,981.0,1083.0,69.0,109.0,1115.0,1051.0,498.0,1084.0,1.0,0.0,0.0,8.0,0.0,0.0,0.0,0.0,0.0,1.0,0.0,0.0,0.0,0.0,4.0,0.0,0.0,3904.0,0.0,0.0,0.0,0.0,0.0,0.0,0.0,0.0,0.0,0.0,0.0,0.0,0.0,0.0,0.0,0.0,0.0,0.0,0.0,0.0,0.0,0.0,0.0,0.0,0.0,0.0,8.0,0.0,0.0,0.0,0.0,0.0,0.0,0.0,0.0,0.0,0.0,0.0,0.0,0.0,0.0,0.0,188.0,618.0,852.0,1026.0,1242.0,1069,1061,0.993,340.0,0,28.0,28.0,390994.0,579257.0,970251.0,2854.0,2096,140,538,8817,834.0,241,63451.0,34,10.1,9.3,638167,31969,10612,33782,40033,116396,13112,71.0
서울수서경찰서,2018,7.0,0.0,1669.0,151.0,0.0,70.0,0.0,76.0,0.0,0.0,31.0,5.0,0.0,268.0,1.0,214.0,0.0,55.0,2.0,186.0,0.0,1.0,0.0,1262.0,0.0,10.0,1030.0,529.0,445.0,30.0,72.0,648.0,563.0,245.0,446.0,0.0,0.0,0.0,4.0,0.0,0.0,0.0,0.0,0.0,0.0,0.0,1.0,0.0,0.0,2.0,0.0,0.0,1984.0,0.0,0.0,0.0,0.0,0.0,0.0,0.0,0.0,0.0,0.0,0.0,0.0,0.0,0.0,0.0,0.0,1.0,0.0,0.0,0.0,0.0,0.0,0.0,0.0,0.0,0.0,11.0,0.0,0.0,0.0,0.0,0.0,0.0,0.0,0.0,0.0,0.0,0.0,0.0,1.0,0.0,0.0,93.0,252.0,450.0,529.0,680.0,769,849,1.104,436.0,0,23.0,23.0,670429.0,954554.0,1624983.0,3727.0,3124,70,312,3031,696.0,115,20383.0,54,19.3,18.4,217428,23317,12601,36713,53373,126004,2846,71.35
서울양천경찰서,2018,7.0,0.0,1613.0,301.0,0.0,108.0,1.0,4.0,0.0,0.0,32.0,3.0,1.0,467.0,0.0,236.0,0.0,65.0,0.0,206.0,0.0,0.0,2.0,1085.0,0.0,1.0,944.0,560.0,562.0,50.0,90.0,464.0,600.0,300.0,562.0,0.0,1.0,0.0,3.0,0.0,0.0,0.0,0.0,0.0,0.0,0.0,0.0,0.0,0.0,3.0,0.0,0.0,2055.0,0.0,0.0,0.0,0.0,0.0,0.0,0.0,0.0,0.0,0.0,0.0,0.0,0.0,0.0,0.0,0.0,0.0,0.0,0.0,0.0,0.0,0.0,0.0,0.0,0.0,0.0,4.0,0.0,0.0,0.0,0.0,0.0,0.0,0.0,0.0,0.0,0.0,0.0,0.0,0.0,0.0,0.0,133.0,284.0,460.0,514.0,675.0,643,631,0.981,219.0,1,11.0,12.0,136819.0,220750.0,357569.0,1633.0,2921,95,376,7113,624.0,72,34304.0,22,9.4,7.6,445591,34353,9758,35547,46213,125871,8418,70.1
서울영등포경찰서,2018,5.0,0.0,3203.0,150.0,0.0,91.0,0.0,6.0,0.0,0.0,21.0,5.0,3.0,528.0,0.0,798.0,0.0,87.0,0.0,253.0,0.0,0.0,0.0,1779.0,0.0,23.0,1808.0,722.0,946.0,57.0,86.0,1021.0,936.0,424.0,952.0,0.0,0.0,0.0,4.0,0.0,0.0,0.0,1.0,0.0,0.0,0.0,0.0,0.0,0.0,5.0,0.0,0.0,3449.0,4.0,0.0,0.0,0.0,3.0,0.0,0.0,0.0,0.0,0.0,0.0,0.0,1.0,0.0,0.0,0.0,1.0,0.0,0.0,0.0,0.0,0.0,0.0,0.0,0.0,0.0,7.0,0.0,0.0,1.0,0.0,0.0,0.0,0.0,0.0,0.0,0.0,0.0,0.0,0.0,0.0,0.0,182.0,524.0,710.0,806.0,1254.0,1414,1379,0.975,258.0,4,23.0,27.0,228065.0,476128.0,704193.0,2729.0,3775,44,513,7951,952.0,342,53477.0,25,13.8,12.6,395286,14291,4965,27787,42434,89477,56483,67.85
서울용산경찰서,2018,6.0,0.0,1686.0,206.0,0.0,73.0,0.0,118.0,0.0,0.0,30.0,4.0,3.0,320.0,0.0,366.0,0.0,81.0,1.0,258.0,0.0,0.0,0.0,1056.0,0.0,30.0,984.0,425.0,710.0,15.0,42.0,631.0,500.0,222.0,709.0,0.0,0.0,0.0,28.0,0.0,0.0,0.0,0.0,0.0,0.0,0.0,1.0,0.0,0.0,6.0,0.0,0.0,2071.0,0.0,0.0,0.0,1.0,0.0,0.0,0.0,0.0,0.0,0.0,0.0,0.0,0.0,0.0,0.0,0.0,0.0,0.0,0.0,0.0,0.0,0.0,0.0,0.0,0.0,0.0,10.0,0.0,1.0,0.0,0.0,0.0,0.0,1.0,0.0,0.0,0.0,0.0,0.0,0.0,0.0,0.0,121.0,408.0,474.0,496.0,620.0,1263,1332,1.055,211.0,1,6.0,7.0,123288.0,271615.0,394903.0,1872.0,2051,45,343,9980,996.0,122,34240.0,18,16.0,14.6,226938,12180,3455,21583,32765,69983,20841,69.9
서울은평경찰서,2018,3.0,0.0,895.0,30.0,0.0,49.0,0.0,256.0,0.0,0.0,17.0,1.0,0.0,304.0,0.0,295.0,1.0,105.0,0.0,74.0,0.0,0.0,0.0,466.0,0.0,4.0,418.0,253.0,579.0,23.0,37.0,205.0,247.0,158.0,580.0,0.0,0.0,0.0,0.0,0.0,0.0,0.0,0.0,0.0,0.0,0.0,0.0,0.0,0.0,0.0,0.0,0.0,1243.0,0.0,0.0,0.0,0.0,0.0,0.0,0.0,0.0,0.0,0.0,0.0,0.0,0.0,0.0,0.0,0.0,0.0,0.0,0.0,0.0,0.0,1.0,0.0,0.0,0.0,0.0,6.0,0.0,0.0,0.0,0.0,0.0,0.0,0.0,0.0,0.0,0.0,0.0,0.0,0.0,0.0,0.0,121.0,338.0,222.0,242.0,327.0,419,395,0.943,214.0,5,10.0,15.0,217662.0,201841.0,419503.0,1960.0,1796,54,203,4502,255.0,117,30414.0,39,15.9,13.4,297613,48561,15383,52463,71341,187748,5338,68.80000000000001
서울종로경찰서,2018,4.0,0.0,660.0,4.0,0.0,39.0,0.0,76.0,0.0,0.0,21.0,1.0,0.0,104.0,0.0,133.0,0.0,83.0,2.0,100.0,0.0,0.0,0.0,379.0,0.0,2.0,394.0,190.0,220.0,5.0,23.0,216.0,220.0,120.0,220.0,0.0,0.0,0.0,0.0,0.0,0.0,0.0,0.0,0.0,0.0,0.0,0.0,0.0,0.0,1.0,0.0,0.0,802.0,0.0,0.0,0.0,0.0,0.0,0.0,0.0,0.0,0.0,0.0,0.0,0.0,0.0,0.0,0.0,0.0,0.0,0.0,0.0,0.0,0.0,0.0,0.0,0.0,0.0,0.0,1.0,0.0,0.0,0.0,0.0,0.0,0.0,0.0,0.0,0.0,0.0,0.0,0.0,0.0,0.0,0.0,42.0,84.0,174.0,187.0,317.0,645,602,0.9329999999999999,254.0,14,22.0,36.0,279955.0,294345.0,574300.0,2261.0,805,29,285,5259,68.0,150,34042.0,8,10.6,9.6,77077,6604,2155,12664,22408,43831,3395,72.85
서울종암경찰서,2018,3.0,0.0,734.0,6.0,0.0,41.0,0.0,26.0,0.0,0.0,29.0,0.0,2.0,58.0,0.0,75.0,0.0,142.0,1.0,125.0,0.0,1.0,0.0,431.0,0.0,4.0,397.0,208.0,234.0,18.0,24.0,209.0,235.0,119.0,234.0,0.0,0.0,0.0,1.0,0.0,0.0,0.0,0.0,0.0,0.0,0.0,0.0,0.0,0.0,1.0,0.0,0.0,836.0,0.0,0.0,0.0,0.0,0.0,0.0,0.0,0.0,0.0,0.0,0.0,0.0,0.0,0.0,0.0,0.0,0.0,0.0,0.0,0.0,0.0,0.0,0.0,0.0,0.0,0.0,1.0,0.0,0.0,0.0,0.0,0.0,0.0,0.0,0.0,0.0,0.0,0.0,0.0,0.0,0.0,0.0,32.0,141.0,190.0,221.0,255.0,502,560,1.1159999999999999,215.0,0,10.0,10.0,184258.0,303307.0,487565.0,2268.0,1855,22,176,5751,442.0,21,23329.0,35,15.8,13.6,180778,34363,11267,40341,57460,143431,6752,67.65
서울중랑경찰서,2018,8.0,0.0,1687.0,177.0,1.0,67.0,0.0,54.0,0.0,0.0,28.0,2.0,1.0,515.0,0.0,188.0,0.0,21.0,1.0,180.0,0.0,0.0,0.0,1104.0,0.0,10.0,955.0,500.0,567.0,42.0,90.0,471.0,557.0,295.0,567.0,0.0,0.0,0.0,2.0,0.0,0.0,0.0,0.0,0.0,0.0,0.0,0.0,0.0,0.0,1.0,0.0,0.0,2014.0,0.0,0.0,0.0,0.0,1.0,0.0,0.0,0.0,0.0,0.0,0.0,0.0,0.0,0.0,0.0,0.0,0.0,0.0,0.0,0.0,0.0,0.0,0.0,0.0,0.0,0.0,2.0,0.0,0.0,0.0,0.0,0.0,0.0,0.0,2.0,0.0,0.0,0.0,0.0,0.0,0.0,0.0,87.0,309.0,400.0,562.0,664.0,1650,1397,0.847,254.0,2,8.0,10.0,103281.0,98140.0,201421.0,793.0,4469,54,406,8132,1682.0,115,49207.0,26,12.9,10.1,391668,48897,12032,54011,67751,182691,9132,66.8
서울중부경찰서,2018,3.0,0.0,710.0,11.0,0.0,36.0,0.0,49.0,0.0,0.0,62.0,0.0,2.0,133.0,0.0,179.0,0.0,45.0,0.0,74.0,0.0,0.0,0.0,430.0,0.0,8.0,379.0,167.0,325.0,3.0,11.0,246.0,191.0,95.0,325.0,0.0,0.0,0.0,0.0,0.0,0.0,0.0,0.0,0.0,0.0,0.0,0.0,0.0,0.0,2.0,0.0,0.0,863.0,0.0,0.0,0.0,0.0,0.0,0.0,0.0,0.0,0.0,0.0,0.0,0.0,0.0,0.0,0.0,0.0,3.0,0.0,0.0,0.0,0.0,0.0,0.0,0.0,0.0,0.0,3.0,0.0,0.0,0.0,0.0,0.0,0.0,0.0,0.0,0.0,0.0,0.0,0.0,0.0,0.0,0.0,47.0,164.0,209.0,219.0,232.0,2641,2613,0.9890000000000001,275.0,0,23.0,23.0,558830.0,698175.0,1257005.0,4571.0,1563,14,236,4933,332.0,206,17884.0,7,11.4,9.7,102868,7397,2133,13901,23622,47053,10736,69.55
서울혜화경찰서,2018,4.0,1.0,800.0,3.0,0.0,29.0,0.0,6.0,0.0,0.0,10.0,0.0,2.0,118.0,0.0,197.0,0.0,39.0,0.0,66.0,0.0,0.0,0.0,340.0,0.0,91.0,344.0,145.0,364.0,3.0,18.0,175.0,184.0,109.0,364.0,0.0,0.0,0.0,0.0,0.0,0.0,0.0,0.0,0.0,0.0,0.0,0.0,0.0,0.0,1.0,0.0,0.0,850.0,0.0,0.0,0.0,0.0,0.0,0.0,0.0,0.0,0.0,0.0,0.0,0.0,0.0,0.0,0.0,0.0,0.0,0.0,0.0,0.0,0.0,0.0,0.0,0.0,0.0,0.0,1.0,0.0,0.0,0.0,0.0,0.0,0.0,0.0,1.0,0.0,0.0,0.0,0.0,0.0,0.0,0.0,33.0,119.0,179.0,270.0,252.0,2279,2379,1.044,254.0,14,22.0,36.0,279955.0,294345.0,574300.0,2261.0,784,13,213,4256,42.0,143,40058.0,8,10.6,9.6,75988,6604,2155,12664,22408,43831,9617,65.15
충남세종경찰서,2018,14.0,0.0,1043.0,158.0,0.0,57.0,3.0,16.0,0.0,0.0,56.0,5.0,5.0,19.0,0.0,256.0,0.0,10.0,0.0,637.0,0.0,1.0,0.0,409.0,0.0,5.0,516.0,284.0,547.0,29.0,35.0,285.0,322.0,129.0,547.0,0.0,0.0,0.0,9.0,0.0,0.0,0.0,0.0,2.0,0.0,0.0,0.0,0.0,0.0,3.0,0.0,0.0,1325.0,0.0,0.0,0.0,0.0,0.0,0.0,0.0,0.0,0.0,0.0,0.0,0.0,0.0,0.0,0.0,0.0,1.0,0.0,0.0,0.0,0.0,1.0,1.0,0.0,0.0,0.0,5.0,0.0,0.0,0.0,0.0,0.0,0.0,0.0,0.0,0.0,0.0,0.0,0.0,0.0,0.0,0.0,74.0,200.0,248.0,303.0,522.0,1228,1137,0.9259999999999999,236.0,3,50.0,53.0,8548417.0,1773184.0,10321601.0,43736.0,2527,88,178,10410,39.0,66,35763.0,21,14.2,12.2,312374,13824,3147,12756,17874,47601,8187,64.05
경기수원남부경찰서,2019,5.0,0.0,3795.0,226.0,0.0,145.0,0.0,10.0,0.0,0.0,43.0,5.0,0.0,150.0,0.0,1806.0,0.0,46.0,1.0,582.0,0.0,1.0,0.0,1614.0,2.0,17.0,1108.0,595.0,2521.0,43.0,59.0,738.0,641.0,221.0,2522.0,0.0,0.0,0.0,10.0,0.0,0.0,0.0,0.0,0.0,0.0,0.0,1.0,0.0,0.0,11.0,0.0,0.0,4185.0,2.0,0.0,0.0,0.0,0.0,0.0,0.0,0.0,0.0,0.0,0.0,0.0,0.0,0.0,0.0,0.0,3.0,0.0,0.0,0.0,0.0,0.0,0.0,0.0,0.0,0.0,12.0,0.0,0.0,0.0,0.0,0.0,0.0,0.0,0.0,0.0,0.0,0.0,0.0,0.0,0.0,0.0,580.0,980.0,660.0,683.0,1321.0,1745,1698,0.973,152.0,1,9.0,10.0,1329649.0,2179521.0,3509170.0,31093.0,4719,148,395,3671,79.0,223,61423.0,29,16.2,16.1,509352,51840,16442,72299,107942,248523,16482,69.30000000000001
경기수원서부경찰서,2019,4.0,0.0,1560.0,76.0,0.0,81.0,2.0,158.0,0.0,0.0,61.0,0.0,3.0,112.0,0.0,413.0,0.0,15.0,1.0,342.0,0.0,0.0,0.0,1048.0,1.0,7.0,800.0,415.0,727.0,28.0,60.0,478.0,474.0,174.0,728.0,0.0,0.0,0.0,1.0,0.0,0.0,0.0,0.0,0.0,0.0,0.0,0.0,0.0,0.0,1.0,0.0,0.0,1934.0,1.0,0.0,0.0,0.0,0.0,0.0,0.0,0.0,0.0,0.0,0.0,0.0,0.0,0.0,0.0,0.0,0.0,0.0,0.0,0.0,0.0,0.0,0.0,0.0,0.0,0.0,5.0,0.0,0.0,0.0,0.0,0.0,0.0,0.0,0.0,0.0,0.0,0.0,0.0,0.0,0.0,0.0,87.0,208.0,404.0,450.0,793.0,1499,1515,1.011,164.0,0,16.0,16.0,503378.0,660681.0,1164059.0,9459.0,2919,102,258,3961,62.0,79,30996.0,61,20.75,17.85,294591,51840,16442,72299,107942,248523,27419,68.45
경기수원중부경찰서,2019,2.0,0.0,2425.0,154.0,0.0,70.0,0.0,67.0,0.0,0.0,27.0,1.0,4.0,299.0,1.0,854.0,0.0,147.0,1.0,310.0,0.0,0.0,1.0,1103.0,0.0,24.0,1004.0,603.0,1138.0,54.0,87.0,515.0,635.0,316.0,1138.0,0.0,0.0,0.0,12.0,0.0,0.0,0.0,0.0,0.0,0.0,0.0,0.0,0.0,0.0,0.0,0.0,1.0,2730.0,0.0,0.0,0.0,0.0,0.0,0.0,0.0,0.0,0.0,0.0,0.0,0.0,0.0,0.0,0.0,0.0,0.0,0.0,0.0,0.0,0.0,0.0,0.0,0.0,0.0,0.0,2.0,0.0,0.0,0.0,0.0,0.0,0.0,0.0,0.0,0.0,0.0,0.0,0.0,0.0,0.0,0.0,191.0,334.0,537.0,685.0,998.0,692,629,0.909,137.0,0,8.0,8.0,434748.0,428111.0,862859.0,8160.0,4447,96,333,6736,48.0,157,44304.0,20,14.4,13.2,390522,51840,16442,72299,107942,248523,22453,70.8
경남마산동부경찰서,2019,1.0,0.0,594.0,193.0,0.0,63.0,0.0,147.0,0.0,0.0,28.0,1.0,0.0,113.0,0.0,436.0,0.0,55.0,0.0,171.0,0.0,0.0,0.0,246.0,0.0,4.0,240.0,163.0,623.0,12.0,18.0,126.0,143.0,104.0,623.0,0.0,0.0,0.0,7.0,0.0,0.0,0.0,0.0,0.0,0.0,0.0,0.0,0.0,0.0,1.0,0.0,0.0,1011.0,0.0,0.0,0.0,0.0,0.0,0.0,0.0,0.0,0.0,0.0,0.0,1.0,0.0,0.0,0.0,0.0,2.0,0.0,0.0,0.0,0.0,0.0,0.0,0.0,0.0,0.0,3.0,0.0,0.0,0.0,0.0,1.0,0.0,0.0,0.0,0.0,0.0,0.0,0.0,0.0,0.0,0.0,156.0,224.0,156.0,177.0,313.0,1143,1152,1.008,85.0,1,3.0,4.0,94566.0,125708.0,220274.0,2591.0,1218,65,185,5647,11.0,337,20331.0,15,15.5,18.8,192446,76041,21576,97938,139708,335263,4431,67.9
경남마산중부경찰서,2019,0.0,0.0,862.0,90.0,0.0,51.0,0.0,0.0,0.0,0.0,12.0,1.0,0.0,59.0,0.0,360.0,0.0,68.0,6.0,105.0,0.0,0.0,0.0,412.0,1.0,3.0,305.0,198.0,512.0,14.0,19.0,127.0,182.0,161.0,512.0,0.0,0.0,0.0,0.0,0.0,0.0,0.0,0.0,0.0,0.0,0.0,0.0,0.0,0.0,1.0,0.0,0.0,1011.0,0.0,0.0,0.0,0.0,0.0,0.0,0.0,0.0,0.0,0.0,0.0,0.0,0.0,0.0,0.0,0.0,1.0,0.0,0.0,0.0,0.0,0.0,0.0,0.0,0.0,0.0,2.0,0.0,0.0,0.0,0.0,0.0,0.0,0.0,0.0,0.0,0.0,0.0,0.0,0.0,0.0,0.0,70.0,112.0,258.0,260.0,315.0,1026,1064,1.037,129.0,1,4.0,5.0,246655.0,979273.0,1225928.0,9503.0,913,55,142,6843,13.0,487,23383.0,10,11.2,11.7,192446,76041,21576,97938,139708,335263,3897,70.15
경남진주경찰서,2019,0.0,0.0,1386.0,129.0,0.0,84.0,3.0,5.0,0.0,0.0,5.0,2.0,1.0,157.0,0.0,561.0,0.0,36.0,2.0,445.0,0.0,1.0,0.0,398.0,0.0,9.0,430.0,272.0,910.0,18.0,45.0,186.0,275.0,178.0,910.0,0.0,0.0,0.0,59.0,0.0,0.0,0.0,0.0,0.0,0.0,0.0,0.0,0.0,0.0,2.0,0.0,0.0,1548.0,0.0,0.0,0.0,0.0,0.0,0.0,0.0,0.0,0.0,0.0,0.0,0.0,0.0,0.0,0.0,0.0,0.0,1.0,0.0,0.0,0.0,0.0,0.0,0.0,0.0,0.0,2.0,0.0,0.0,0.0,0.0,0.0,0.0,0.0,0.0,0.0,0.0,0.0,0.0,0.0,0.0,0.0,103.0,203.0,292.0,325.0,689.0,1942,1873,0.9640000000000001,260.0,1,3.0,4.0,496350.0,686827.0,1183177.0,4551.0,2709,127,289,6153,168.0,370,44003.0,28,16.1,15.1,354166,36456,10784,47973,57053,152266,9741,69.35
경남진해경찰서,2019,1.0,0.0,782.0,23.0,0.0,53.0,0.0,108.0,0.0,0.0,11.0,22.0,0.0,120.0,0.0,137.0,1.0,6.0,1.0,172.0,0.0,0.0,0.0,518.0,0.0,1.0,433.0,229.0,316.0,20.0,29.0,211.0,278.0,124.0,316.0,1.0,0.0,1.0,10.0,0.0,0.0,0.0,0.0,0.0,0.0,0.0,0.0,0.0,0.0,3.0,0.0,0.0,959.0,0.0,0.0,0.0,0.0,0.0,0.0,0.0,0.0,0.0,0.0,0.0,0.0,0.0,0.0,0.0,0.0,0.0,0.0,0.0,0.0,0.0,0.0,0.0,0.0,0.0,0.0,1.0,0.0,0.0,0.0,0.0,0.0,0.0,0.0,1.0,2.0,0.0,0.0,0.0,0.0,0.0,0.0,43.0,90.0,239.0,293.0,313.0,3926,3968,1.011,138.0,2,4.0,6.0,164990.0,381914.0,546904.0,3963.0,1142,106,137,3218,39.0,304,20962.0,15,15.9,16.0,190885,76041,21576,97938,139708,335263,6383,67.9
경남창원서부경찰서,2019,0.0,0.0,1069.0,324.0,0.0,29.0,0.0,5.0,0.0,3.0,13.0,4.0,1.0,51.0,0.0,544.0,1.0,11.0,0.0,361.0,0.0,0.0,0.0,463.0,0.0,7.0,424.0,257.0,762.0,19.0,21.0,198.0,284.0,159.0,762.0,0.0,0.0,0.0,30.0,0.0,0.0,0.0,0.0,0.0,0.0,1.0,0.0,0.0,0.0,2.0,0.0,0.0,1402.0,0.0,0.0,0.0,0.0,0.0,0.0,0.0,0.0,0.0,0.0,0.0,0.0,0.0,0.0,0.0,0.0,1.0,0.0,0.0,0.0,0.0,0.0,0.0,0.0,0.0,0.0,3.0,0.0,0.0,0.0,0.0,2.0,1.0,0.0,1.0,0.0,0.0,0.0,0.0,0.0,0.0,0.0,176.0,188.0,297.0,304.0,478.0,3609,3838,1.063,163.0,0,5.0,5.0,202946.0,741553.0,944499.0,5794.0,1050,140,155,6078,11.0,332,22109.0,27,21.6,20.6,189712,76041,21576,97938,139708,335263,4670,70.0
경남창원중부경찰서,2019,0.0,0.0,900.0,166.0,0.0,30.0,0.0,52.0,0.0,0.0,7.0,8.0,0.0,109.0,0.0,361.0,0.0,1.0,3.0,193.0,0.0,0.0,0.0,476.0,0.0,4.0,334.0,206.0,615.0,19.0,23.0,218.0,210.0,70.0,615.0,0.0,0.0,0.0,1.0,0.0,0.0,0.0,0.0,0.0,0.0,0.0,0.0,0.0,0.0,4.0,0.0,1.0,1148.0,0.0,0.0,0.0,0.0,1.0,0.0,0.0,0.0,0.0,0.0,0.0,0.0,0.0,0.0,0.0,0.0,0.0,0.0,0.0,0.0,0.0,0.0,0.0,0.0,0.0,0.0,0.0,0.0,0.0,0.0,0.0,0.0,0.0,0.0,0.0,0.0,0.0,0.0,0.0,0.0,0.0,0.0,91.0,171.0,305.0,192.0,396.0,1191,1090,0.915,132.0,1,2.0,3.0,213408.0,411795.0,625203.0,4736.0,1429,136,201,2895,21.0,566,28368.0,10,9.2,9.2,289815,76041,21576,97938,139708,335263,8720,70.15
서울강남경찰서,2019,1.0,0.0,2669.0,251.0,0.0,105.0,0.0,337.0,0.0,0.0,58.0,0.0,4.0,873.0,1.0,900.0,0.0,39.0,2.0,315.0,1.0,1.0,0.0,1251.0,0.0,34.0,1432.0,605.0,1384.0,16.0,42.0,1035.0,702.0,239.0,1387.0,0.0,0.0,0.0,21.0,0.0,0.0,0.0,0.0,0.0,0.0,0.0,0.0,0.0,0.0,5.0,0.0,0.0,3379.0,0.0,0.0,0.0,0.0,1.0,0.0,0.0,0.0,0.0,0.0,0.0,0.0,0.0,0.0,0.0,0.0,0.0,0.0,0.0,0.0,0.0,0.0,0.0,1.0,0.0,1.0,13.0,0.0,0.0,0.0,0.0,0.0,0.0,0.0,0.0,0.0,0.0,0.0,0.0,0.0,0.0,0.0,187.0,728.0,736.0,850.0,920.0,2004,2024,1.01,456.0,1,23.0,24.0,900260.0,777421.0,1677681.0,3679.0,3095,24,421,5031,636.0,297,47075.0,54,19.5,19.2,321787,21689,13134,39921,65581,140325,8561,67.19999999999999
서울강동경찰서,2019,1.0,0.0,1404.0,92.0,0.0,83.0,0.0,79.0,0.0,0.0,81.0,0.0,0.0,64.0,0.0,143.0,0.0,28.0,0.0,285.0,0.0,0.0,0.0,1217.0,0.0,3.0,888.0,512.0,340.0,42.0,43.0,440.0,509.0,343.0,363.0,0.0,0.0,0.0,8.0,0.0,0.0,0.0,0.0,0.0,0.0,0.0,0.0,0.0,0.0,2.0,0.0,0.0,1728.0,0.0,1.0,0.0,0.0,0.0,0.0,0.0,0.0,0.0,0.0,0.0,0.0,0.0,0.0,0.0,0.0,0.0,0.0,0.0,0.0,0.0,0.0,0.0,0.0,0.0,0.0,0.0,0.0,0.0,0.0,0.0,0.0,0.0,0.0,0.0,0.0,0.0,1.0,0.0,0.0,0.0,0.0,70.0,244.0,407.0,460.0,559.0,1847,1918,1.038,254.0,1,10.0,11.0,166909.0,366450.0,533359.0,2100.0,2619,72,393,7505,2.0,213,45188.0,42,19.5,17.1,415287,24731,10066,39772,53914,128483,9131,71.15
서울강북경찰서,2019,2.0,0.0,1235.0,5.0,0.0,62.0,0.0,34.0,0.0,0.0,149.0,2.0,0.0,139.0,0.0,170.0,0.0,114.0,0.0,148.0,0.0,0.0,0.0,909.0,0.0,5.0,734.0,368.0,385.0,37.0,47.0,394.0,386.0,238.0,385.0,0.0,0.0,0.0,1.0,0.0,0.0,0.0,0.0,0.0,0.0,0.0,0.0,0.0,0.0,2.0,0.0,0.0,1483.0,0.0,0.0,0.0,0.0,0.0,0.0,0.0,0.0,0.0,0.0,0.0,0.0,0.0,0.0,0.0,0.0,0.0,0.0,0.0,0.0,0.0,0.0,0.0,0.0,0.0,0.0,1.0,0.0,0.0,0.0,0.0,0.0,0.0,0.0,0.0,0.0,0.0,0.0,0.0,0.0,0.0,0.0,69.0,212.0,305.0,405.0,496.0,1256,1283,1.021,167.0,1,9.0,10.0,76389.0,141416.0,217805.0,1304.0,2299,41,347,8430,22.0,184,42791.0,25,15.7,13.0,303871,37423,15119,60537,88327,201406,7530,72.75
서울강서경찰서,2019,2.0,0.0,1722.0,312.0,0.0,59.0,0.0,66.0,1.0,0.0,127.0,5.0,1.0,1303.0,1.0,292.0,0.0,10.0,0.0,220.0,1.0,0.0,0.0,444.0,0.0,12.0,991.0,510.0,788.0,41.0,59.0,564.0,529.0,307.0,789.0,0.0,0.0,0.0,9.0,0.0,0.0,0.0,0.0,0.0,0.0,0.0,0.0,0.0,0.0,5.0,0.0,0.0,2263.0,0.0,0.0,0.0,0.0,1.0,0.0,0.0,0.0,0.0,0.0,0.0,0.0,0.0,0.0,0.0,0.0,0.0,0.0,0.0,0.0,0.0,0.0,0.0,0.0,0.0,1.0,8.0,0.0,0.0,0.0,0.0,2.0,0.0,0.0,0.0,0.0,0.0,0.0,0.0,0.0,0.0,0.0,113.0,366.0,475.0,559.0,776.0,2066,2114,1.023,331.0,0,24.0,24.0,251606.0,414691.0,666297.0,2013.0,2377,139,500,8573,822.0,289,79371.0,42,13.9,11.6,574097,41124,22264,81165,130523,275076,13197,69.8
서울관악경찰서,2019,2.0,0.0,1469.0,475.0,0.0,69.0,0.0,10.0,0.0,0.0,29.0,2.0,2.0,298.0,0.0,573.0,0.0,25.0,2.0,206.0,0.0,1.0,0.0,929.0,0.0,16.0,795.0,377.0,882.0,22.0,36.0,501.0,393.0,220.0,882.0,0.0,0.0,0.0,1.0,0.0,0.0,0.0,0.0,0.0,0.0,0.0,0.0,0.0,0.0,1.0,0.0,0.0,2045.0,0.0,0.0,0.0,0.0,0.0,0.0,0.0,0.0,0.0,0.0,0.0,0.0,0.0,0.0,0.0,0.0,1.0,0.0,0.0,0.0,0.0,0.0,0.0,0.0,0.0,0.0,4.0,0.0,0.0,0.0,0.0,1.0,0.0,0.0,1.0,0.0,0.0,0.0,0.0,0.0,0.0,0.0,117.0,342.0,422.0,482.0,691.0,1825,1956,1.072,311.0,3,6.0,9.0,312837.0,341749.0,654586.0,2105.0,4825,78,493,11882,951.0,272,119863.0,39,15.9,13.9,507828,28421,15909,54953,81176,180459,30247,65.5
서울광진경찰서,2019,1.0,0.0,1279.0,156.0,0.0,31.0,0.0,6.0,0.0,0.0,17.0,3.0,1.0,145.0,0.0,355.0,0.0,16.0,2.0,195.0,0.0,0.0,0.0,760.0,0.0,13.0,611.0,259.0,620.0,30.0,34.0,347.0,302.0,155.0,622.0,0.0,0.0,0.0,4.0,0.0,0.0,0.0,0.0,0.0,0.0,0.0,0.0,0.0,0.0,3.0,0.0,0.0,1480.0,0.0,0.0,0.0,0.0,0.0,0.0,0.0,0.0,0.0,0.0,0.0,0.0,0.0,0.0,0.0,0.0,0.0,0.0,0.0,0.0,0.0,0.0,0.0,0.0,0.0,0.0,3.0,0.0,0.0,0.0,0.0,0.0,0.0,0.0,0.0,0.0,0.0,0.0,0.0,0.0,0.0,0.0,85.0,233.0,290.0,379.0,503.0,2518,2334,0.927,195.0,0,8.0,8.0,145574.0,247269.0,392843.0,2015.0,6459,34,380,9132,1495.0,93,58714.0,23,12.8,9.9,359766,23511,9205,34348,43811,110875,23823,68.85
서울구로경찰서,2019,1.0,0.0,1391.0,147.0,0.0,80.0,0.0,55.0,0.0,0.0,18.0,3.0,0.0,323.0,0.0,196.0,0.0,32.0,0.0,193.0,0.0,0.0,0.0,937.0,0.0,8.0,846.0,410.0,436.0,53.0,59.0,479.0,429.0,236.0,436.0,0.0,0.0,0.0,1.0,0.0,0.0,0.0,0.0,0.0,0.0,0.0,0.0,0.0,0.0,0.0,0.0,0.0,1684.0,0.0,0.0,0.0,0.0,0.0,0.0,0.0,0.0,0.0,0.0,0.0,0.0,0.0,1.0,0.0,0.0,0.0,0.0,0.0,0.0,0.0,0.0,0.0,0.0,0.0,0.0,6.0,0.0,0.0,0.0,0.0,0.0,0.0,0.0,0.0,0.0,0.0,0.0,0.0,0.0,0.0,0.0,75.0,207.0,390.0,469.0,551.0,3476,3565,1.026,247.0,0,7.0,7.0,157597.0,254232.0,411829.0,1667.0,3659,45,395,7816,819.0,107,47740.0,26,12.8,11.8,435560,21749,8064,30709,50532,111054,54937,67.69999999999999
서울금천경찰서,2019,1.0,0.0,1084.0,103.0,0.0,32.0,0.0,5.0,0.0,0.0,21.0,0.0,1.0,119.0,0.0,172.0,0.0,23.0,0.0,176.0,1.0,1.0,0.0,744.0,0.0,9.0,629.0,271.0,346.0,19.0,42.0,330.0,334.0,175.0,346.0,0.0,0.0,0.0,3.0,0.0,0.0,0.0,0.0,0.0,0.0,0.0,0.0,0.0,0.0,0.0,0.0,0.0,1240.0,0.0,0.0,0.0,0.0,0.0,0.0,0.0,0.0,0.0,0.0,0.0,0.0,0.0,0.0,0.0,0.0,1.0,0.0,0.0,0.0,0.0,0.0,0.0,0.0,0.0,0.0,2.0,0.0,0.0,0.0,0.0,0.0,0.0,0.0,0.0,0.0,0.0,0.0,0.0,0.0,0.0,0.0,65.0,177.0,254.0,333.0,417.0,2894,3017,1.043,141.0,0,4.0,4.0,178251.0,493516.0,671767.0,4764.0,4226,50,274,6260,567.0,118,37778.0,23,20.4,19.4,249747,21128,8770,35542,52484,117924,32851,66.9
서울남대문경찰서,2019,1.0,0.0,682.0,6.0,0.0,26.0,0.0,0.0,0.0,0.0,6.0,0.0,0.0,82.0,0.0,63.0,0.0,68.0,0.0,43.0,1.0,0.0,0.0,462.0,0.0,2.0,363.0,188.0,170.0,2.0,11.0,214.0,234.0,90.0,170.0,0.0,0.0,0.0,0.0,0.0,0.0,0.0,0.0,0.0,0.0,0.0,0.0,0.0,0.0,3.0,0.0,0.0,716.0,0.0,0.0,0.0,0.0,0.0,0.0,0.0,0.0,0.0,0.0,0.0,0.0,0.0,0.0,0.0,0.0,0.0,0.0,0.0,0.0,0.0,0.0,0.0,0.0,0.0,0.0,2.0,0.0,0.0,0.0,0.0,0.0,0.0,0.0,0.0,0.0,0.0,0.0,0.0,0.0,0.0,0.0,14.0,61.0,150.0,272.0,224.0,1606,1510,0.94,213.0,3,17.0,20.0,5135961.0,68941136.0,74077097.0,347780.0,725,16,186,1137,176.0,88,3492.0,5,8.1,8.8,22853,6833,2472,14862,28268,52435,2300,75.5
서울노원경찰서,2019,5.0,0.0,1670.0,63.0,0.0,99.0,0.0,79.0,0.0,0.0,27.0,1.0,0.0,260.0,0.0,224.0,0.0,104.0,3.0,321.0,0.0,1.0,0.0,1023.0,0.0,6.0,866.0,528.0,549.0,38.0,89.0,450.0,523.0,294.0,549.0,0.0,0.0,0.0,5.0,0.0,0.0,0.0,0.0,0.0,0.0,0.0,0.0,0.0,0.0,6.0,0.0,1.0,1929.0,0.0,0.0,0.0,0.0,0.0,0.0,0.0,0.0,0.0,0.0,0.0,0.0,0.0,0.0,0.0,0.0,0.0,0.0,0.0,0.0,0.0,0.0,0.0,0.0,0.0,0.0,2.0,0.0,0.0,0.0,0.0,0.0,0.0,0.0,0.0,0.0,0.0,0.0,0.0,0.0,0.0,0.0,72.0,282.0,452.0,593.0,544.0,2119,2100,0.991,203.0,0,6.0,6.0,44268.0,141374.0,185642.0,914.0,1998,167,415,4078,61.0,63,53365.0,40,14.6,11.9,522480,51537,28793,96356,140258,316944,8300,71.15
서울도봉경찰서,2019,0.0,0.0,873.0,4.0,0.0,44.0,0.0,8.0,0.0,0.0,39.0,1.0,2.0,212.0,0.0,84.0,0.0,69.0,1.0,179.0,0.0,0.0,0.0,418.0,0.0,2.0,403.0,297.0,268.0,21.0,49.0,179.0,247.0,204.0,268.0,0.0,0.0,0.0,1.0,0.0,0.0,0.0,0.0,0.0,0.0,0.0,0.0,0.0,0.0,2.0,0.0,0.0,963.0,0.0,1.0,0.0,0.0,0.0,0.0,0.0,1.0,0.0,0.0,0.0,0.0,0.0,0.0,0.0,0.0,0.0,0.0,0.0,0.0,0.0,0.0,0.0,0.0,0.0,0.0,0.0,0.0,0.0,0.0,0.0,0.0,0.0,0.0,0.0,0.0,0.0,0.0,0.0,0.0,0.0,0.0,45.0,129.0,193.0,292.0,309.0,1608,1698,1.056,179.0,3,8.0,11.0,424291.0,344157.0,768448.0,4293.0,10,71,273,6337,622.0,68,32653.0,27,15.9,14.0,323543,32365,11052,40627,54373,138417,5027,72.9
서울동대문경찰서,2019,0.0,0.0,1551.0,16.0,0.0,50.0,0.0,39.0,0.0,0.0,83.0,3.0,2.0,521.0,0.0,269.0,0.0,38.0,2.0,163.0,0.0,0.0,0.0,731.0,1.0,9.0,875.0,391.0,473.0,24.0,53.0,395.0,467.0,327.0,473.0,0.0,0.0,0.0,1.0,0.0,0.0,0.0,0.0,0.0,0.0,0.0,0.0,0.0,0.0,4.0,0.0,0.0,1732.0,0.0,0.0,0.0,0.0,0.0,0.0,0.0,0.0,0.0,0.0,0.0,0.0,0.0,0.0,0.0,0.0,1.0,0.0,0.0,0.0,0.0,0.0,0.0,0.0,0.0,0.0,0.0,0.0,0.0,0.0,0.0,0.0,0.0,0.0,0.0,0.0,1.0,0.0,0.0,0.0,0.0,0.0,81.0,200.0,430.0,531.0,497.0,1034,915,0.885,195.0,5,21.0,26.0,233398.0,636944.0,870342.0,4463.0,26,14,429,10730,4.0,150,58152.0,23,13.5,12.2,355094,24605,9344,43252,75416,152617,23645,70.75
서울동작경찰서,2019,3.0,0.0,1501.0,7.0,0.0,60.0,0.0,33.0,0.0,0.0,30.0,3.0,2.0,290.0,0.0,261.0,0.0,88.0,1.0,141.0,0.0,0.0,0.0,843.0,0.0,5.0,785.0,402.0,447.0,33.0,54.0,483.0,373.0,244.0,447.0,0.0,0.0,0.0,0.0,0.0,0.0,0.0,0.0,0.0,0.0,0.0,0.0,1.0,0.0,1.0,0.0,0.0,1626.0,1.0,0.0,0.0,0.0,0.0,0.0,0.0,0.0,0.0,0.0,0.0,0.0,1.0,0.0,0.0,0.0,0.0,0.0,0.0,0.0,0.0,1.0,0.0,0.0,0.0,0.0,3.0,0.0,0.0,0.0,0.0,0.0,0.0,0.0,0.0,0.0,0.0,0.0,0.0,0.0,0.0,0.0,80.0,202.0,392.0,480.0,480.0,1250,1269,1.015,208.0,2,10.0,12.0,86519.0,92724.0,179243.0,862.0,2033,53,353,8848,1007.0,83,60088.0,24,12.0,9.2,400368,19403,9690,34013,54529,117635,20697,66.19999999999999
서울마포경찰서,2019,4.0,0.0,1774.0,301.0,0.0,60.0,0.0,59.0,1.0,0.0,50.0,0.0,0.0,376.0,0.0,606.0,0.0,57.0,2.0,238.0,0.0,1.0,0.0,962.0,1.0,6.0,827.0,383.0,1039.0,21.0,63.0,539.0,383.0,204.0,1039.0,0.0,0.0,0.0,7.0,0.0,0.0,0.0,0.0,0.0,0.0,0.0,0.0,0.0,0.0,6.0,0.0,0.0,2232.0,0.0,0.0,0.0,0.0,0.0,0.0,0.0,0.0,0.0,0.0,0.0,0.0,0.0,0.0,0.0,0.0,0.0,0.0,0.0,0.0,0.0,0.0,0.0,0.0,0.0,0.0,3.0,0.0,0.0,0.0,0.0,1.0,0.0,0.0,0.0,0.0,0.0,0.0,0.0,0.0,0.0,0.0,137.0,504.0,473.0,503.0,632.0,849,924,1.088,246.0,0,13.0,13.0,163683.0,229742.0,393425.0,1599.0,2317,82,458,7628,780.0,121,59248.0,27,14.0,11.8,369327,15671,8696,28149,47341,99857,16416,71.0
서울방배경찰서,2019,0.0,0.0,629.0,115.0,0.0,20.0,0.0,1.0,0.0,0.0,4.0,0.0,0.0,106.0,0.0,184.0,0.0,28.0,0.0,69.0,0.0,1.0,0.0,377.0,0.0,4.0,310.0,165.0,294.0,8.0,19.0,178.0,179.0,91.0,294.0,0.0,0.0,0.0,1.0,0.0,0.0,0.0,0.0,0.0,0.0,0.0,0.0,0.0,0.0,3.0,0.0,0.0,763.0,0.0,0.0,0.0,0.0,0.0,0.0,0.0,0.0,0.0,0.0,0.0,0.0,0.0,0.0,0.0,0.0,0.0,0.0,0.0,0.0,0.0,0.0,0.0,0.0,0.0,0.0,0.0,0.0,0.0,0.0,0.0,2.0,0.0,0.0,0.0,0.0,0.0,0.0,0.0,0.0,0.0,0.0,46.0,124.0,174.0,211.0,214.0,412,384,0.932,242.0,2,42.0,44.0,300794.0,669453.0,970247.0,4009.0,2691,25,141,3231,4.0,24,10829.0,26,11.8,11.6,133979,12915,6232,19512,29423,68082,2832,74.30000000000003
서울서대문경찰서,2019,4.0,0.0,1076.0,75.0,0.0,49.0,0.0,15.0,0.0,0.0,44.0,0.0,1.0,25.0,0.0,142.0,0.0,162.0,2.0,126.0,0.0,0.0,0.0,803.0,0.0,2.0,580.0,354.0,329.0,25.0,45.0,313.0,322.0,229.0,329.0,0.0,0.0,0.0,4.0,0.0,0.0,0.0,0.0,0.0,0.0,0.0,0.0,0.0,0.0,1.0,0.0,0.0,1254.0,0.0,0.0,0.0,0.0,0.0,0.0,0.0,0.0,0.0,0.0,0.0,0.0,0.0,0.0,0.0,0.0,0.0,0.0,0.0,0.0,0.0,0.0,0.0,0.0,0.0,0.0,4.0,0.0,0.0,0.0,0.0,0.0,0.0,0.0,0.0,0.0,0.0,0.0,0.0,0.0,0.0,0.0,67.0,172.0,292.0,358.0,374.0,804,780,0.97,269.0,1,12.0,13.0,109764.0,111196.0,220960.0,821.0,2938,58,322,6938,388.0,75,46449.0,33,21.0,17.3,319394,20887,7284,27027,45810,101008,18179,70.55
서울서부경찰서,2019,3.0,0.0,458.0,1.0,0.0,21.0,0.0,12.0,0.0,1.0,6.0,0.0,2.0,35.0,0.0,51.0,0.0,37.0,0.0,88.0,0.0,0.0,0.0,288.0,0.0,1.0,238.0,150.0,114.0,10.0,14.0,107.0,159.0,98.0,114.0,0.0,0.0,0.0,0.0,0.0,0.0,0.0,0.0,0.0,0.0,0.0,0.0,0.0,0.0,1.0,0.0,0.0,499.0,0.0,0.0,0.0,0.0,0.0,0.0,0.0,0.0,0.0,0.0,0.0,0.0,0.0,0.0,0.0,0.0,0.0,0.0,0.0,0.0,0.0,0.0,0.0,0.0,0.0,0.0,2.0,0.0,0.0,0.0,0.0,0.0,0.0,0.0,0.0,0.0,0.0,0.0,0.0,0.0,0.0,0.0,16.0,82.0,119.0,139.0,146.0,726,736,1.014,196.0,3,20.0,23.0,1901761.0,511008.0,2412769.0,12310.0,1870,46,221,3546,221.0,96,22652.0,38,15.5,12.8,189190,45265,18558,62819,95037,221679,3875,69.15
서울서초경찰서,2019,2.0,0.0,1965.0,178.0,0.0,74.0,0.0,38.0,0.0,0.0,22.0,6.0,4.0,214.0,0.0,266.0,0.0,83.0,1.0,251.0,1.0,1.0,0.0,1435.0,0.0,17.0,1074.0,470.0,735.0,21.0,54.0,689.0,551.0,228.0,736.0,0.0,0.0,0.0,35.0,0.0,0.0,0.0,0.0,0.0,0.0,0.0,0.0,0.0,0.0,4.0,0.0,0.0,2232.0,0.0,0.0,0.0,0.0,1.0,0.0,0.0,0.0,0.0,0.0,0.0,0.0,0.0,0.0,0.0,0.0,0.0,0.0,0.0,0.0,0.0,0.0,0.0,0.0,1.0,0.0,6.0,0.0,0.0,0.0,0.0,0.0,0.0,0.0,0.0,0.0,0.0,0.0,0.0,0.0,0.0,0.0,103.0,276.0,627.0,716.0,557.0,654,622,0.951,242.0,2,42.0,44.0,300794.0,669453.0,970247.0,4009.0,4237,88,339,4405,5.0,115,31823.0,26,11.8,11.6,296847,12915,6232,19512,29423,68082,6224,71.95
서울성동경찰서,2019,1.0,0.0,1392.0,2.0,0.0,39.0,0.0,31.0,0.0,0.0,34.0,1.0,0.0,110.0,0.0,334.0,0.0,57.0,1.0,187.0,0.0,0.0,0.0,805.0,0.0,4.0,618.0,298.0,583.0,19.0,32.0,366.0,324.0,175.0,583.0,0.0,0.0,0.0,30.0,0.0,0.0,0.0,0.0,0.0,0.0,0.0,0.0,0.0,0.0,1.0,0.0,0.0,1467.0,1.0,0.0,0.0,0.0,0.0,0.0,0.0,0.0,0.0,0.0,0.0,0.0,0.0,0.0,0.0,0.0,0.0,0.0,0.0,0.0,0.0,0.0,0.0,0.0,0.0,0.0,0.0,0.0,0.0,0.0,0.0,0.0,0.0,0.0,0.0,0.0,0.0,0.0,0.0,0.0,0.0,0.0,73.0,166.0,385.0,450.0,425.0,839,836,0.996,194.0,2,7.0,9.0,119319.0,604898.0,724217.0,3733.0,3241,54,320,6228,792.0,62,41488.0,16,10.5,10.2,299688,16622,7134,29103,44632,97491,14042,72.95
서울성북경찰서,2019,3.0,0.0,921.0,48.0,0.0,41.0,0.0,1.0,0.0,0.0,12.0,1.0,0.0,108.0,0.0,167.0,1.0,74.0,3.0,148.0,0.0,0.0,0.0,518.0,0.0,6.0,459.0,253.0,314.0,18.0,36.0,265.0,226.0,166.0,315.0,0.0,0.0,0.0,2.0,0.0,0.0,0.0,0.0,0.0,0.0,0.0,0.0,0.0,0.0,1.0,0.0,0.0,1015.0,0.0,0.0,0.0,0.0,0.0,0.0,0.0,0.0,0.0,0.0,0.0,0.0,0.0,0.0,0.0,0.0,0.0,0.0,0.0,0.0,0.0,0.0,0.0,0.0,0.0,0.0,6.0,0.0,0.0,0.0,0.0,2.0,0.0,0.0,0.0,0.0,0.0,0.0,0.0,0.0,0.0,0.0,61.0,145.0,262.0,267.0,291.0,1077,1079,1.002,191.0,0,10.0,10.0,241464.0,222877.0,464341.0,2431.0,2015,29,252,7048,535.0,36,35292.0,30,13.5,11.3,251646,31361,11882,43894,69254,156391,10865,70.65
서울송파경찰서,2019,1.0,0.0,3162.0,127.0,0.0,95.0,0.0,100.0,0.0,0.0,124.0,3.0,3.0,318.0,0.0,537.0,0.0,56.0,1.0,277.0,0.0,1.0,0.0,2400.0,0.0,13.0,1823.0,857.0,929.0,84.0,99.0,1034.0,962.0,501.0,929.0,0.0,0.0,0.0,5.0,0.0,0.0,0.0,0.0,0.0,0.0,0.0,0.0,0.0,0.0,4.0,0.0,0.0,3589.0,0.0,1.0,0.0,0.0,0.0,0.0,0.0,0.0,0.0,0.0,0.0,0.0,0.0,0.0,0.0,0.0,3.0,0.0,0.0,0.0,0.0,0.0,0.0,0.0,0.0,1.0,6.0,0.0,0.0,0.0,0.0,0.0,0.0,0.0,0.0,0.0,0.0,0.0,0.0,0.0,0.0,0.0,202.0,577.0,789.0,927.0,1114.0,1089,1102,1.012,335.0,2,19.0,21.0,330243.0,628586.0,958829.0,2862.0,2096,140,538,8817,64.0,241,68861.0,40,11.7,9.6,648600,32727,14377,45428,58345,150877,14126,73.4
서울수서경찰서,2019,1.0,0.0,1567.0,118.0,0.0,65.0,0.0,86.0,0.0,0.0,10.0,2.0,2.0,219.0,1.0,240.0,0.0,46.0,0.0,126.0,0.0,0.0,0.0,1200.0,0.0,11.0,891.0,459.0,497.0,44.0,66.0,524.0,491.0,224.0,498.0,0.0,0.0,0.0,3.0,0.0,0.0,0.0,0.0,0.0,0.0,0.0,0.0,0.0,0.0,1.0,0.0,0.0,1828.0,0.0,0.0,0.0,1.0,2.0,0.0,0.0,1.0,0.0,0.0,0.0,0.0,0.0,0.0,0.0,0.0,1.0,0.0,0.0,0.0,0.0,0.0,0.0,0.0,0.0,0.0,8.0,0.0,0.0,0.0,1.0,1.0,0.0,0.0,0.0,0.0,0.0,0.0,0.0,0.0,0.0,0.0,59.0,216.0,422.0,544.0,606.0,2022,2015,0.997,456.0,1,23.0,24.0,900260.0,777421.0,1677681.0,3679.0,3124,70,312,3031,738.0,115,20502.0,54,19.5,19.2,223382,21689,13134,39921,65581,140325,3174,71.1
서울양천경찰서,2019,2.0,0.0,1480.0,206.0,0.0,85.0,0.0,24.0,0.0,0.0,28.0,4.0,0.0,362.0,0.0,168.0,0.0,21.0,2.0,204.0,0.0,0.0,0.0,1056.0,0.0,8.0,895.0,485.0,445.0,57.0,66.0,475.0,503.0,279.0,445.0,0.0,0.0,0.0,2.0,0.0,0.0,0.0,0.0,0.0,0.0,0.0,0.0,0.0,0.0,4.0,0.0,0.0,1817.0,0.0,0.0,0.0,0.0,0.0,0.0,0.0,0.0,0.0,0.0,0.0,0.0,0.0,0.0,0.0,0.0,0.0,0.0,0.0,0.0,0.0,0.0,0.0,0.0,0.0,0.0,1.0,0.0,0.0,0.0,0.0,1.0,0.0,0.0,0.0,0.0,0.0,0.0,0.0,0.0,0.0,0.0,88.0,225.0,476.0,502.0,534.0,1769,1918,1.084,163.0,2,7.0,9.0,107052.0,358668.0,465720.0,2857.0,2921,95,376,7113,677.0,72,36345.0,32,13.8,13.4,440354,33580,12197,43041,64917,153735,9138,71.94999999999997
서울영등포경찰서,2019,8.0,0.0,2680.0,100.0,0.0,86.0,0.0,6.0,0.0,0.0,14.0,5.0,3.0,424.0,0.0,505.0,0.0,55.0,2.0,194.0,0.0,0.0,0.0,1696.0,0.0,10.0,1528.0,708.0,658.0,38.0,87.0,894.0,812.0,405.0,658.0,0.0,0.0,0.0,2.0,0.0,0.0,0.0,0.0,0.0,0.0,0.0,0.0,0.0,0.0,0.0,0.0,0.0,2886.0,1.0,0.0,0.0,0.0,1.0,0.0,0.0,0.0,0.0,0.0,0.0,0.0,0.0,0.0,0.0,0.0,0.0,0.0,0.0,0.0,0.0,0.0,0.0,0.0,0.0,0.0,4.0,0.0,0.0,0.0,0.0,0.0,0.0,0.0,0.0,0.0,0.0,0.0,0.0,0.0,0.0,0.0,147.0,388.0,569.0,779.0,1011.0,709,637,0.898,265.0,1,48.0,49.0,344748.0,2755206.0,3099954.0,11698.0,3775,44,513,7951,958.0,342,58214.0,21,11.6,10.3,394083,12911,5546,30674,51952,101083,55524,70.25
서울용산경찰서,2019,1.0,0.0,1347.0,104.0,0.0,63.0,0.0,55.0,0.0,0.0,38.0,1.0,3.0,308.0,0.0,231.0,0.0,38.0,1.0,197.0,0.0,0.0,0.0,814.0,0.0,15.0,791.0,319.0,498.0,14.0,28.0,482.0,400.0,186.0,498.0,0.0,0.0,0.0,24.0,0.0,0.0,0.0,0.0,0.0,0.0,0.0,0.0,1.0,0.0,3.0,0.0,0.0,1566.0,2.0,0.0,0.0,0.0,0.0,0.0,0.0,0.0,0.0,0.0,0.0,0.0,0.0,0.0,0.0,0.0,1.0,0.0,0.0,0.0,0.0,0.0,0.0,0.0,0.0,0.0,11.0,0.0,0.0,0.0,0.0,0.0,0.0,0.0,0.0,0.0,0.0,0.0,0.0,0.0,0.0,0.0,80.0,304.0,329.0,475.0,420.0,871,862,0.99,238.0,0,5.0,5.0,100283.0,167582.0,267865.0,1125.0,2051,45,343,9980,1024.0,122,35148.0,13,11.5,11.1,227181,11199,4119,24104,39212,78634,22332,71.75
서울은평경찰서,2019,0.0,0.0,643.0,13.0,0.0,44.0,1.0,137.0,0.0,0.0,11.0,0.0,0.0,149.0,0.0,113.0,0.0,89.0,0.0,83.0,0.0,0.0,0.0,412.0,0.0,3.0,381.0,236.0,232.0,19.0,26.0,180.0,223.0,169.0,232.0,0.0,0.0,0.0,0.0,0.0,0.0,0.0,0.0,0.0,0.0,0.0,0.0,0.0,0.0,0.0,0.0,0.0,848.0,0.0,0.0,0.0,0.0,0.0,0.0,0.0,0.0,0.0,0.0,0.0,0.0,0.0,0.0,0.0,0.0,0.0,0.0,0.0,0.0,0.0,0.0,0.0,0.0,0.0,0.0,0.0,0.0,0.0,0.0,0.0,1.0,0.0,0.0,0.0,0.0,0.0,0.0,0.0,0.0,0.0,0.0,48.0,135.0,171.0,237.0,258.0,732,776,1.06,196.0,3,20.0,23.0,1901761.0,511008.0,2412769.0,12310.0,1796,54,203,4502,276.0,117,32420.0,38,15.5,12.8,290842,45265,18558,62819,95037,221679,5626,68.95
서울종로경찰서,2019,1.0,0.0,621.0,3.0,0.0,32.0,0.0,58.0,0.0,0.0,11.0,0.0,2.0,83.0,0.0,130.0,0.0,62.0,0.0,88.0,0.0,0.0,0.0,361.0,0.0,0.0,341.0,183.0,202.0,5.0,13.0,205.0,200.0,101.0,202.0,0.0,0.0,0.0,0.0,0.0,0.0,0.0,0.0,0.0,0.0,0.0,0.0,0.0,0.0,0.0,0.0,0.0,718.0,0.0,0.0,0.0,0.0,0.0,0.0,0.0,0.0,0.0,0.0,4.0,0.0,0.0,0.0,0.0,0.0,0.0,0.0,0.0,1.0,0.0,0.0,0.0,0.0,0.0,0.0,3.0,0.0,0.0,0.0,0.0,0.0,0.0,0.0,0.0,0.0,0.0,0.0,0.0,0.0,0.0,0.0,34.0,71.0,168.0,214.0,239.0,860,855,0.9940000000000001,232.0,4,16.0,20.0,403054.0,398040.0,801094.0,3453.0,805,29,285,5259,68.0,150,34961.0,9,12.0,11.4,75958,5756,2573,14071,25508,47908,3554,71.2
서울종암경찰서,2019,1.0,0.0,913.0,14.0,0.0,47.0,0.0,65.0,0.0,0.0,37.0,1.0,0.0,65.0,0.0,293.0,0.0,121.0,1.0,94.0,0.0,0.0,0.0,502.0,0.0,0.0,420.0,229.0,428.0,20.0,24.0,223.0,242.0,139.0,429.0,0.0,0.0,0.0,3.0,0.0,0.0,0.0,0.0,0.0,0.0,0.0,0.0,0.0,0.0,2.0,0.0,0.0,1071.0,0.0,0.0,0.0,0.0,0.0,0.0,0.0,0.0,0.0,0.0,0.0,0.0,0.0,0.0,0.0,0.0,0.0,0.0,0.0,0.0,0.0,0.0,0.0,0.0,0.0,0.0,1.0,0.0,0.0,0.0,0.0,0.0,0.0,0.0,0.0,0.0,0.0,0.0,0.0,0.0,0.0,0.0,124.0,194.0,207.0,257.0,295.0,853,868,1.018,191.0,0,10.0,10.0,241464.0,222877.0,464341.0,2431.0,1855,22,176,5751,499.0,21,24317.0,30,13.5,11.3,191004,31361,11882,43894,69254,156391,7111,71.25
서울중랑경찰서,2019,1.0,0.0,1543.0,74.0,0.0,62.0,0.0,66.0,0.0,0.0,23.0,5.0,2.0,384.0,0.0,99.0,0.0,34.0,0.0,185.0,0.0,0.0,0.0,1053.0,0.0,7.0,874.0,476.0,419.0,38.0,68.0,424.0,525.0,295.0,419.0,0.0,0.0,0.0,4.0,0.0,0.0,0.0,0.0,0.0,0.0,0.0,0.0,0.0,0.0,1.0,0.0,0.0,1755.0,0.0,0.0,0.0,0.0,0.0,0.0,1.0,0.0,0.0,0.0,0.0,1.0,0.0,0.0,0.0,0.0,1.0,0.0,0.0,0.0,0.0,0.0,0.0,0.0,0.0,0.0,5.0,0.0,0.0,0.0,0.0,0.0,0.0,0.0,0.0,0.0,1.0,0.0,0.0,0.0,0.0,0.0,76.0,249.0,391.0,503.0,550.0,714,744,1.042,210.0,1,9.0,10.0,95365.0,227285.0,322650.0,1536.0,4469,54,406,8132,1778.0,115,52196.0,35,17.6,15.4,386331,46485,15246,64943,92574,219248,9785,67.35
서울중부경찰서,2019,0.0,0.0,605.0,27.0,0.0,34.0,0.0,5.0,0.0,0.0,61.0,0.0,0.0,146.0,0.0,119.0,0.0,52.0,0.0,48.0,0.0,0.0,0.0,364.0,0.0,3.0,351.0,151.0,230.0,4.0,14.0,187.0,191.0,106.0,230.0,0.0,0.0,0.0,0.0,0.0,0.0,0.0,0.0,0.0,0.0,0.0,0.0,0.0,0.0,0.0,0.0,0.0,730.0,0.0,0.0,0.0,0.0,0.0,0.0,0.0,0.0,0.0,0.0,0.0,0.0,0.0,0.0,0.0,0.0,0.0,0.0,0.0,0.0,0.0,0.0,0.0,0.0,0.0,0.0,2.0,0.0,0.0,0.0,0.0,0.0,0.0,0.0,0.0,0.0,0.0,0.0,0.0,0.0,0.0,0.0,32.0,108.0,166.0,227.0,199.0,843,742,0.88,213.0,3,17.0,20.0,5135961.0,68941136.0,74077097.0,347780.0,1563,14,236,4933,339.0,206,18597.0,5,8.1,8.8,103318,6833,2472,14862,28268,52435,11496,67.94999999999999
서울혜화경찰서,2019,1.0,0.0,660.0,1.0,0.0,27.0,0.0,5.0,0.0,0.0,20.0,0.0,0.0,81.0,0.0,151.0,0.0,29.0,0.0,51.0,0.0,0.0,0.0,347.0,0.0,55.0,307.0,124.0,283.0,2.0,8.0,159.0,156.0,106.0,283.0,0.0,0.0,0.0,0.0,0.0,0.0,0.0,0.0,0.0,0.0,0.0,0.0,0.0,0.0,0.0,0.0,0.0,714.0,0.0,0.0,0.0,0.0,0.0,0.0,0.0,0.0,0.0,0.0,0.0,0.0,0.0,0.0,0.0,0.0,0.0,0.0,0.0,0.0,0.0,0.0,0.0,0.0,0.0,0.0,0.0,0.0,0.0,0.0,0.0,0.0,0.0,0.0,0.0,0.0,0.0,0.0,0.0,0.0,0.0,0.0,18.0,72.0,173.0,241.0,210.0,1347,1432,1.063,232.0,4,16.0,20.0,403054.0,398040.0,801094.0,3453.0,784,13,213,4256,42.0,143,41063.0,9,12.0,11.4,75332,5756,2573,14071,25508,47908,10641,68.6
충남세종경찰서,2019,2.0,0.0,913.0,201.0,0.0,73.0,3.0,24.0,0.0,0.0,18.0,2.0,2.0,77.0,0.0,162.0,0.0,7.0,5.0,457.0,0.0,0.0,0.0,514.0,0.0,8.0,441.0,299.0,494.0,39.0,38.0,219.0,314.0,130.0,494.0,0.0,0.0,0.0,4.0,0.0,0.0,0.0,0.0,0.0,0.0,0.0,0.0,0.0,0.0,2.0,0.0,1.0,1218.0,1.0,0.0,0.0,0.0,0.0,0.0,0.0,0.0,0.0,0.0,0.0,0.0,0.0,0.0,0.0,0.0,0.0,0.0,0.0,0.0,0.0,0.0,0.0,0.0,0.0,0.0,8.0,0.0,0.0,0.0,0.0,0.0,0.0,0.0,0.0,0.0,0.0,0.0,0.0,0.0,0.0,0.0,44.0,170.0,265.0,319.0,436.0,1234,1416,1.147,191.0,0,8.0,8.0,995712.0,1699780.0,2695492.0,14113.0,2527,88,178,10410,39.0,66,39078.0,30,18.4,18.2,338136,16060,4101,15794,22678,58633,9814,69.94999999999999
